Area,Label,2011-12,2012-13,2013-14,2014-15,2015-16
E92000001,England,,,,,
E12000009,South West,,,,,
E01015023,Plymouth 003A,,,,,
E01015024,Plymouth 004A,,,,,
E01015025,Plymouth 001A,,,,,
E01015026,Plymouth 003B,,,,,
E01015027,Plymouth 002A,,,,,
E01015028,Plymouth 003C,,,,,
E01015029,Plymouth 008A,,,,,
E01015030,Plymouth 007A,,,,,
E01015031,Plymouth 023A,,,,,
E01015032,Plymouth 023B,,,,,
E01015033,Plymouth 016A,,,,,
E01015034,Plymouth 016B,,,,,
E01015035,Plymouth 012A,,,,,
E01015036,Plymouth 016C,,,,,
E01015037,Plymouth 012B,,,,,
E01015038,Plymouth 016D,,,,,
E01015039,Plymouth 014A,,,,,
E01015040,Plymouth 014B,,,,,
E01015041,Plymouth 014C,,,,,
E01015042,Plymouth 020A,,,,,
E01015043,Plymouth 026A,,,,,
E01015044,Plymouth 020B,,,,,
E01015045,Plymouth 026B,,,,,
E01015046,Plymouth 026C,,,,,
E01015047,Plymouth 026D,,,,,
E01015048,Plymouth 026E,,,,,
E01015049,Plymouth 023C,,,,,
E01015050,Plymouth 023D,,,,,
E01015051,Plymouth 023E,,,,,
E01015052,Plymouth 028A,,,,,
E01015053,Plymouth 027A,,,,,
E01015054,Plymouth 027B,,,,,
E01015055,Plymouth 021A,,,,,
E01015056,Plymouth 021B,,,,,
E01015057,Plymouth 021C,,,,,
E01015058,Plymouth 012C,,,,,
E01015059,Plymouth 021D,,,,,
E01015060,Plymouth 021E,,,,,
E01015061,Plymouth 025A,,,,,
E01015062,Plymouth 025B,,,,,
E01015063,Plymouth 010A,,,,,
E01015064,Plymouth 008B,,,,,
E01015065,Plymouth 008C,,,,,
E01015066,Plymouth 012D,,,,,
E01015067,Plymouth 012E,,,,,
E01015068,Plymouth 010B,,,,,
E01015069,Plymouth 010C,,,,,
E01015070,Plymouth 007B,,,,,
E01015071,Plymouth 008D,,,,,
E01015072,Plymouth 013A,,,,,
E01015073,Plymouth 013B,,,,,
E01015074,Plymouth 011A,,,,,
E01015075,Plymouth 014D,,,,,
E01015076,Plymouth 009A,,,,,
E01015077,Plymouth 011B,,,,,
E01015078,Plymouth 013C,,,,,
E01015079,Plymouth 011C,,,,,
E01015080,Plymouth 013D,,,,,
E01015081,Plymouth 007C,,,,,
E01015082,Plymouth 004B,,,,,
E01015083,Plymouth 004C,,,,,
E01015084,Plymouth 004D,,,,,
E01015085,Plymouth 006A,,,,,
E01015086,Plymouth 007D,,,,,
E01015087,Plymouth 006B,,,,,
E01015088,Plymouth 006C,,,,,
E01015089,Plymouth 007E,,,,,
E01015090,Plymouth 005A,,,,,
E01015091,Plymouth 005B,,,,,
E01015092,Plymouth 005C,,,,,
E01015093,Plymouth 005D,,,,,
E01015094,Plymouth 005E,,,,,
E01015095,Plymouth 010D,,,,,
E01015096,Plymouth 010E,,,,,
E01015097,Plymouth 001B,,,,,
E01015098,Plymouth 017A,,,,,
E01015099,Plymouth 017B,,,,,
E01015100,Plymouth 017C,,,,,
E01015101,Plymouth 016E,,,,,
E01015102,Plymouth 011D,,,,,
E01015103,Plymouth 017D,,,,,
E01015104,Plymouth 011E,,,,,
E01015105,Plymouth 017E,,,,,
E01015106,Plymouth 013E,,,,,
E01015107,Plymouth 018A,,,,,
E01015108,Plymouth 022A,,,,,
E01015109,Plymouth 022B,,,,,
E01015110,Plymouth 018B,,,,,
E01015111,Plymouth 018C,,,,,
E01015112,Plymouth 019A,,,,,
E01015113,Plymouth 019B,,,,,
E01015114,Plymouth 019C,,,,,
E01015115,Plymouth 022C,,,,,
E01015116,Plymouth 022D,,,,,
E01015117,Plymouth 022E,,,,,
E01015118,Plymouth 019D,,,,,
E01015119,Plymouth 018D,,,,,
E01015120,Plymouth 015A,,,,,
E01015121,Plymouth 015B,,,,,
E01015122,Plymouth 019E,,,,,
E01015123,Plymouth 015C,,,,,
E01015124,Plymouth 015D,,,,,
E01015125,Plymouth 015E,,,,,
E01015126,Plymouth 030A,,,,,
E01015127,Plymouth 030B,,,,,
E01015128,Plymouth 032A,,,,,
E01015129,Plymouth 032B,,,,,
E01015130,Plymouth 032C,,,,,
E01015131,Plymouth 030C,,,,,
E01015132,Plymouth 030D,,,,,
E01015133,Plymouth 030E,,,,,
E01015134,Plymouth 032D,,,,,
E01015135,Plymouth 031A,,,,,
E01015136,Plymouth 031B,,,,,
E01015137,Plymouth 031C,,,,,
E01015138,Plymouth 031D,,,,,
E01015139,Plymouth 031E,,,,,
E01015140,Plymouth 032E,,,,,
E01015141,Plymouth 031F,,,,,
E01015142,Plymouth 009B,,,,,
E01015143,Plymouth 009C,,,,,
E01015144,Plymouth 009D,,,,,
E01015145,Plymouth 014E,,,,,
E01015146,Plymouth 009E,,,,,
E01015147,Plymouth 006D,,,,,
E01015148,Plymouth 006E,,,,,
E01015149,Plymouth 009F,,,,,
E01015150,Plymouth 009G,,,,,
E01015151,Plymouth 029A,,,,,
E01015152,Plymouth 027C,,,,,
E01015153,Plymouth 029B,,,,,
E01015155,Plymouth 029C,,,,,
E01015156,Plymouth 027E,,,,,
E01015157,Plymouth 029D,,,,,
E01015158,Plymouth 029E,,,,,
E01015159,Plymouth 002B,,,,,
E01015160,Plymouth 001C,,,,,
E01015161,Plymouth 002C,,,,,
E01015162,Plymouth 002D,,,,,
E01015163,Plymouth 003D,,,,,
E01015164,Plymouth 001D,,,,,
E01015165,Plymouth 003E,,,,,
E01015166,Plymouth 002E,,,,,
E01015167,Plymouth 020C,,,,,
E01015168,Plymouth 020D,,,,,
E01015169,Plymouth 024A,,,,,
E01015170,Plymouth 024B,,,,,
E01015171,Plymouth 020E,,,,,
E01015172,Plymouth 029F,,,,,
E01015173,Plymouth 024C,,,,,
E01015174,Plymouth 024D,,,,,
E01015175,Plymouth 025C,,,,,
E01015176,Plymouth 021F,,,,,
E01015177,Plymouth 025D,,,,,
E01015178,Plymouth 025E,,,,,
E01015179,Plymouth 028B,,,,,
E01015180,Plymouth 028C,,,,,
E01015181,Plymouth 028D,,,,,
E01015182,Plymouth 028E,,,,,
E01015183,Torbay 017A,,,,,
E01015184,Torbay 017B,,,,,
E01015185,Torbay 017C,,,,,
E01015186,Torbay 017D,,,,,
E01015187,Torbay 017E,,,,,
E01015188,Torbay 017F,,,,,
E01015189,Torbay 017G,,,,,
E01015190,Torbay 013A,,,,,
E01015191,Torbay 013B,,,,,
E01015192,Torbay 013C,,,,,
E01015193,Torbay 013D,,,,,
E01015194,Torbay 013E,,,,,
E01015195,Torbay 013F,,,,,
E01015196,Torbay 013G,,,,,
E01015197,Torbay 016A,,,,,
E01015198,Torbay 016B,,,,,
E01015199,Torbay 016C,,,,,
E01015200,Torbay 016D,,,,,
E01015201,Torbay 016E,,,,,
E01015202,Torbay 012A,,,,,
E01015203,Torbay 012B,,,,,
E01015204,Torbay 012C,,,,,
E01015205,Torbay 012D,,,,,
E01015206,Torbay 012E,,,,,
E01015207,Torbay 009A,,,,,
E01015208,Torbay 019F,,,,,
E01015209,Torbay 019A,,,,,
E01015210,Torbay 007B,,,,,
E01015211,Torbay 009C,,,,,
E01015212,Torbay 007C,,,,,
E01015213,Torbay 007D,,,,,
E01015214,Torbay 006A,,,,,
E01015215,Torbay 006B,,,,,
E01015216,Torbay 006C,,,,,
E01015217,Torbay 008A,,,,,
E01015218,Torbay 006D,,,,,
E01015219,Torbay 015A,,,,,
E01015220,Torbay 015B,,,,,
E01015221,Torbay 015C,,,,,
E01015222,Torbay 015D,,,,,
E01015223,Torbay 015E,,,,,
E01015224,Torbay 011A,,,,,
E01015225,Torbay 011B,,,,,
E01015226,Torbay 011C,,,,,
E01015227,Torbay 011D,,,,,
E01015228,Torbay 011E,,,,,
E01015229,Torbay 014A,,,,,
E01015230,Torbay 011F,,,,,
E01015231,Torbay 014B,,,,,
E01015232,Torbay 014C,,,,,
E01015233,Torbay 014D,,,,,
E01015234,Torbay 014E,,,,,
E01015235,Torbay 014F,,,,,
E01015236,Torbay 002A,,,,,
E01015237,Torbay 002B,,,,,
E01015238,Torbay 002C,,,,,
E01015239,Torbay 002D,,,,,
E01015240,Torbay 005A,,,,,
E01015241,Torbay 005B,,,,,
E01015242,Torbay 005C,,,,,
E01015243,Torbay 005D,,,,,
E01015244,Torbay 018A,,,,,
E01015245,Torbay 018B,,,,,
E01015246,Torbay 018C,,,,,
E01015247,Torbay 018D,,,,,
E01015248,Torbay 018E,,,,,
E01015249,Torbay 003A,,,,,
E01015250,Torbay 003B,,,,,
E01015251,Torbay 003C,,,,,
E01015252,Torbay 003D,,,,,
E01015253,Torbay 003E,,,,,
E01015254,Torbay 003F,,,,,
E01015255,Torbay 008B,,,,,
E01015256,Torbay 008C,,,,,
E01015257,Torbay 004A,,,,,
E01015258,Torbay 004B,,,,,
E01015259,Torbay 004C,,,,,
E01015260,Torbay 004D,,,,,
E01015261,Torbay 008D,,,,,
E01015262,Torbay 001A,,,,,
E01015263,Torbay 001B,,,,,
E01015264,Torbay 001C,,,,,
E01015265,Torbay 001D,,,,,
E01015266,Torbay 001E,,,,,
E01015267,Torbay 010A,,,,,
E01015268,Torbay 010B,,,,,
E01015269,Torbay 010C,,,,,
E01015270,Torbay 010D,,,,,
E01015271,Torbay 010E,,,,,
E01019886,East Devon 005A,#,0,#,#,#
E01019887,East Devon 005B,#,0,0,0,#
E01019888,East Devon 005C,#,#,0.162455922,#,#
E01019889,East Devon 005D,0,0,0,0,0
E01019890,East Devon 009A,#,#,#,0,#
E01019891,East Devon 006A,#,#,#,#,#
E01019892,East Devon 006B,#,#,#,#,#
E01019893,East Devon 006C,0,#,0,#,#
E01019894,East Devon 017A,0,0,0,0,0
E01019895,East Devon 017B,0,#,#,0,#
E01019896,East Devon 017C,#,#,#,#,0
E01019897,East Devon 017D,#,#,#,#,#
E01019898,East Devon 014A,#,0,0.139246846,#,#
E01019899,East Devon 007A,#,0,0,0,0
E01019900,East Devon 007B,#,#,#,#,#
E01019901,East Devon 009B,0,0,#,0,0
E01019902,East Devon 001A,0,0,0,0,0
E01019903,East Devon 006D,0,0,0,0,#
E01019904,East Devon 015A,#,#,#,#,0.212509539
E01019905,East Devon 015B,#,#,#,#,#
E01019906,East Devon 015C,#,#,#,#,#
E01019907,East Devon 015D,#,#,#,0,#
E01019908,East Devon 016A,#,#,#,#,#
E01019909,East Devon 016B,0,0,0,0,0
E01019910,East Devon 016C,#,0.139246846,#,0,0
E01019911,East Devon 016D,#,#,#,#,#
E01019912,East Devon 020A,0,0,#,#,0.311660948
E01019913,East Devon 020B,0,#,#,0,#
E01019914,East Devon 020C,0.212509539,0.08122574,0,#,0.218145974
E01019915,East Devon 020D,#,0.274120636,0.256741428,#,#
E01019916,East Devon 019A,#,#,0,#,#
E01019917,East Devon 019B,#,#,#,#,#
E01019918,East Devon 019C,0.25437292,0,0,#,0
E01019919,East Devon 019D,#,#,0,#,#
E01019920,East Devon 018A,0.246036046,0,0,#,0.216771913
E01019921,East Devon 018B,#,#,#,#,#
E01019922,East Devon 018C,0,0,#,0,#
E01019923,East Devon 018D,#,#,#,#,#
E01019924,East Devon 018E,#,#,#,#,#
E01019925,East Devon 004A,0,#,#,#,#
E01019927,East Devon 002A,#,0,0,#,#
E01019928,East Devon 003A,#,#,0,0,0
E01019929,East Devon 003B,#,#,#,#,0
E01019930,East Devon 003C,#,#,#,#,#
E01019931,East Devon 003D,0,0,0,0,0
E01019932,East Devon 002B,0.163428531,0.046414164,0,0.13848552,0
E01019933,East Devon 002C,0.180388157,0,0.088610119,0.139246846,0
E01019934,East Devon 002D,0.194077249,0.08122574,0.069621791,0,0
E01019935,East Devon 007C,#,0,0,#,#
E01019936,East Devon 007D,#,0,0,0,#
E01019937,East Devon 013A,#,#,0,#,#
E01019938,East Devon 001B,#,#,0.162455922,#,#
E01019939,East Devon 008A,0,#,#,#,#
E01019940,East Devon 008B,#,#,#,0,0
E01019942,East Devon 008C,0.180388157,0.134639482,0,0,0.180828565
E01019943,East Devon 008D,#,#,#,#,#
E01019944,East Devon 008E,0,0,0,#,0
E01019945,East Devon 013B,#,#,#,#,#
E01019946,East Devon 010A,0,0,#,0,#
E01019947,East Devon 010B,#,#,#,#,#
E01019948,East Devon 010C,#,#,#,#,#
E01019949,East Devon 010D,0,#,0,#,#
E01019950,East Devon 010E,0,#,0,0,0
E01019951,East Devon 009C,#,#,#,#,#
E01019952,East Devon 011A,#,#,#,#,#
E01019953,East Devon 011B,#,#,#,#,#
E01019954,East Devon 011C,#,#,#,#,#
E01019955,East Devon 011D,#,#,#,#,#
E01019956,East Devon 012A,#,#,#,#,#
E01019957,East Devon 012B,#,#,0,0,0
E01019958,East Devon 012C,#,#,#,#,#
E01019959,East Devon 004D,#,0,#,0,#
E01019960,East Devon 004E,#,#,#,#,#
E01019961,East Devon 007E,0,#,0,0,0
E01019962,East Devon 004F,#,#,#,#,#
E01019963,East Devon 013C,0,0,0,0,0
E01019964,East Devon 014B,#,#,#,0,0
E01019965,East Devon 014C,#,#,#,#,#
E01019966,East Devon 005E,0,0,0,0,0
E01019967,East Devon 001C,#,#,#,#,#
E01019968,Exeter 014A,0,#,#,#,#
E01019969,Exeter 014B,#,#,#,#,#
E01019970,Exeter 014C,0,#,#,#,#
E01019971,Exeter 014D,#,#,#,#,#
E01019972,Exeter 014E,#,0.162455922,#,#,0
E01019973,Exeter 012A,#,#,#,#,#
E01019974,Exeter 012B,#,#,#,#,#
E01019975,Exeter 010A,#,#,#,#,#
E01019976,Exeter 012C,0,#,#,#,#
E01019977,Exeter 012D,0,#,0,0,#
E01019980,Exeter 005A,#,0,0,#,0.121840276
E01019981,Exeter 012E,#,#,#,#,#
E01019982,Exeter 005B,#,#,#,#,#
E01019983,Exeter 005C,0,#,#,#,#
E01019984,Exeter 005D,#,#,#,0,0
E01019985,Exeter 005E,0,#,#,#,0
E01019986,Exeter 007A,#,#,#,#,#
E01019987,Exeter 006A,0,#,0,0,0
E01019988,Exeter 013A,0,#,0,0,#
E01019989,Exeter 006B,#,#,#,#,#
E01019990,Exeter 002A,#,#,#,#,#
E01019991,Exeter 002B,#,#,#,0,#
E01019992,Exeter 003A,0,#,#,#,#
E01019993,Exeter 002C,0,0,0,0,0
E01019994,Exeter 008A,0.289055362,0,0,0,0.24902172
E01019995,Exeter 008B,#,0.218145974,0,#,#
E01019996,Exeter 009A,0,#,#,0,0
E01019997,Exeter 004A,0,0,0,0,0
E01019998,Exeter 001C,0,#,#,#,#
E01019999,Exeter 001D,0,0,0,0,#
E01020000,Exeter 002D,#,#,#,#,#
E01020001,Exeter 001E,#,0,#,0,#
E01020002,Exeter 003B,#,#,#,#,#
E01020003,Exeter 003C,#,#,0.162455922,#,0.162455922
E01020004,Exeter 003D,0.097471421,0.097471421,0.145804141,#,0.134639482
E01020005,Exeter 003E,0.177337962,0.057335355,0.057335355,0.158986984,0.125062627
E01020006,Exeter 006C,#,#,#,#,#
E01020007,Exeter 002E,#,#,#,#,#
E01020008,Exeter 006D,#,0,0.162455922,0,0
E01020009,Exeter 006E,#,0.24902172,0.162455922,#,#
E01020010,Exeter 013B,0,0.139246846,0,#,0.162455922
E01020011,Exeter 015A,#,#,#,#,#
E01020012,Exeter 015B,#,0,#,#,#
E01020013,Exeter 013C,#,#,#,0,#
E01020014,Exeter 013D,#,0,0.24902172,#,#
E01020015,Exeter 013E,#,0.162455922,0.24902172,0,#
E01020016,Exeter 008C,0,#,#,0,#
E01020017,Exeter 008D,#,#,#,0,#
E01020018,Exeter 008E,#,0.24902172,0,#,#
E01020019,Exeter 004B,#,#,#,#,0
E01020020,Exeter 004C,#,#,#,0,0
E01020021,Exeter 004D,0.278447742,0.258478702,0.174789274,#,#
E01020022,Exeter 004E,#,0,0,0,#
E01020023,Exeter 009B,#,#,0,0,0
E01020024,Exeter 009C,0,#,#,#,#
E01020025,Exeter 009D,0,0,#,0,#
E01020026,Exeter 011A,#,#,#,#,#
E01020027,Exeter 011B,#,#,#,0,0.265014437
E01020029,Exeter 010B,0.265014437,0.195139355,0,#,0
E01020030,Exeter 010C,#,#,#,#,#
E01020031,Exeter 010D,0,#,#,0,#
E01020032,Exeter 010E,#,#,#,#,0.218145974
E01020033,Exeter 015C,0,#,#,#,#
E01020035,Exeter 011D,#,#,#,#,#
E01020036,Exeter 007B,#,#,#,#,#
E01020037,Exeter 007C,#,#,#,#,#
E01020038,Exeter 011E,0,#,0.162455922,#,#
E01020039,Exeter 007D,#,0,0,#,0
E01020040,Exeter 007E,#,#,#,#,#
E01020041,Mid Devon 011A,#,#,#,0.306663648,#
E01020042,Mid Devon 011B,#,#,#,#,#
E01020043,Mid Devon 008A,#,#,#,#,#
E01020044,Mid Devon 008B,0,#,0,0,0
E01020045,Mid Devon 006A,#,#,#,0.24902172,0.139246846
E01020046,Mid Devon 001A,0,0,0,#,0.24902172
E01020047,Mid Devon 002A,#,0.194077249,0.218145974,0.218145974,0.121840276
E01020048,Mid Devon 005A,0.124405398,0,0,0,0.060918888
E01020049,Mid Devon 001B,#,#,#,#,0
E01020050,Mid Devon 001C,0.234087242,0.25437292,0.24902172,#,0
E01020051,Mid Devon 002B,0,0,0,0,#
E01020052,Mid Devon 004A,0.195139355,0.125062627,0.088610119,0,0
E01020053,Mid Devon 004B,#,#,#,#,#
E01020054,Mid Devon 007A,#,#,#,#,#
E01020055,Mid Devon 007B,0.312913972,0.258478702,0.24902172,#,#
E01020056,Mid Devon 008C,#,#,#,#,#
E01020057,Mid Devon 007C,0.24902172,0,0,#,0.162455922
E01020058,Mid Devon 007D,#,#,0,#,#
E01020059,Mid Devon 006B,#,0,0,#,#
E01020060,Mid Devon 011C,0.233260489,0.088610119,0,#,0
E01020061,Mid Devon 011D,0.287116056,0.239965859,0.134639482,0.088610119,0.180388157
E01020062,Mid Devon 006C,#,#,0,#,#
E01020063,Mid Devon 003A,#,#,#,0.278447742,0.233260489
E01020064,Mid Devon 006D,#,#,#,#,#
E01020065,Mid Devon 004C,#,#,#,#,#
E01020066,Mid Devon 002C,#,0,#,0.24902172,0.194077249
E01020067,Mid Devon 004D,0.108301974,0,0.108301974,0,0
E01020068,Mid Devon 010A,#,#,#,#,#
E01020069,Mid Devon 010B,#,#,0,#,#
E01020070,Mid Devon 010C,#,#,#,#,#
E01020071,Mid Devon 008D,0,0,0,0,0
E01020072,Mid Devon 009A,#,#,#,#,#
E01020073,Mid Devon 009B,0,#,#,#,#
E01020074,Mid Devon 003B,0.174789274,0,0,#,0.139246846
E01020075,Mid Devon 003C,0,0,0,0,0
E01020076,Mid Devon 009C,#,0.229544427,0.236635676,0.121840276,#
E01020077,Mid Devon 001D,0,#,0,0,0
E01020078,Mid Devon 005B,0,0,0.121840276,0,0.139246846
E01020079,Mid Devon 005C,0.08122574,0.134639482,0.190982133,0.139246846,0.060918888
E01020080,Mid Devon 002D,#,#,#,#,#
E01020081,Mid Devon 005D,#,#,#,#,#
E01020082,Mid Devon 009D,0,#,#,#,#
E01020083,Mid Devon 010D,0,#,#,#,0.299607012
E01020084,North Devon 012A,#,#,#,#,#
E01020085,North Devon 012B,#,#,#,#,#
E01020086,North Devon 012C,0,#,#,#,#
E01020087,North Devon 014A,#,#,#,#,#
E01020088,North Devon 006A,0,0,#,#,#
E01020089,North Devon 005A,#,#,#,#,#
E01020090,North Devon 004A,#,#,#,#,#
E01020091,North Devon 005B,0,0,0,0,0
E01020092,North Devon 005C,0,0,#,#,#
E01020093,North Devon 005D,0,#,#,0,0
E01020094,North Devon 008A,0.307448782,0,0.057335355,0,#
E01020095,North Devon 008B,#,#,#,0,#
E01020096,North Devon 009A,#,#,0,#,#
E01020097,North Devon 013A,#,0,#,#,#
E01020098,North Devon 014B,0,#,#,#,0
E01020099,North Devon 002A,#,#,#,0,0
E01020100,North Devon 002B,#,#,#,#,0
E01020101,North Devon 002C,#,#,#,#,#
E01020102,North Devon 010A,0,0,0,0,#
E01020103,North Devon 010B,0.233260489,0.097471421,0,0,0
E01020104,North Devon 010C,#,#,#,0,0
E01020105,North Devon 011A,#,#,#,#,#
E01020106,North Devon 011B,#,#,#,#,#
E01020107,North Devon 011C,0,0,0.218145974,#,0
E01020108,North Devon 004B,#,#,#,#,#
E01020109,North Devon 004C,0,#,#,#,#
E01020110,North Devon 005E,#,#,#,#,#
E01020111,North Devon 001A,0,#,#,#,#
E01020112,North Devon 001B,0,#,#,#,#
E01020113,North Devon 003A,#,#,#,#,#
E01020114,North Devon 001C,#,0,#,#,#
E01020115,North Devon 001D,#,#,#,#,#
E01020116,North Devon 003B,#,#,#,#,0
E01020117,North Devon 003C,#,#,#,#,#
E01020118,North Devon 003D,0,0,0,#,#
E01020119,North Devon 011D,#,#,#,#,#
E01020120,North Devon 006B,#,0,0,#,0.162455922
E01020121,North Devon 012D,#,0,0.162455922,#,#
E01020122,North Devon 012E,#,#,#,#,#
E01020123,North Devon 009B,#,#,#,#,#
E01020124,North Devon 009C,#,#,#,#,#
E01020125,North Devon 009D,#,#,#,#,#
E01020126,North Devon 002D,0,0,0,0,0
E01020127,North Devon 006C,#,#,#,#,#
E01020128,North Devon 010D,#,#,#,#,#
E01020129,North Devon 010E,#,#,#,0,#
E01020130,North Devon 010F,0,#,0,#,0.139246846
E01020131,North Devon 013B,#,#,#,#,#
E01020132,North Devon 007A,0,#,#,#,#
E01020133,North Devon 007B,0,#,#,#,0
E01020134,North Devon 007C,0,#,0,0,0
E01020135,North Devon 013C,#,0,0,#,#
E01020136,North Devon 013D,#,#,0,#,#
E01020137,North Devon 013E,#,0,0,#,#
E01020138,North Devon 014C,#,#,#,#,0
E01020139,North Devon 007D,0,#,#,#,#
E01020140,North Devon 008C,#,#,#,0,#
E01020141,North Devon 008D,#,0,0,#,#
E01020142,South Hams 006A,#,#,#,#,#
E01020143,South Hams 006B,0,#,0,0,0
E01020144,South Hams 001A,#,#,0,0,#
E01020145,South Hams 001B,#,#,#,#,#
E01020146,South Hams 001C,#,#,#,#,#
E01020147,South Hams 008A,#,#,#,#,#
E01020148,South Hams 002A,0,#,#,#,#
E01020149,South Hams 001D,#,#,#,#,#
E01020150,South Hams 006C,0,0,#,0,#
E01020151,South Hams 007A,0,#,0,0,0
E01020152,South Hams 007B,0,#,#,#,#
E01020153,South Hams 004A,0,0,#,0,0
E01020154,South Hams 007C,#,#,#,#,#
E01020155,South Hams 007D,#,#,#,#,#
E01020156,South Hams 004B,#,#,#,#,#
E01020157,South Hams 002B,#,#,0.257024188,0.274120636,#
E01020158,South Hams 008B,0,0,#,0,0
E01020159,South Hams 008C,0,0,0,0,0
E01020160,South Hams 002C,#,#,#,#,#
E01020161,South Hams 005A,0.174789274,0.088610119,0.167186377,0.195139355,0.156687995
E01020162,South Hams 005B,#,#,0,0.162455922,0.139246846
E01020163,South Hams 005C,#,#,#,#,#
E01020164,South Hams 005D,#,#,#,#,#
E01020165,South Hams 005E,0,0,0,0,#
E01020166,South Hams 005F,#,#,#,#,#
E01020167,South Hams 005G,#,#,#,#,#
E01020168,South Hams 010A,0.218145974,0,0,0,0
E01020169,South Hams 010B,0.265014437,0.134639482,0,0,0
E01020170,South Hams 004C,#,#,#,#,#
E01020171,South Hams 009A,#,#,#,0,0
E01020172,South Hams 012A,#,#,#,#,#
E01020173,South Hams 012B,#,#,0,0,0
E01020174,South Hams 011A,#,0,0,#,#
E01020175,South Hams 011B,#,#,#,#,0
E01020176,South Hams 002D,#,#,#,0,0
E01020177,South Hams 002E,#,#,#,#,#
E01020178,South Hams 011C,#,#,#,#,#
E01020179,South Hams 012C,0,#,#,#,#
E01020180,South Hams 003A,0.139246846,0,0,0,0
E01020181,South Hams 003B,#,0,0,0,0.139246846
E01020182,South Hams 003C,#,0,0,#,0
E01020183,South Hams 003D,#,#,#,0.307448782,0.28705736
E01020184,South Hams 003E,#,0.24902172,#,#,#
E01020185,South Hams 009B,#,#,#,#,#
E01020186,South Hams 009C,#,#,#,0,#
E01020187,South Hams 009D,#,#,#,#,#
E01020188,South Hams 004D,0,0,0,#,#
E01020189,South Hams 010C,0.183510116,0.07016041,0,0.05129995,0
E01020190,South Hams 008D,#,#,#,#,#
E01020191,Teignbridge 013A,0,0,0,#,#
E01020192,Teignbridge 019A,#,#,#,#,0
E01020193,Teignbridge 019B,#,#,#,#,#
E01020194,Teignbridge 013B,#,#,#,#,#
E01020195,Teignbridge 017A,#,#,#,#,#
E01020196,Teignbridge 017B,0,0,#,0,0
E01020197,Teignbridge 017C,#,#,0.162455922,0.218145974,0.121840276
E01020198,Teignbridge 017D,#,#,0,#,0
E01020199,Teignbridge 017E,#,#,#,#,#
E01020200,Teignbridge 011A,#,#,#,#,#
E01020201,Teignbridge 011B,#,#,0,0,#
E01020202,Teignbridge 007A,0.162455922,0,0,0,#
E01020203,Teignbridge 004A,#,#,#,#,0
E01020204,Teignbridge 007B,#,#,#,#,#
E01020205,Teignbridge 003A,#,#,#,#,#
E01020206,Teignbridge 004B,#,#,#,#,#
E01020207,Teignbridge 013C,0,0,#,#,#
E01020208,Teignbridge 012A,#,#,#,#,#
E01020209,Teignbridge 012B,#,#,#,#,#
E01020210,Teignbridge 012C,#,#,#,0,0
E01020211,Teignbridge 014A,#,#,0,#,#
E01020212,Teignbridge 016A,#,#,#,#,#
E01020213,Teignbridge 016B,#,#,#,#,#
E01020214,Teignbridge 016C,#,#,#,#,#
E01020215,Teignbridge 016D,0,#,#,#,#
E01020216,Teignbridge 015A,0.289766586,0.307448782,0.289766586,#,#
E01020217,Teignbridge 014B,0,0,0,0,0
E01020218,Teignbridge 014C,0.234087242,0.180388157,0.167706426,0.278447742,0.134639482
E01020219,Teignbridge 012D,#,#,#,#,#
E01020220,Teignbridge 004C,#,#,#,#,#
E01020221,Teignbridge 004D,#,0.162455922,0,#,#
E01020222,Teignbridge 004E,0,0,#,#,#
E01020223,Teignbridge 004F,#,#,0,0.162455922,0
E01020224,Teignbridge 014D,#,#,#,#,0
E01020225,Teignbridge 015B,#,0.287116056,0.156687995,0.139246846,0.147026266
E01020226,Teignbridge 015C,#,#,#,#,#
E01020227,Teignbridge 015D,#,#,#,0.108301974,0.258478702
E01020228,Teignbridge 006A,#,#,#,#,#
E01020229,Teignbridge 005A,0.182511155,0.187577582,0.178882278,0.20220683,0.177897629
E01020230,Teignbridge 005B,#,0.299607012,0.218145974,0,0
E01020231,Teignbridge 005C,#,0.24902172,0.194077249,0.24902172,0.212509539
E01020232,Teignbridge 005D,0.25437292,0.158986984,0.289766586,0.24902172,0.074977448
E01020233,Teignbridge 006B,#,#,#,#,#
E01020234,Teignbridge 006C,#,#,#,0,#
E01020235,Teignbridge 006D,0.312913972,0.25437292,0.194077249,#,#
E01020236,Teignbridge 007C,0,0,0,#,#
E01020237,Teignbridge 007D,0,#,#,#,#
E01020238,Teignbridge 019C,#,#,#,#,#
E01020239,Teignbridge 019D,0,#,#,#,#
E01020240,Teignbridge 002A,#,#,#,0,#
E01020241,Teignbridge 002B,0,0,0,#,#
E01020242,Teignbridge 002C,0,0,#,0,#
E01020243,Teignbridge 001A,#,#,#,#,#
E01020244,Teignbridge 002D,0,0,#,#,#
E01020245,Teignbridge 002E,#,#,#,0,#
E01020246,Teignbridge 018A,0,0,0,0,#
E01020247,Teignbridge 018B,0.237672542,0.210374572,0.18106841,0.208809939,0.194227924
E01020248,Teignbridge 018C,#,#,#,#,#
E01020249,Teignbridge 018D,0,#,#,#,#
E01020250,Teignbridge 009A,#,#,#,0,0
E01020251,Teignbridge 011C,#,#,#,#,#
E01020252,Teignbridge 009B,0.28705736,0.134639482,0.069621791,0,0.167706426
E01020253,Teignbridge 009C,#,#,#,0,0
E01020254,Teignbridge 009D,0,0,0,0,#
E01020255,Teignbridge 009E,#,#,#,#,0
E01020256,Teignbridge 013D,#,#,#,#,#
E01020257,Teignbridge 009F,0,#,#,#,#
E01020258,Teignbridge 003B,0,0,#,#,#
E01020259,Teignbridge 003C,#,0,#,0,0
E01020260,Teignbridge 011D,0,#,#,0,#
E01020261,Teignbridge 011E,#,#,#,#,#
E01020262,Teignbridge 001B,#,#,#,#,#
E01020263,Teignbridge 001C,#,#,#,#,#
E01020264,Teignbridge 010A,#,0.218145974,0.167706426,0.108301974,0.134639482
E01020265,Teignbridge 008A,0,0,0,0,#
E01020266,Teignbridge 008B,#,#,#,#,#
E01020267,Teignbridge 008C,#,#,#,#,#
E01020268,Teignbridge 008D,#,#,0.311660948,#,#
E01020269,Teignbridge 010B,#,#,0,#,#
E01020270,Teignbridge 008E,#,0,#,#,#
E01020271,Teignbridge 010C,#,#,#,#,#
E01020272,Teignbridge 010D,#,#,#,0,#
E01020273,Teignbridge 003D,#,#,#,#,#
E01020274,Teignbridge 001D,0,0,0,#,#
E01020275,Torridge 001A,#,0,#,#,#
E01020276,Torridge 001B,#,#,0.306663648,#,0.299607012
E01020277,Torridge 004A,#,0.054149999,0,0,0
E01020278,Torridge 004B,0,#,0,#,#
E01020279,Torridge 004C,#,#,0,0.162455922,0.162455922
E01020280,Torridge 003A,0.312913972,0.278447742,0.218145974,0,0
E01020281,Torridge 003B,#,0,#,#,0
E01020282,Torridge 003C,#,#,#,#,#
E01020283,Torridge 004D,#,#,#,#,#
E01020284,Torridge 004E,#,0.269639459,0.265014437,0.162455922,#
E01020285,Torridge 004F,#,0,0.121840276,0,0
E01020286,Torridge 009A,#,0,0.162455922,0.312913972,#
E01020287,Torridge 007A,0,#,#,#,#
E01020288,Torridge 005A,#,#,0,#,#
E01020289,Torridge 009B,0,0,0,0,0
E01020290,Torridge 009C,#,0,#,#,#
E01020291,Torridge 008A,0,#,#,0,0
E01020292,Torridge 005B,0,0,0,0,0
E01020293,Torridge 008B,#,0,0,0.162455922,0
E01020294,Torridge 008C,#,#,#,#,#
E01020295,Torridge 005C,#,#,#,#,#
E01020296,Torridge 005D,#,0,0,0,#
E01020297,Torridge 001C,#,#,#,#,#
E01020298,Torridge 002A,#,#,#,#,0.23356459
E01020299,Torridge 001D,#,0.289766586,0.218145974,0.174789274,0.158986984
E01020300,Torridge 002B,0.282819171,0.150001778,0.11675742,0.134639482,0
E01020301,Torridge 009D,#,#,#,#,#
E01020302,Torridge 008D,0,#,#,#,#
E01020303,Torridge 007B,#,#,#,#,#
E01020304,Torridge 006A,#,#,#,#,#
E01020305,Torridge 006B,0,0,0,0,0
E01020306,Torridge 006C,0,0,0,0,0
E01020307,Torridge 006D,#,#,#,#,#
E01020308,Torridge 007C,#,#,#,#,#
E01020309,Torridge 008E,#,#,#,#,#
E01020310,Torridge 002C,0.230542609,0.11931304,0.089869347,0.094534603,0.032489762
E01020311,Torridge 007D,0.26930602,0.251960339,#,#,0
E01020312,West Devon 007A,#,0,#,#,#
E01020313,West Devon 007B,#,0,0,0,0
E01020314,West Devon 004A,#,#,#,#,#
E01020315,West Devon 007C,#,#,#,#,0
E01020316,West Devon 007D,0,0,#,#,#
E01020317,West Devon 006A,#,#,#,#,#
E01020318,West Devon 003A,#,#,#,#,#
E01020319,West Devon 003B,#,#,#,#,#
E01020320,West Devon 001A,#,#,#,#,#
E01020321,West Devon 001B,0.20553518,0.167186377,0.054149999,0.215903034,0.152269591
E01020322,West Devon 001C,#,#,#,#,#
E01020323,West Devon 003C,#,#,#,#,#
E01020324,West Devon 006B,#,#,#,#,#
E01020325,West Devon 004B,#,#,#,#,#
E01020326,West Devon 001D,#,#,#,0,#
E01020327,West Devon 002A,#,#,#,0,0
E01020328,West Devon 002B,#,#,#,#,#
E01020329,West Devon 002C,#,#,#,#,0.289766586
E01020330,West Devon 002D,#,#,#,#,0
E01020331,West Devon 004C,#,#,#,#,#
E01020332,West Devon 005A,0.145804141,0,0.08122574,0.121840276,0.194077249
E01020333,West Devon 005B,#,#,#,#,#
E01020334,West Devon 005C,#,#,#,#,#
E01020335,West Devon 005D,#,#,#,0,#
E01020336,West Devon 005E,#,#,#,#,#
E01020337,West Devon 005F,#,#,#,#,#
E01020338,West Devon 005G,0.28705736,0.088610119,0.088610119,#,0.097471421
E01020339,West Devon 003D,0.233260489,0.289766586,0.139246846,#,0
E01020340,West Devon 004D,#,#,#,0,0
E01020341,West Devon 006C,0,#,#,#,#
E01020342,West Devon 006D,0.311660948,0.307448782,0.311660948,#,#
E01032628,East Devon 004G,#,0,0,#,0
E01032657,Plymouth 027F,,,,,
E01032658,Plymouth 027G,,,,,
E01033232,Exeter 011F,#,#,#,#,#
E01033233,Exeter 001F,#,#,#,#,0.162455922
E01033234,Exeter 011G,0,0,0,0,0
E01033235,Exeter 015E,0,0,0,#,#
E01033236,Exeter 015F,0,0,#,0,0
E07000040,East Devon,0.055272723,0.046752854,0.043682466,0.066444687,0.047399587
E07000041,Exeter,0.06134163,0.045929358,0.041149651,0.060904644,0.045119538
E07000042,Mid Devon,0.060664463,0.048625218,0.051942372,0.06307012,0.054455217
E07000043,North Devon,0.077514194,0.051558478,0.053444813,0.072859345,0.060506563
E07000044,South Hams,0.070952759,0.056963808,0.051049706,0.061564516,0.053646856
E07000045,Teignbridge,0.055691573,0.04984553,0.045434993,0.055495962,0.044849024
E07000046,Torridge,0.069070838,0.059620301,0.056297495,0.062035509,0.05916503
E07000047,West Devon,0.077160939,0.074397948,0.067988399,0.08784012,0.07498904
E10000008,Devon,0.022630681,0.019423369,0.018227627,0.023637879,0.019291909
E06000026,Plymouth,,,,,
E06000027,Torbay,,,,,
IMDQ1,Q1 - Most Deprived,0.092167629,0.073842546,0.05838216,0.106068821,0.076585748
IMDQ2,Q2 - Above Average,0.039357634,0.032093444,0.03051116,0.03995289,0.032117326
IMDQ3,Q3 - Average,0.040749174,0.035479094,0.033080561,0.04236646,0.036253585
IMDQ4,Q4 - Below Average,0.05034916,0.04181979,0.040172533,0.049050135,0.039315254
IMDQ5,Q5 - Least Deprived,0.07893019,0.070444586,0.066228033,0.083300696,0.065729964
E02003122,Plymouth 001,,,,,
E02003123,Plymouth 002,,,,,
E02003124,Plymouth 003,,,,,
E02003125,Plymouth 004,,,,,
E02003126,Plymouth 005,,,,,
E02003127,Plymouth 006,,,,,
E02003128,Plymouth 007,,,,,
E02003129,Plymouth 008,,,,,
E02003130,Plymouth 009,,,,,
E02003131,Plymouth 010,,,,,
E02003132,Plymouth 011,,,,,
E02003133,Plymouth 012,,,,,
E02003134,Plymouth 013,,,,,
E02003135,Plymouth 014,,,,,
E02003136,Plymouth 015,,,,,
E02003137,Plymouth 016,,,,,
E02003138,Plymouth 017,,,,,
E02003139,Plymouth 018,,,,,
E02003140,Plymouth 019,,,,,
E02003141,Plymouth 020,,,,,
E02003142,Plymouth 021,,,,,
E02003143,Plymouth 022,,,,,
E02003144,Plymouth 023,,,,,
E02003145,Plymouth 024,,,,,
E02003146,Plymouth 025,,,,,
E02003147,Plymouth 026,,,,,
E02003148,Plymouth 027,,,,,
E02003149,Plymouth 028,,,,,
E02003150,Plymouth 029,,,,,
E02003151,Plymouth 030,,,,,
E02003152,Plymouth 031,,,,,
E02003153,Plymouth 032,,,,,
E02003154,Torbay 001,,,,,
E02003155,Torbay 002,,,,,
E02003156,Torbay 003,,,,,
E02003157,Torbay 004,,,,,
E02003158,Torbay 005,,,,,
E02003159,Torbay 006,,,,,
E02003161,Torbay 008,,,,,
E02003163,Torbay 010,,,,,
E02003164,Torbay 011,,,,,
E02003165,Torbay 012,,,,,
E02003166,Torbay 013,,,,,
E02003167,Torbay 014,,,,,
E02003168,Torbay 015,,,,,
E02003169,Torbay 016,,,,,
E02003170,Torbay 017,,,,,
E02003171,Torbay 018,,,,,
E02004129,East Devon 001,#,#,0.139246846,#,0
E02004130,East Devon 002,0.113627723,0.03313274,0.03313274,0.08717924,0
E02004131,East Devon 003,0.24902172,0,0.121840276,#,0
E02004132,East Devon 004,0.246036046,0,0,0.194077249,0.064980236
E02004133,East Devon 005,0.287116056,#,0.258478702,#,0.278447742
E02004134,East Devon 006,#,0.162455922,0,0.134639482,0.167706426
E02004135,East Devon 007,0.21317951,0.219063616,0.234693229,#,0.277130234
E02004136,East Devon 008,0.174009708,0.126759584,0.062658075,0.177337962,0.153477773
E02004137,East Devon 009,#,#,0,#,#
E02004138,East Devon 010,#,0.162455922,0,#,0.218145974
E02004139,East Devon 011,0.258478702,0.108301974,0,0.289766586,0.108301974
E02004140,East Devon 012,0,0.162455922,#,#,#
E02004141,East Devon 013,0.263723101,0.251960339,0.236635676,0.265014437,0.278447742
E02004142,East Devon 014,0.258478702,0,0.097471421,0.139246846,0.24902172
E02004143,East Devon 015,0.162363189,0.182511155,0.193959041,0.217112802,0.163428531
E02004144,East Devon 016,0.258478702,0.088610119,0,#,0.218145974
E02004145,East Devon 017,#,#,#,#,#
E02004146,East Devon 018,0.183248587,0.11024497,0.13839576,0.26930602,0.16443231
E02004147,East Devon 019,0.195976335,0,0,0,0
E02004148,East Devon 020,0.19396507,0.178725783,0.183947492,0.253659905,0.179965885
E02004149,Exeter 001,#,0.139246846,0.194077249,#,0.08122574
E02004150,Exeter 002,0.108301974,0,0,0,0.088610119
E02004151,Exeter 003,0.143133983,0.079994971,0.073903997,0.107307785,0.097665009
E02004152,Exeter 004,0.199905931,0.13848552,0.103067742,#,0.289766586
E02004153,Exeter 005,0.253489889,0.097359895,0.13848552,0.233260489,0.079703505
E02004154,Exeter 006,0.239809417,0.124068488,0.150001778,0.177337962,0
E02004155,Exeter 007,0.19701521,0.180283179,0.109486396,0.134639482,0.109486396
E02004156,Exeter 008,0.197978526,0.131325102,0.067676646,0,0.112368175
E02004157,Exeter 009,#,#,#,#,#
E02004158,Exeter 010,0.210064683,0.158769742,0.14102912,0.240755548,0.126954703
E02004159,Exeter 011,0.210683589,0.191656926,0.172904882,0.147026266,0.14102912
E02004160,Exeter 012,0.270653906,0.21509223,0.150001778,0.234087242,0.229142937
E02004161,Exeter 013,0.248001024,0.079703505,0.124405398,0.233260489,0.187456391
E02004162,Exeter 014,0.265465072,0.158130175,0.13848552,0.202330045,0.190028838
E02004163,Exeter 015,#,0.174789274,0.216771913,0.218145974,0.08122574
E02004164,Mid Devon 001,0.18106841,0.150001778,0.11675742,0.278447742,0.145804141
E02004165,Mid Devon 002,0.190982133,0.097359895,0.17169211,0.150001778,0.124405398
E02004166,Mid Devon 003,0.125062627,0,0.064980236,0.247983897,0.167186377
E02004167,Mid Devon 004,0.122185179,0.060501555,0.067467686,0,0
E02004168,Mid Devon 005,0.081027436,0.05270157,0.076159949,0.073076992,0.068674526
E02004169,Mid Devon 006,0.251960339,0.103067742,0.060918888,0.21509223,0.064980236
E02004170,Mid Devon 007,0.196090795,0.124068488,0.17169211,0.229544427,0.190982133
E02004171,Mid Devon 008,#,0.282819171,0.291477032,#,#
E02004172,Mid Devon 009,0.249712095,0.149066467,0.187007072,0.11675742,0.253489889
E02004173,Mid Devon 010,0.289055362,0.25437292,0.25437292,0.251293464,0.226002685
E02004174,Mid Devon 011,0.165093205,0.150638341,0.151350013,0.157498888,0.147113701
E02004175,North Devon 001,#,0,0.158986984,0.097471421,0.216771913
E02004176,North Devon 002,#,#,0,#,#
E02004177,North Devon 003,#,0.097471421,0,0,0.121840276
E02004178,North Devon 004,#,0,0,0.162455922,0
E02004179,North Devon 005,#,0.174789274,0.233260489,0.258478702,0.212509539
E02004180,North Devon 006,#,0,0,0.218145974,0.195139355
E02004181,North Devon 007,0,0,0.218145974,#,#
E02004182,North Devon 008,0.216771913,0,0.076246556,#,0.194077249
E02004183,North Devon 009,0.229544427,0,0,0.08122574,0.088610119
E02004184,North Devon 010,0.175515074,0.18360456,0.170732914,0.210718366,0.142341327
E02004185,North Devon 011,0.227327744,0.167186377,0.190028838,0.180388157,0.11675742
E02004186,North Devon 012,0.25437292,0,0.109486396,0,0.088610119
E02004187,North Devon 013,0.180828565,0.048734911,0,0.180388157,0.057335355
E02004188,North Devon 014,#,0,0.24902172,0,#
E02004189,South Hams 001,0.162455922,0,0,#,0
E02004190,South Hams 002,0.173095396,0.188077545,0.185874268,0.213346504,0.223349791
E02004191,South Hams 003,0.156982423,0.13076152,0.122135868,0.114620548,0.109568068
E02004192,South Hams 004,#,0.289766586,0.233260489,0,0.194077249
E02004193,South Hams 005,0.16443231,0.095779837,0.087441507,0.099036203,0.100236441
E02004194,South Hams 006,#,#,#,#,#
E02004195,South Hams 007,#,0,0,#,0.24902172
E02004196,South Hams 008,#,0,0.108301974,#,#
E02004197,South Hams 009,0.218145974,0.218145974,0.194077249,0,0
E02004198,South Hams 010,0.137910554,0.061429291,0,0.032489762,0
E02004199,South Hams 011,0.307448782,0,0.097471421,0.24902172,#
E02004200,South Hams 012,#,#,#,#,#
E02004201,Teignbridge 001,#,0.289055362,0.28705736,0.28705736,0.311660948
E02004202,Teignbridge 002,#,#,#,#,0.174789274
E02004203,Teignbridge 003,#,#,0.289766586,0.162455922,0
E02004204,Teignbridge 004,0.243949524,0.208809939,0.098440685,0.074977448,0.087651473
E02004205,Teignbridge 005,0.13225063,0.130257012,0.12996753,0.144617911,0.116437254
E02004206,Teignbridge 006,0.20551737,0.191926383,0.194808933,#,0.239457413
E02004207,Teignbridge 007,0.258478702,0.097471421,0.174789274,#,0.139246846
E02004208,Teignbridge 008,0.22482995,0.183813191,0.20203199,0.251293464,0.215903034
E02004209,Teignbridge 009,0.227327744,0.142787897,0.042378092,0,0.131688536
E02004210,Teignbridge 010,0.219422103,0.17169211,0.102683275,0.167706426,0.129950883
E02004211,Teignbridge 011,0.218145974,0.121840276,0.233260489,0.24902172,0
E02004212,Teignbridge 012,0.287116056,0.125062627,0,0.108301974,0.216771913
E02004213,Teignbridge 013,#,#,#,0,0.088610119
E02004214,Teignbridge 014,0.137014716,0.106260752,0.084477767,0.158130175,0.094534603
E02004215,Teignbridge 015,0.196844105,0.178118928,0.151533041,0.149066467,0.147113701
E02004216,Teignbridge 016,0.139246846,0.108301974,0.145804141,0.121840276,0.194077249
E02004217,Teignbridge 017,0.265014437,0.167706426,0.097359895,0.156687995,0.05129995
E02004218,Teignbridge 018,0.223349791,0.187007072,0.165514578,0.184062489,0.157498888
E02004219,Teignbridge 019,0.289055362,0.223016325,0.21509223,0.289055362,0.121840276
E02004220,Torridge 001,0.179252841,0.183813191,0.168171634,0.177810177,0.165090252
E02004221,Torridge 002,0.136384433,0.122714725,0.113192879,0.124423004,0.10721644
E02004222,Torridge 003,0.227362129,0.187456391,0.208809939,0.156687995,0.112368175
E02004223,Torridge 004,0.161152022,0.102076439,0.080243088,0.081584539,0.100426452
E02004224,Torridge 005,0.258478702,0,0,0,0
E02004225,Torridge 006,#,#,#,0,#
E02004226,Torridge 007,0.229142937,0.172904882,0.236635676,0.233260489,#
E02004227,Torridge 008,#,0.134639482,0.130881584,0.18879512,0.158130175
E02004228,Torridge 009,0.26930602,0.074977448,0.11675742,0.210843693,0.239809417
E02004229,West Devon 001,0.173442351,0.143092008,0.081584539,0.182355141,0.139730884
E02004230,West Devon 002,0.22484384,0.22804215,0.187456391,0.177337962,0.17169211
E02004231,West Devon 003,0.210843693,0.177337962,0.064980236,0.167706426,0.097359895
E02004232,West Devon 004,0.24902172,0,0,0,0
E02004233,West Devon 005,0.131228747,0.12581258,0.121088266,0.160852728,0.137214905
E02004234,West Devon 006,0.234693229,0.239809417,0.234721867,0.299607012,0.267471986
E02004235,West Devon 007,0.158986984,0.108301974,0.174789274,#,#
E02006840,Torbay 019,,,,,
TOWN01,Ashburton-Buckfastleigh,0.265014437,0.167706426,0.097359895,0.156687995,0.05129995
TOWN02,Axminster,0.180663413,0.194785427,0.19701521,#,0.213458591
TOWN03,Barnstaple,0.103712164,0.075824985,0.070816667,0.102477821,0.077557389
TOWN04,Bideford-Northam,0.076420745,0.069733118,0.064421709,0.071166528,0.065489836
TOWN05,Braunton,0.277130234,0.11675742,0.167706426,0.234087242,0.167706426
TOWN06,Crediton,0.123082174,0.107955768,0.110298537,0.114802517,0.116564753
TOWN07,Cullompton,0.129690617,0.098363515,0.104345457,0.143394908,0.117164751
TOWN08,Dartmouth,#,0.174789274,0.088610119,0.139246846,0.278447742
TOWN09,Dawlish,0.107917997,0.106971116,0.107124578,0.128366192,0.105567963
TOWN10,Exeter (Wider),0.058731955,0.044612577,0.040483589,0.05869846,0.043766519
TOWN11,Exmouth,0.08297136,0.077774746,0.079814636,0.11569339,0.085568761
TOWN12,Great Torrington,0.194077249,0,0.212509539,0,0
TOWN13,Holsworthy,0.207742696,0.09092654,0.100426452,0.151315276,0.152888164
TOWN14,Honiton,0.10721644,0.036532767,0.041951856,0.110176283,0
TOWN15,Ilfracombe,0.199021972,0.071754148,0.067467686,0.048734911,0.14102912
TOWN16,Ivybridge,0.122621519,0.070763039,0.071020132,0.081027436,0.066794911
TOWN17,Kingsbridge,0.125986,0.070532847,0.016520129,0.05644888,0.047451412
TOWN18,Lynton-Lynmouth,0,0,0,0,0
TOWN19,Moretonhampstead,#,#,#,#,#
TOWN20,Newton Abbot,0.077949525,0.064234376,0.054000137,0.064066689,0.055211143
TOWN21,Okehampton,0.10978324,0.101632981,0.085136226,0.11409116,0.090308709
TOWN22,Ottery St Mary,0.157464487,0.102946533,0.039015956,0.136005282,0.115004568
TOWN23,Seaton,0.233260489,0.233260489,0.097471421,0.289766586,0.158986984
TOWN24,Sidmouth,0.142666003,0.079703505,0,0.167186377,0.097359895
TOWN25,South Molton,0.191656926,0.0389878,0.037488251,0.13848552,0.083488777
TOWN26,Tavistock,0.102020474,0.099244091,0.095990553,0.125953471,0.11114416
TOWN27,Teignmouth,0.151137004,0.129742761,0.122413428,0.160687511,0.118072562
TOWN28,Tiverton,0.071833145,0.045762919,0.05814773,0.070055542,0.053730844
TOWN29,Totnes,0.115112721,0.110210712,0.105791044,0.129486292,0.110078527
DIV1,Alphington & Cowick ED,0.182511155,0.153802235,0.136223774,0.167368042,0.143717509
DIV2,Ashburton & Buckfastleigh ED,0.22804215,0.180283179,0.148521955,0.170504577,0.03609978
DIV3,Axminster ED,0.203589483,0.23356459,0.236036833,#,0.227362129
DIV4,Barnstaple North ED,0.202868409,0,0.068674526,0.212509539,0.109486396
DIV5,Barnstaple South ED,0.156643439,0.153922139,0.149382183,0.169326274,0.125749998
DIV6,Bickleigh & Wembury ED,0.201824967,0.130881584,0.13848552,0.134639482,0
DIV7,Bideford East ED,0.14347621,0.092461888,0.084495542,0.089763143,0.085236785
DIV8,Bideford West & Hartland ED,0.248001024,0.153498556,0.131325102,0.048734911,0.098440685
DIV9,Bovey Rural ED,0.201824967,0.11675742,0.158130175,0.108301974,0.097471421
DIV10,Braunton Rural ED,0.277130234,0.11675742,0.167706426,0.234087242,0.167706426
DIV11,Broadclyst ED,0.212509539,0.08122574,0.05129995,0.103067742,0.130881584
DIV12,Chudleigh & Teign Valley ED,0.234721867,0.201997786,0.122185179,0.103067742,0.094534603
DIV13,Chulmleigh & Landkey ED,0.253999937,0,0.083488777,0.180388157,0.156687995
DIV14,Combe Martin Rural ED,0.278447742,0.145804141,0,0.097471421,0.212509539
DIV15,Crediton ED,0.134364051,0.120623141,0.121102987,0.127045274,0.12940994
DIV16,"Creedy, Taw & Mid Exe ED",0.234087242,0,0.234087242,0.246036046,0.246036046
DIV17,Cullompton & Bradninch ED,0.181125036,0.158030908,0.169265899,0.202803131,0.188745194
DIV18,Dartmouth & Marldon ED,0.287116056,0.167706426,0.156687995,0.088610119,0.177337962
DIV19,Dawlish ED,0.108667239,0.106971116,0.108001195,0.129725769,0.106523153
DIV20,Duryard & Pennsylvania ED,0.196090795,0.150001778,0.124405398,0.158986984,0.097359895
DIV21,Exminster & Haldon ED,#,0.287116056,0.251960339,0.282819171,0.215903034
DIV22,Exmouth & Budleigh Salterton Coastal ED,0.177897629,0.16129189,0.163999684,0.231222262,0.160551638
DIV23,Exmouth ED,0.100774031,0.089143981,0.092065623,0.144727003,0.089841076
DIV24,Exwick & St Thomas ED,0.165090252,0.087441507,0.067676646,0.191656926,0.092647448
DIV25,Feniton & Honiton ED,0.105650603,0.025829803,0.034420654,0.094738603,0
DIV26,Fremington Rural ED,0.202803131,0.124405398,0.14102912,0.13848552,0.083488777
DIV27,Hatherleigh & Chagford ED,0.140424936,0.117579052,0.068674526,0.144185676,0.10364265
DIV28,Heavitree & Whipton Barton ED,0.165090252,0.151533041,0.131688536,0.150001778,0.124405398
DIV29,Holsworthy Rural ED,0.207742696,0.09092654,0.100426452,0.151315276,0.152888164
DIV30,Ilfracombe ED,0.243949524,0.042378092,0.103067742,0.064980236,0.155919363
DIV31,Ipplepen & The Kerswells ED,0.183248587,0.135888491,0.118861047,0.151315276,0.129124172
DIV32,Ivybridge ED,0.16443231,0.095779837,0.087441507,0.099036203,0.100236441
DIV33,Kingsbridge ED,0.12786588,0.05162464,0.0177216,0.06403755,0.022667201
DIV34,Kingsteignton & Teign Estuary ED,0.180283179,0.122864488,0.092730596,0.057335355,0.115423835
DIV35,Newton Abbot North ED,0.143717509,0.108861179,0.101617271,0.135383995,0.117579052
DIV36,Newton Abbot South ED,0.176885041,0.148232935,0.11326904,0.084477767,0.113904162
DIV37,Northam ED,0.105478249,0.102664405,0.095210019,0.103856845,0.093165003
DIV38,Okehampton Rural ED,0.19396507,0.176363212,0.13839576,0.136012622,0.131688536
DIV39,Otter Valley ED,0.151364681,0.128991008,0.096926003,0.162652534,0.140764135
DIV40,Pinhoe & Mincinglake ED,0.132367686,0.070333509,0.065580669,0.098440685,0.096926003
DIV41,Salcombe ED,0.28705736,0.216771913,0,0,0.194077249
DIV42,Seaton & Colyton ED,0.233260489,0.233260489,0.088610119,0.289766586,0.158986984
DIV43,Sidmouth ED,0.147026266,0.097359895,0,0.216771913,0.11675742
DIV44,South Brent & Yealmpton ED,0.168748449,0.18360456,0.178118928,0.219063616,0.223349791
DIV45,South Molton ED,0.196090795,0.048734911,0.079703505,0.074977448,0.097359895
DIV46,St David's & Haven Banks ED,#,0.180828565,0.150001778,0.162455922,0.150001778
DIV47,St Sidwells & St James ED,0.148963166,0.065580669,0.035118567,0.102521512,0.079994971
DIV48,Tavistock ED,0.131228747,0.12581258,0.121088266,0.160852728,0.137214905
DIV49,Teignmouth ED,0.15938567,0.137917675,0.125903717,0.168597176,0.128991008
DIV50,Tiverton East ED,0.126033457,0.04281737,0.087441507,0.07398282,0.067676646
DIV51,Tiverton West ED,0.08678213,0.068058114,0.073178396,0.083140374,0.056654506
DIV52,Torrington Rural ED,0.191656926,0.146435561,0.208809939,0.147026266,0
DIV53,Totnes & Dartington ED,0.156982423,0.130214397,0.121382154,0.126759584,0.109477591
DIV54,Wearside & Topsham ED,0.28705736,0.167706426,0.18879512,0.158986984,0.060918888
DIV55,Whimple & Blackdown ED,0.239809417,0.060918888,0.05129995,0.251960339,0.069621791
DIV56,Willand & Uffculme ED,0.110282677,0.058488532,0.053180223,0.168171634,0.112500805
DIV57,Wonford & St Loyes ED,0.188077545,0.118861047,0.128796706,0.150001778,0.135227397
DIV58,Yelverton Rural ED,0.17347926,0.172441645,0.169265899,0.219422103,0.210374572
CHSCTAXE,"Axe Valley, Seaton and Sidmouth CHSCT",0.126873003,0.117004666,0.109237092,0.156149967,0.12156807
CHSCTBARNSTAPLE,Barnstaple CHSCT,0.115976284,0.090115187,0.080228122,0.119926652,0.091665695
CHSCTBIDEFORD,Bideford and Northam CHSCT,0.073452429,0.065821541,0.061171023,0.068181266,0.061200947
CHSCTBRAUNTON,Braunton and Ilfracombe CHSCT,0.16088726,0.069468545,0.083140374,0.103499436,0.116603361
CHSCTCREDITON,Crediton CHSCT,0.123941465,0.107955768,0.109031422,0.11409116,0.11770351
CHSCTCULLOMPTON,Cullompton CHSCT,0.125815932,0.092158877,0.101258918,0.136738333,0.110972579
CHSCTDAWLISH,Dawlish and Teignmouth CHSCT,0.087413438,0.08273279,0.081743676,0.10087644,0.081878755
CHSCTEXETERCHALL,Exeter - County Hall CHSCT,0.086480671,0.065892198,0.058987973,0.086626369,0.060837606
CHSCTEXETERSYCAMORE,Exeter - Sycamores CHSCT,0.081988598,0.060388323,0.051592227,0.064578823,0.060938993
CHSCTEXMOUTH,Exmouth and Budleigh CHSCT,0.08297136,0.077774746,0.079814636,0.11569339,0.085568761
CHSCTHONITON,Honiton and Ottery St Mary CHSCT,0.090747356,0.045274565,0.035220822,0.092821251,0.042325888
CHSCTIVYBRIDGE,Ivybridge CHSCT,0.127726533,0.086718099,0.080762047,0.098001618,0.083063568
CHSCTKINGSBRIDGE,Kingsbridge CHSCT,0.125986,0.070532847,0.016520129,0.05644888,0.047451412
CHSCTNABBOT,Newton Abbot CHSCT,0.077772184,0.063739312,0.054024678,0.062238111,0.056316325
CHSCTOKE,Okehampton CHSCT,0.120094053,0.112776109,0.081820574,0.110487377,0.08678213
CHSCTSMOLTON,South Molton and Chulmleigh CHSCT,0.161453059,0.099216419,0.1149852,0.159283311,0.098440685
CHSCTTAVISTOCK,Tavistock CHSCT,0.098934204,0.094366301,0.092920799,0.124517542,0.109073827
CHSCTTEIGN,Teign Valley and South Dartmoor CHSCT,0.159143798,0.156274493,0.14754229,0.159880293,0.132367686
CHSCTTIVERTON,Tiverton CHSCT,0.06977287,0.045052879,0.055589456,0.068549032,0.050541258
CHSCTTORRINGTON,Torrington and Holsworthy CHSCT,0.164586331,0.05925782,0.090042546,0.10573348,0.118051465
CHSCTTOTNES,Totnes and Dartmouth CHSCT,0.139909654,0.11495835,0.101298435,0.10580677,0.105453123
Eastern,Eastern LCP,,,,,
Northern,Northern LCP,,,,,
Southern,Southern LCP,,,,,
Western,Western LCP,,,,,
