,,14,15,16,17,18,19
Area,Label,2009-2011,2010-2012,2011-2013,2012-2014,2013-2015,2014-2016
E92000001,England,,,,,,
E12000009,South West,,,,,,
E01015023,Plymouth 003A,188,183,185,195,218,229
E01015024,Plymouth 004A,119,115,113,116,114,113
E01015025,Plymouth 001A,166,164,173,170,181,185
E01015026,Plymouth 003B,201,185,174,181,180,194
E01015027,Plymouth 002A,132,124,134,145,151,148
E01015028,Plymouth 003C,196,193,192,183,185,188
E01015029,Plymouth 008A,205,197,193,170,167,160
E01015030,Plymouth 007A,220,215,215,220,217,206
E01015031,Plymouth 023A,176,178,181,182,177,180
E01015032,Plymouth 023B,156,140,145,138,155,151
E01015033,Plymouth 016A,119,111,107,112,117,122
E01015034,Plymouth 016B,161,172,176,178,168,151
E01015035,Plymouth 012A,136,120,112,113,121,136
E01015036,Plymouth 016C,167,143,127,136,151,171
E01015037,Plymouth 012B,125,108,116,127,151,160
E01015038,Plymouth 016D,148,148,150,144,146,144
E01015039,Plymouth 014A,208,203,216,221,225,192
E01015040,Plymouth 014B,177,156,151,152,165,180
E01015041,Plymouth 014C,147,141,129,138,138,179
E01015042,Plymouth 020A,136,132,133,128,126,126
E01015043,Plymouth 026A,189,181,192,196,197,198
E01015044,Plymouth 020B,174,174,162,169,158,149
E01015045,Plymouth 026B,194,176,162,160,172,181
E01015046,Plymouth 026C,342,333,331,348,329,318
E01015047,Plymouth 026D,184,159,156,173,181,193
E01015048,Plymouth 026E,134,140,153,171,194,217
E01015049,Plymouth 023C,106,95,88,90,85,89
E01015050,Plymouth 023D,146,131,108,105,119,132
E01015051,Plymouth 023E,104,101,101,104,103,114
E01015052,Plymouth 028A,183,183,183,176,166,162
E01015053,Plymouth 027A,99,86,94,95,113,129
E01015054,Plymouth 027B,145,129,123,125,132,129
E01015055,Plymouth 021A,214,191,172,182,197,211
E01015056,Plymouth 021B,217,179,164,168,181,201
E01015057,Plymouth 021C,299,277,259,240,242,250
E01015058,Plymouth 012C,183,178,170,170,186,202
E01015059,Plymouth 021D,139,133,132,139,136,136
E01015060,Plymouth 021E,159,164,150,158,157,172
E01015061,Plymouth 025A,131,120,117,124,125,128
E01015062,Plymouth 025B,118,125,132,144,140,135
E01015063,Plymouth 010A,168,167,169,177,188,199
E01015064,Plymouth 008B,169,162,161,171,184,186
E01015065,Plymouth 008C,162,160,141,143,148,170
E01015066,Plymouth 012D,100,112,119,131,131,130
E01015067,Plymouth 012E,157,136,134,135,140,151
E01015068,Plymouth 010B,147,145,142,141,140,124
E01015069,Plymouth 010C,188,196,197,208,189,184
E01015070,Plymouth 007B,279,257,255,258,249,251
E01015071,Plymouth 008D,197,193,182,185,179,188
E01015072,Plymouth 013A,189,186,195,191,184,178
E01015073,Plymouth 013B,195,187,175,188,195,191
E01015074,Plymouth 011A,208,212,214,220,208,208
E01015075,Plymouth 014D,225,195,179,161,154,164
E01015076,Plymouth 009A,134,121,115,126,122,121
E01015077,Plymouth 011B,233,239,233,241,237,243
E01015078,Plymouth 013C,192,161,146,178,206,236
E01015079,Plymouth 011C,170,157,146,156,148,139
E01015080,Plymouth 013D,167,144,119,100,91,86
E01015081,Plymouth 007C,206,201,203,191,185,175
E01015082,Plymouth 004B,228,207,219,215,231,242
E01015083,Plymouth 004C,257,253,244,233,234,238
E01015084,Plymouth 004D,172,156,158,176,181,186
E01015085,Plymouth 006A,206,205,177,182,180,191
E01015086,Plymouth 007D,170,173,174,184,180,180
E01015087,Plymouth 006B,183,157,158,166,184,177
E01015088,Plymouth 006C,211,188,188,175,186,186
E01015089,Plymouth 007E,241,224,206,213,208,212
E01015090,Plymouth 005A,111,103,99,103,114,124
E01015091,Plymouth 005B,141,130,135,141,155,156
E01015092,Plymouth 005C,131,138,159,155,161,157
E01015093,Plymouth 005D,160,156,149,150,148,166
E01015094,Plymouth 005E,161,166,163,168,174,185
E01015095,Plymouth 010D,180,179,177,174,170,178
E01015096,Plymouth 010E,171,160,159,159,159,162
E01015097,Plymouth 001B,164,177,193,206,210,225
E01015098,Plymouth 017A,139,118,114,116,125,121
E01015099,Plymouth 017B,113,120,102,93,80,88
E01015100,Plymouth 017C,128,114,104,105,109,109
E01015101,Plymouth 016E,174,176,184,200,200,202
E01015102,Plymouth 011D,168,148,136,136,145,149
E01015103,Plymouth 017D,127,118,118,122,135,147
E01015104,Plymouth 011E,120,108,113,114,126,127
E01015105,Plymouth 017E,122,117,110,116,124,127
E01015106,Plymouth 013E,100,94,87,92,93,106
E01015107,Plymouth 018A,155,128,123,113,119,121
E01015108,Plymouth 022A,165,153,147,160,146,159
E01015109,Plymouth 022B,119,113,114,118,126,131
E01015110,Plymouth 018B,112,93,94,100,113,117
E01015111,Plymouth 018C,120,103,107,107,127,128
E01015112,Plymouth 019A,212,197,195,191,185,173
E01015113,Plymouth 019B,141,144,140,144,143,137
E01015114,Plymouth 019C,152,145,126,119,115,117
E01015115,Plymouth 022C,246,240,231,209,204,204
E01015116,Plymouth 022D,139,152,137,138,122,131
E01015117,Plymouth 022E,122,121,120,123,123,124
E01015118,Plymouth 019D,152,136,129,134,137,146
E01015119,Plymouth 018D,125,111,95,100,111,122
E01015120,Plymouth 015A,178,169,161,163,169,180
E01015121,Plymouth 015B,149,132,126,123,136,146
E01015122,Plymouth 019E,148,147,132,140,142,150
E01015123,Plymouth 015C,313,313,287,277,277,276
E01015124,Plymouth 015D,185,177,158,165,163,164
E01015125,Plymouth 015E,120,131,126,129,120,123
E01015126,Plymouth 030A,177,175,172,169,165,167
E01015127,Plymouth 030B,156,158,155,151,157,152
E01015128,Plymouth 032A,141,127,132,145,146,153
E01015129,Plymouth 032B,133,120,121,128,138,132
E01015130,Plymouth 032C,151,133,127,115,121,119
E01015131,Plymouth 030C,149,154,162,162,146,147
E01015132,Plymouth 030D,156,163,152,149,141,153
E01015133,Plymouth 030E,149,133,120,117,125,132
E01015134,Plymouth 032D,173,176,168,155,164,186
E01015135,Plymouth 031A,171,162,152,160,161,172
E01015136,Plymouth 031B,153,154,138,136,127,127
E01015137,Plymouth 031C,144,131,121,131,129,136
E01015138,Plymouth 031D,140,142,142,143,147,160
E01015139,Plymouth 031E,179,180,187,172,151,136
E01015140,Plymouth 032E,150,148,151,147,148,142
E01015141,Plymouth 031F,190,174,161,155,161,165
E01015142,Plymouth 009B,131,134,139,150,160,173
E01015143,Plymouth 009C,150,141,147,147,146,153
E01015144,Plymouth 009D,205,180,166,173,177,174
E01015145,Plymouth 014E,258,241,245,246,255,256
E01015146,Plymouth 009E,188,182,179,182,191,203
E01015147,Plymouth 006D,156,155,164,165,159,154
E01015148,Plymouth 006E,184,166,162,170,181,187
E01015149,Plymouth 009F,187,190,208,202,207,191
E01015150,Plymouth 009G,146,145,149,158,170,165
E01015151,Plymouth 029A,199,198,189,203,198,190
E01015152,Plymouth 027C,261,261,241,239,235,262
E01015153,Plymouth 029B,225,202,195,205,218,245
E01015155,Plymouth 029C,259,236,241,250,261,282
E01015156,Plymouth 027E,194,184,181,197,198,205
E01015157,Plymouth 029D,253,246,247,263,272,293
E01015158,Plymouth 029E,231,234,237,253,266,287
E01015159,Plymouth 002B,215,221,219,216,214,214
E01015160,Plymouth 001C,141,133,135,126,126,124
E01015161,Plymouth 002C,170,161,165,162,165,172
E01015162,Plymouth 002D,199,185,179,172,176,196
E01015163,Plymouth 003D,160,169,174,194,197,214
E01015164,Plymouth 001D,166,178,188,212,200,202
E01015165,Plymouth 003E,186,167,153,161,145,136
E01015166,Plymouth 002E,161,172,188,215,232,252
E01015167,Plymouth 020C,152,143,137,164,172,174
E01015168,Plymouth 020D,188,171,170,160,161,167
E01015169,Plymouth 024A,215,205,197,205,208,212
E01015170,Plymouth 024B,221,217,187,201,195,222
E01015171,Plymouth 020E,254,240,229,226,207,203
E01015172,Plymouth 029F,177,160,160,162,175,165
E01015173,Plymouth 024C,183,164,153,163,166,173
E01015174,Plymouth 024D,166,156,147,149,148,145
E01015175,Plymouth 025C,150,139,137,143,140,148
E01015176,Plymouth 021F,213,210,200,208,203,212
E01015177,Plymouth 025D,136,128,125,121,114,126
E01015178,Plymouth 025E,148,131,121,121,127,142
E01015179,Plymouth 028B,130,123,116,105,104,101
E01015180,Plymouth 028C,236,214,203,200,202,209
E01015181,Plymouth 028D,182,170,178,191,210,212
E01015182,Plymouth 028E,258,227,232,229,245,259
E01015183,Torbay 017A,133,144,143,156,165,180
E01015184,Torbay 017B,162,141,128,134,160,189
E01015185,Torbay 017C,154,149,144,148,151,158
E01015186,Torbay 017D,132,130,137,137,150,167
E01015187,Torbay 017E,139,139,149,147,150,149
E01015188,Torbay 017F,171,173,169,171,176,188
E01015189,Torbay 017G,112,106,111,113,122,122
E01015190,Torbay 013A,179,181,161,169,182,201
E01015191,Torbay 013B,119,119,114,129,143,157
E01015192,Torbay 013C,151,147,140,143,141,148
E01015193,Torbay 013D,139,125,117,125,150,166
E01015194,Torbay 013E,128,123,144,144,152,159
E01015195,Torbay 013F,151,137,142,136,161,185
E01015196,Torbay 013G,156,166,170,187,199,235
E01015197,Torbay 016A,116,118,128,130,135,139
E01015198,Torbay 016B,157,160,155,172,186,218
E01015199,Torbay 016C,135,133,137,146,161,153
E01015200,Torbay 016D,102,100,100,92,101,103
E01015201,Torbay 016E,113,118,113,125,134,148
E01015202,Torbay 012A,107,116,125,117,124,132
E01015203,Torbay 012B,108,109,118,108,111,115
E01015204,Torbay 012C,136,131,125,131,147,181
E01015205,Torbay 012D,123,128,131,128,130,139
E01015206,Torbay 012E,146,158,160,168,177,200
E01015207,Torbay 009A,107,120,128,141,165,193
E01015208,Torbay 019F,154,163,157,172,183,216
E01015209,Torbay 019A,219,207,193,187,187,209
E01015210,Torbay 007B,174,175,185,186,189,193
E01015211,Torbay 009C,143,142,132,141,154,174
E01015212,Torbay 007C,123,128,134,141,162,173
E01015213,Torbay 007D,116,116,138,145,154,160
E01015214,Torbay 006A,152,154,162,163,169,174
E01015215,Torbay 006B,119,117,121,123,122,145
E01015216,Torbay 006C,136,127,131,145,179,198
E01015217,Torbay 008A,191,175,160,176,199,232
E01015218,Torbay 006D,150,166,169,176,173,190
E01015219,Torbay 015A,171,184,192,186,178,188
E01015220,Torbay 015B,125,130,132,122,126,128
E01015221,Torbay 015C,128,123,130,147,188,214
E01015222,Torbay 015D,124,112,113,117,140,154
E01015223,Torbay 015E,92,81,83,91,112,118
E01015224,Torbay 011A,139,135,133,135,142,165
E01015225,Torbay 011B,135,131,141,143,149,145
E01015226,Torbay 011C,110,114,117,112,121,133
E01015227,Torbay 011D,114,111,119,128,140,151
E01015228,Torbay 011E,199,191,186,181,194,214
E01015229,Torbay 014A,208,208,207,210,214,231
E01015230,Torbay 011F,112,121,129,146,151,156
E01015231,Torbay 014B,233,233,250,256,272,281
E01015232,Torbay 014C,234,240,261,266,280,295
E01015233,Torbay 014D,180,181,183,189,200,220
E01015234,Torbay 014E,119,120,126,127,147,146
E01015235,Torbay 014F,252,238,224,211,213,243
E01015236,Torbay 002A,121,129,138,152,151,177
E01015237,Torbay 002B,96,109,119,126,120,125
E01015238,Torbay 002C,171,184,193,196,203,203
E01015239,Torbay 002D,236,237,262,275,301,328
E01015240,Torbay 005A,236,245,257,277,293,322
E01015241,Torbay 005B,159,160,155,166,185,205
E01015242,Torbay 005C,128,124,114,120,130,146
E01015243,Torbay 005D,95,96,104,109,125,138
E01015244,Torbay 018A,129,134,142,139,139,159
E01015245,Torbay 018B,155,152,158,160,168,171
E01015246,Torbay 018C,153,151,165,164,161,172
E01015247,Torbay 018D,134,134,132,143,157,188
E01015248,Torbay 018E,157,140,134,138,157,181
E01015249,Torbay 003A,168,176,181,182,192,209
E01015250,Torbay 003B,106,103,104,108,124,148
E01015251,Torbay 003C,110,98,96,110,122,129
E01015252,Torbay 003D,178,190,197,208,237,293
E01015253,Torbay 003E,97,108,104,112,112,133
E01015254,Torbay 003F,138,142,147,156,160,176
E01015255,Torbay 008B,231,223,211,215,227,261
E01015256,Torbay 008C,246,247,249,245,262,324
E01015257,Torbay 004A,160,174,186,187,199,218
E01015258,Torbay 004B,169,163,167,178,197,233
E01015259,Torbay 004C,138,145,147,154,158,166
E01015260,Torbay 004D,216,211,202,203,219,241
E01015261,Torbay 008D,241,231,225,249,281,311
E01015262,Torbay 001A,134,123,120,127,143,166
E01015263,Torbay 001B,178,174,177,175,194,216
E01015264,Torbay 001C,124,129,139,142,163,168
E01015265,Torbay 001D,144,159,165,166,169,174
E01015266,Torbay 001E,183,183,205,203,227,247
E01015267,Torbay 010A,214,209,211,215,232,242
E01015268,Torbay 010B,183,180,182,198,223,251
E01015269,Torbay 010C,211,208,211,205,226,246
E01015270,Torbay 010D,224,224,237,234,233,266
E01015271,Torbay 010E,129,139,143,148,138,152
E01019886,East Devon 005A,222,215,223,229,241,255
E01019887,East Devon 005B,132,151,156,167,176,195
E01019888,East Devon 005C,174,179,191,199,197,197
E01019889,East Devon 005D,132,134,133,133,142,148
E01019890,East Devon 009A,136,136,141,146,156,163
E01019891,East Devon 006A,114,116,111,129,122,132
E01019892,East Devon 006B,135,141,147,160,222,298
E01019893,East Devon 006C,140,148,154,183,193,222
E01019894,East Devon 017A,134,127,128,140,141,154
E01019895,East Devon 017B,137,127,120,123,129,148
E01019896,East Devon 017C,170,167,168,186,188,192
E01019897,East Devon 017D,132,136,129,127,128,139
E01019898,East Devon 014A,180,188,210,212,229,235
E01019899,East Devon 007A,110,117,120,133,132,138
E01019900,East Devon 007B,158,160,157,145,139,138
E01019901,East Devon 009B,95,79,75,85,102,104
E01019902,East Devon 001A,219,224,220,216,220,241
E01019903,East Devon 006D,154,156,165,166,163,155
E01019904,East Devon 015A,133,137,143,151,155,163
E01019905,East Devon 015B,114,108,105,105,120,130
E01019906,East Devon 015C,132,128,130,133,128,129
E01019907,East Devon 015D,136,136,137,133,126,134
E01019908,East Devon 016A,106,113,120,135,128,125
E01019909,East Devon 016B,145,149,165,162,157,156
E01019910,East Devon 016C,142,139,140,138,149,155
E01019911,East Devon 016D,150,168,173,187,181,196
E01019912,East Devon 020A,193,203,203,207,190,197
E01019913,East Devon 020B,202,221,231,248,262,273
E01019914,East Devon 020C,253,276,299,302,283,254
E01019915,East Devon 020D,175,185,186,197,199,206
E01019916,East Devon 019A,154,151,161,162,175,183
E01019917,East Devon 019B,131,129,135,138,141,135
E01019918,East Devon 019C,177,162,165,176,172,176
E01019919,East Devon 019D,150,153,140,154,153,165
E01019920,East Devon 018A,122,122,134,148,154,152
E01019921,East Devon 018B,120,132,141,149,146,142
E01019922,East Devon 018C,206,196,207,215,204,200
E01019923,East Devon 018D,104,104,106,119,138,141
E01019924,East Devon 018E,102,99,99,123,131,139
E01019925,East Devon 004A,91,93,86,85,94,104
E01019927,East Devon 002A,172,165,169,178,173,181
E01019928,East Devon 003A,152,157,141,133,136,142
E01019929,East Devon 003B,106,119,122,121,134,135
E01019930,East Devon 003C,117,131,139,147,149,151
E01019931,East Devon 003D,104,110,107,105,91,83
E01019932,East Devon 002B,195,183,166,172,182,195
E01019933,East Devon 002C,125,111,99,108,114,128
E01019934,East Devon 002D,198,202,209,225,225,239
E01019935,East Devon 007C,94,100,96,109,113,124
E01019936,East Devon 007D,97,104,109,114,111,111
E01019937,East Devon 013A,152,147,149,165,175,172
E01019938,East Devon 001B,158,170,171,171,162,166
E01019939,East Devon 008A,111,120,129,134,130,127
E01019940,East Devon 008B,118,127,128,132,124,133
E01019942,East Devon 008C,163,144,150,167,184,184
E01019943,East Devon 008D,122,124,125,127,129,121
E01019944,East Devon 008E,129,145,143,145,134,149
E01019945,East Devon 013B,140,154,150,163,161,178
E01019946,East Devon 010A,158,164,160,165,169,192
E01019947,East Devon 010B,220,237,231,238,242,253
E01019948,East Devon 010C,126,126,125,131,136,150
E01019949,East Devon 010D,134,141,146,139,125,135
E01019950,East Devon 010E,131,137,139,134,138,136
E01019951,East Devon 009C,197,211,211,203,204,201
E01019952,East Devon 011A,180,185,184,191,195,185
E01019953,East Devon 011B,147,137,141,148,166,167
E01019954,East Devon 011C,116,124,144,172,182,197
E01019955,East Devon 011D,173,173,171,172,174,187
E01019956,East Devon 012A,205,210,226,223,224,220
E01019957,East Devon 012B,202,199,203,204,207,208
E01019958,East Devon 012C,205,199,197,196,202,209
E01019959,East Devon 004D,93,84,89,86,82,90
E01019960,East Devon 004E,74,70,76,87,93,97
E01019961,East Devon 007E,184,187,185,186,192,181
E01019962,East Devon 004F,140,144,153,158,172,175
E01019963,East Devon 013C,107,108,100,110,111,121
E01019964,East Devon 014B,153,143,147,148,150,148
E01019965,East Devon 014C,155,155,164,166,168,166
E01019966,East Devon 005E,95,93,83,83,77,81
E01019967,East Devon 001C,101,94,93,104,103,107
E01019968,Exeter 014A,142,146,162,190,184,178
E01019969,Exeter 014B,114,113,109,103,104,109
E01019970,Exeter 014C,123,132,139,133,129,136
E01019971,Exeter 014D,129,121,117,152,175,187
E01019972,Exeter 014E,111,108,102,117,120,123
E01019973,Exeter 012A,130,128,134,141,148,142
E01019974,Exeter 012B,142,151,151,158,155,149
E01019975,Exeter 010A,141,139,127,129,126,131
E01019976,Exeter 012C,149,164,170,187,190,197
E01019977,Exeter 012D,126,137,153,174,179,173
E01019980,Exeter 005A,127,121,114,121,127,143
E01019981,Exeter 012E,118,123,122,134,143,151
E01019982,Exeter 005B,117,118,105,108,119,131
E01019983,Exeter 005C,114,126,135,134,157,156
E01019984,Exeter 005D,83,92,99,99,96,97
E01019985,Exeter 005E,166,172,166,164,169,175
E01019986,Exeter 007A,127,127,118,119,118,125
E01019987,Exeter 006A,156,170,172,171,174,174
E01019988,Exeter 013A,154,158,158,166,165,163
E01019989,Exeter 006B,94,96,94,109,108,107
E01019990,Exeter 002A,136,135,139,161,169,169
E01019991,Exeter 002B,174,174,170,183,178,185
E01019992,Exeter 003A,137,154,182,193,196,194
E01019993,Exeter 002C,77,84,84,84,86,89
E01019994,Exeter 008A,120,119,111,113,128,143
E01019995,Exeter 008B,240,252,264,288,276,259
E01019996,Exeter 009A,122,132,141,139,131,126
E01019997,Exeter 004A,85,80,72,74,78,79
E01019998,Exeter 001C,112,109,105,112,114,111
E01019999,Exeter 001D,96,93,103,108,105,94
E01020000,Exeter 002D,124,126,145,145,145,136
E01020001,Exeter 001E,96,95,99,95,87,91
E01020002,Exeter 003B,131,138,154,180,194,206
E01020003,Exeter 003C,121,118,130,144,157,158
E01020004,Exeter 003D,91,102,103,105,96,101
E01020005,Exeter 003E,191,205,207,223,218,229
E01020006,Exeter 006C,148,151,157,165,161,150
E01020007,Exeter 002E,121,120,118,123,130,119
E01020008,Exeter 006D,77,77,79,86,97,94
E01020009,Exeter 006E,111,124,127,126,124,126
E01020010,Exeter 013B,177,190,195,200,193,201
E01020011,Exeter 015A,99,97,91,95,98,103
E01020012,Exeter 015B,156,170,178,181,177,173
E01020013,Exeter 013C,154,161,161,170,160,158
E01020014,Exeter 013D,186,198,208,233,237,244
E01020015,Exeter 013E,218,212,202,226,250,270
E01020016,Exeter 008C,267,268,260,270,274,294
E01020017,Exeter 008D,149,154,165,177,202,192
E01020018,Exeter 008E,185,194,227,263,265,243
E01020019,Exeter 004B,66,69,76,78,76,78
E01020020,Exeter 004C,91,96,100,109,108,108
E01020021,Exeter 004D,137,134,148,172,172,162
E01020022,Exeter 004E,159,144,134,130,138,148
E01020023,Exeter 009B,186,197,201,200,208,207
E01020024,Exeter 009C,126,126,129,134,147,143
E01020025,Exeter 009D,122,131,121,113,110,109
E01020026,Exeter 011A,136,144,136,131,124,145
E01020027,Exeter 011B,114,114,126,133,126,116
E01020029,Exeter 010B,131,125,120,120,116,118
E01020030,Exeter 010C,183,203,218,254,249,251
E01020031,Exeter 010D,109,128,144,161,159,157
E01020032,Exeter 010E,151,154,156,170,185,196
E01020033,Exeter 015C,170,168,186,189,223,229
E01020035,Exeter 011D,130,140,144,151,166,214
E01020036,Exeter 007B,174,173,170,179,168,157
E01020037,Exeter 007C,188,182,188,182,185,186
E01020038,Exeter 011E,101,107,112,125,131,149
E01020039,Exeter 007D,244,242,237,236,251,252
E01020040,Exeter 007E,124,132,131,147,140,146
E01020041,Mid Devon 011A,187,205,211,245,246,249
E01020042,Mid Devon 011B,112,114,129,137,152,154
E01020043,Mid Devon 008A,179,192,183,186,185,195
E01020044,Mid Devon 008B,107,108,110,122,130,137
E01020045,Mid Devon 006A,136,141,147,156,163,161
E01020046,Mid Devon 001A,117,119,119,126,126,132
E01020047,Mid Devon 002A,166,174,190,199,212,217
E01020048,Mid Devon 005A,164,176,169,171,177,188
E01020049,Mid Devon 001B,65,64,74,93,99,97
E01020050,Mid Devon 001C,153,157,154,157,162,178
E01020051,Mid Devon 002B,150,149,153,145,154,155
E01020052,Mid Devon 004A,177,184,183,191,184,183
E01020053,Mid Devon 004B,107,100,110,129,138,137
E01020054,Mid Devon 007A,147,159,171,203,203,189
E01020055,Mid Devon 007B,218,215,211,207,220,223
E01020056,Mid Devon 008C,130,135,140,141,145,146
E01020057,Mid Devon 007C,142,151,159,167,185,200
E01020058,Mid Devon 007D,146,150,146,158,161,163
E01020059,Mid Devon 006B,128,122,126,136,147,149
E01020060,Mid Devon 011C,167,175,194,201,210,205
E01020061,Mid Devon 011D,154,163,176,197,214,211
E01020062,Mid Devon 006C,91,94,98,104,107,124
E01020063,Mid Devon 003A,205,216,223,229,233,243
E01020064,Mid Devon 006D,136,150,151,150,148,168
E01020065,Mid Devon 004C,153,161,161,174,173,167
E01020066,Mid Devon 002C,141,148,162,163,167,160
E01020067,Mid Devon 004D,181,205,203,211,212,224
E01020068,Mid Devon 010A,137,129,120,143,162,171
E01020069,Mid Devon 010B,105,108,100,103,115,135
E01020070,Mid Devon 010C,131,131,146,152,170,167
E01020071,Mid Devon 008D,136,142,146,142,135,141
E01020072,Mid Devon 009A,118,122,123,123,116,112
E01020073,Mid Devon 009B,136,138,145,138,137,147
E01020074,Mid Devon 003B,150,160,153,139,142,183
E01020075,Mid Devon 003C,192,187,180,174,182,201
E01020076,Mid Devon 009C,126,124,124,128,134,135
E01020077,Mid Devon 001D,101,106,109,109,112,107
E01020078,Mid Devon 005B,133,132,143,151,165,162
E01020079,Mid Devon 005C,114,123,124,135,153,165
E01020080,Mid Devon 002D,72,90,102,104,98,94
E01020081,Mid Devon 005D,118,124,129,137,137,138
E01020082,Mid Devon 009D,91,93,94,105,94,98
E01020083,Mid Devon 010D,152,149,146,152,172,195
E01020084,North Devon 012A,166,180,189,201,191,192
E01020085,North Devon 012B,120,129,133,122,115,126
E01020086,North Devon 012C,130,135,137,140,133,142
E01020087,North Devon 014A,152,169,191,205,189,180
E01020088,North Devon 006A,170,164,170,161,156,162
E01020089,North Devon 005A,173,176,185,185,191,196
E01020090,North Devon 004A,141,149,157,163,161,159
E01020091,North Devon 005B,101,105,120,121,122,112
E01020092,North Devon 005C,132,139,140,135,139,135
E01020093,North Devon 005D,155,156,156,163,163,174
E01020094,North Devon 008A,286,298,304,300,307,306
E01020095,North Devon 008B,171,177,178,176,174,183
E01020096,North Devon 009A,198,200,221,228,234,243
E01020097,North Devon 013A,157,163,164,174,179,186
E01020098,North Devon 014B,167,163,172,178,181,181
E01020099,North Devon 002A,131,136,133,121,120,126
E01020100,North Devon 002B,80,92,91,88,90,93
E01020101,North Devon 002C,137,135,133,145,148,153
E01020102,North Devon 010A,108,113,118,110,112,114
E01020103,North Devon 010B,178,178,184,200,196,209
E01020104,North Devon 010C,140,139,148,137,139,145
E01020105,North Devon 011A,146,158,162,154,164,184
E01020106,North Devon 011B,137,135,133,139,152,153
E01020107,North Devon 011C,193,200,202,206,205,193
E01020108,North Devon 004B,133,135,141,144,144,156
E01020109,North Devon 004C,89,88,87,96,109,114
E01020110,North Devon 005E,183,199,219,228,227,245
E01020111,North Devon 001A,160,170,173,175,165,167
E01020112,North Devon 001B,203,223,230,226,205,201
E01020113,North Devon 003A,157,161,181,181,184,174
E01020114,North Devon 001C,89,92,99,105,108,111
E01020115,North Devon 001D,120,129,126,110,103,99
E01020116,North Devon 003B,156,172,171,173,148,155
E01020117,North Devon 003C,117,122,132,134,132,133
E01020118,North Devon 003D,138,136,130,127,122,127
E01020119,North Devon 011D,139,138,138,129,138,141
E01020120,North Devon 006B,151,155,165,168,177,185
E01020121,North Devon 012D,159,172,183,198,186,185
E01020122,North Devon 012E,130,131,140,136,137,148
E01020123,North Devon 009B,155,150,176,173,177,166
E01020124,North Devon 009C,154,161,159,159,148,147
E01020125,North Devon 009D,121,129,142,139,136,126
E01020126,North Devon 002D,146,149,145,140,143,153
E01020127,North Devon 006C,130,132,142,141,142,138
E01020128,North Devon 010D,105,119,134,147,141,143
E01020129,North Devon 010E,123,119,121,131,127,139
E01020130,North Devon 010F,155,173,183,182,177,174
E01020131,North Devon 013B,163,177,190,196,181,169
E01020132,North Devon 007A,187,196,208,197,194,192
E01020133,North Devon 007B,123,125,118,117,115,126
E01020134,North Devon 007C,127,132,133,129,127,127
E01020135,North Devon 013C,200,230,228,219,198,197
E01020136,North Devon 013D,176,185,187,166,169,172
E01020137,North Devon 013E,147,144,164,171,168,175
E01020138,North Devon 014C,189,195,190,205,218,231
E01020139,North Devon 007D,166,185,199,203,186,188
E01020140,North Devon 008C,126,129,132,129,129,138
E01020141,North Devon 008D,192,196,197,199,210,221
E01020142,South Hams 006A,148,157,167,171,174,184
E01020143,South Hams 006B,155,160,159,168,167,175
E01020144,South Hams 001A,103,98,95,91,91,93
E01020145,South Hams 001B,178,176,171,181,184,189
E01020146,South Hams 001C,101,104,120,127,136,126
E01020147,South Hams 008A,158,158,162,161,167,165
E01020148,South Hams 002A,79,82,91,87,87,83
E01020149,South Hams 001D,132,128,123,127,125,123
E01020150,South Hams 006C,188,183,168,173,191,209
E01020151,South Hams 007A,148,148,149,142,147,154
E01020152,South Hams 007B,160,149,139,150,169,180
E01020153,South Hams 004A,98,96,104,106,104,106
E01020154,South Hams 007C,108,116,123,112,108,113
E01020155,South Hams 007D,111,122,131,129,127,134
E01020156,South Hams 004B,147,134,137,148,169,184
E01020157,South Hams 002B,143,140,148,154,157,169
E01020158,South Hams 008B,119,139,134,139,136,150
E01020159,South Hams 008C,127,124,118,104,109,122
E01020160,South Hams 002C,146,150,139,141,140,151
E01020161,South Hams 005A,265,267,274,284,279,280
E01020162,South Hams 005B,108,112,113,117,120,125
E01020163,South Hams 005C,142,135,125,126,121,122
E01020164,South Hams 005D,155,144,146,148,151,144
E01020165,South Hams 005E,101,100,99,87,87,82
E01020166,South Hams 005F,119,128,127,127,120,116
E01020167,South Hams 005G,94,91,90,101,95,84
E01020168,South Hams 010A,225,227,223,211,213,230
E01020169,South Hams 010B,166,172,178,196,205,212
E01020170,South Hams 004C,177,199,204,208,208,228
E01020171,South Hams 009A,147,134,137,142,149,150
E01020172,South Hams 012A,177,166,177,180,194,184
E01020173,South Hams 012B,141,150,157,172,153,140
E01020174,South Hams 011A,130,124,116,114,133,143
E01020175,South Hams 011B,187,187,181,184,192,195
E01020176,South Hams 002D,96,105,107,114,117,110
E01020177,South Hams 002E,144,163,174,168,160,154
E01020178,South Hams 011C,177,188,186,181,178,195
E01020179,South Hams 012C,154,164,177,185,188,207
E01020180,South Hams 003A,166,164,169,167,179,195
E01020181,South Hams 003B,193,178,167,182,212,234
E01020182,South Hams 003C,102,105,105,96,95,110
E01020183,South Hams 003D,125,136,137,131,131,135
E01020184,South Hams 003E,146,144,141,151,143,150
E01020185,South Hams 009B,111,108,111,112,122,134
E01020186,South Hams 009C,90,94,89,94,90,101
E01020187,South Hams 009D,165,156,162,156,150,151
E01020188,South Hams 004D,141,141,148,145,144,146
E01020189,South Hams 010C,216,232,241,256,273,272
E01020190,South Hams 008D,174,174,170,171,176,185
E01020191,Teignbridge 013A,131,143,145,154,157,190
E01020192,Teignbridge 019A,152,140,151,151,157,161
E01020193,Teignbridge 019B,120,131,131,138,123,138
E01020194,Teignbridge 013B,87,90,98,107,114,119
E01020195,Teignbridge 017A,158,161,153,139,139,155
E01020196,Teignbridge 017B,180,173,175,181,192,204
E01020197,Teignbridge 017C,134,129,115,116,119,129
E01020198,Teignbridge 017D,117,120,128,126,128,135
E01020199,Teignbridge 017E,162,177,167,157,145,160
E01020200,Teignbridge 011A,81,82,87,94,98,105
E01020201,Teignbridge 011B,192,183,176,174,188,185
E01020202,Teignbridge 007A,208,206,222,222,239,248
E01020203,Teignbridge 004A,168,166,155,169,181,193
E01020204,Teignbridge 007B,128,132,134,132,144,158
E01020205,Teignbridge 003A,137,141,135,131,141,151
E01020206,Teignbridge 004B,129,136,137,137,151,173
E01020207,Teignbridge 013C,128,125,131,143,179,217
E01020208,Teignbridge 012A,127,129,128,127,140,149
E01020209,Teignbridge 012B,128,136,126,130,137,152
E01020210,Teignbridge 012C,103,96,98,97,109,118
E01020211,Teignbridge 014A,176,168,170,174,185,215
E01020212,Teignbridge 016A,138,140,157,164,188,186
E01020213,Teignbridge 016B,153,161,156,157,152,175
E01020214,Teignbridge 016C,142,141,146,152,167,187
E01020215,Teignbridge 016D,109,114,118,124,131,137
E01020216,Teignbridge 015A,188,184,177,176,186,194
E01020217,Teignbridge 014B,173,179,181,187,188,206
E01020218,Teignbridge 014C,184,194,191,201,210,245
E01020219,Teignbridge 012D,163,171,170,175,180,187
E01020220,Teignbridge 004C,121,129,145,152,160,155
E01020221,Teignbridge 004D,161,166,154,153,150,166
E01020222,Teignbridge 004E,91,81,90,93,91,85
E01020223,Teignbridge 004F,157,158,153,153,159,178
E01020224,Teignbridge 014D,90,89,87,96,104,107
E01020225,Teignbridge 015B,126,122,120,115,128,141
E01020226,Teignbridge 015C,170,162,165,155,165,191
E01020227,Teignbridge 015D,195,196,190,200,205,215
E01020228,Teignbridge 006A,221,218,230,256,283,291
E01020229,Teignbridge 005A,159,171,185,224,252,284
E01020230,Teignbridge 005B,121,136,144,154,160,163
E01020231,Teignbridge 005C,127,127,131,135,152,171
E01020232,Teignbridge 005D,130,123,130,141,149,152
E01020233,Teignbridge 006B,142,147,145,144,162,174
E01020234,Teignbridge 006C,119,118,114,109,113,138
E01020235,Teignbridge 006D,201,186,188,188,195,221
E01020236,Teignbridge 007C,118,117,122,117,124,119
E01020237,Teignbridge 007D,127,136,134,131,143,155
E01020238,Teignbridge 019C,110,114,98,94,97,123
E01020239,Teignbridge 019D,107,111,111,117,126,134
E01020240,Teignbridge 002A,156,166,175,191,195,192
E01020241,Teignbridge 002B,125,127,129,124,116,139
E01020242,Teignbridge 002C,83,92,109,124,157,178
E01020243,Teignbridge 001A,82,85,86,89,85,74
E01020244,Teignbridge 002D,170,152,152,166,180,192
E01020245,Teignbridge 002E,116,117,122,140,144,157
E01020246,Teignbridge 018A,63,73,67,81,81,91
E01020247,Teignbridge 018B,150,167,183,194,196,210
E01020248,Teignbridge 018C,171,171,153,158,156,178
E01020249,Teignbridge 018D,163,156,149,148,145,150
E01020250,Teignbridge 009A,140,139,148,162,168,179
E01020251,Teignbridge 011C,109,110,113,113,119,129
E01020252,Teignbridge 009B,160,166,170,162,170,178
E01020253,Teignbridge 009C,90,88,86,87,94,108
E01020254,Teignbridge 009D,157,157,160,148,160,170
E01020255,Teignbridge 009E,119,115,114,136,156,178
E01020256,Teignbridge 013D,126,128,134,133,147,155
E01020257,Teignbridge 009F,107,98,96,102,102,113
E01020258,Teignbridge 003B,147,136,134,134,144,164
E01020259,Teignbridge 003C,71,65,66,69,73,74
E01020260,Teignbridge 011D,146,148,156,154,158,150
E01020261,Teignbridge 011E,100,105,100,91,90,100
E01020262,Teignbridge 001B,107,113,125,149,161,164
E01020263,Teignbridge 001C,174,187,195,200,205,201
E01020264,Teignbridge 010A,185,175,172,178,197,197
E01020265,Teignbridge 008A,155,145,148,154,161,164
E01020266,Teignbridge 008B,117,120,114,123,123,132
E01020267,Teignbridge 008C,136,138,144,156,158,175
E01020268,Teignbridge 008D,148,164,173,180,177,187
E01020269,Teignbridge 010B,273,259,268,298,334,368
E01020270,Teignbridge 008E,121,118,122,125,124,128
E01020271,Teignbridge 010C,134,151,162,163,171,179
E01020272,Teignbridge 010D,180,175,165,156,153,176
E01020273,Teignbridge 003D,114,107,117,120,121,124
E01020274,Teignbridge 001D,87,90,85,85,78,80
E01020275,Torridge 001A,105,110,108,118,121,125
E01020276,Torridge 001B,136,136,150,159,160,166
E01020277,Torridge 004A,221,233,236,250,259,270
E01020278,Torridge 004B,144,149,150,148,143,143
E01020279,Torridge 004C,186,208,225,219,228,242
E01020280,Torridge 003A,253,253,247,233,246,256
E01020281,Torridge 003B,139,134,136,145,171,180
E01020282,Torridge 003C,209,218,215,221,231,241
E01020283,Torridge 004D,116,123,126,138,139,168
E01020284,Torridge 004E,197,190,190,197,213,219
E01020285,Torridge 004F,171,166,167,181,187,196
E01020286,Torridge 009A,118,124,128,131,147,156
E01020287,Torridge 007A,125,128,136,135,139,139
E01020288,Torridge 005A,108,115,125,135,140,130
E01020289,Torridge 009B,113,113,113,123,120,128
E01020290,Torridge 009C,139,152,168,187,189,194
E01020291,Torridge 008A,97,105,113,114,111,116
E01020292,Torridge 005B,107,108,116,130,147,157
E01020293,Torridge 008B,185,193,203,198,181,195
E01020294,Torridge 008C,195,219,238,246,249,257
E01020295,Torridge 005C,157,157,168,173,191,192
E01020296,Torridge 005D,94,103,104,100,86,81
E01020297,Torridge 001C,171,177,180,191,199,199
E01020298,Torridge 002A,234,260,268,259,236,217
E01020299,Torridge 001D,180,187,187,188,183,195
E01020300,Torridge 002B,137,136,136,132,137,145
E01020301,Torridge 009D,133,148,155,166,168,173
E01020302,Torridge 008D,129,139,147,152,154,161
E01020303,Torridge 007B,131,137,145,144,152,144
E01020304,Torridge 006A,164,173,181,186,174,160
E01020305,Torridge 006B,86,100,105,113,102,102
E01020306,Torridge 006C,93,98,101,100,102,95
E01020307,Torridge 006D,161,181,199,202,195,198
E01020308,Torridge 007C,136,133,149,135,132,139
E01020309,Torridge 008E,105,112,129,144,152,149
E01020310,Torridge 002C,193,208,212,213,211,221
E01020311,Torridge 007D,176,194,201,198,197,212
E01020312,West Devon 007A,141,141,132,131,129,147
E01020313,West Devon 007B,168,161,153,147,150,157
E01020314,West Devon 004A,149,152,153,152,147,160
E01020315,West Devon 007C,173,172,169,174,169,165
E01020316,West Devon 007D,160,156,146,146,143,146
E01020317,West Devon 006A,147,146,138,136,127,127
E01020318,West Devon 003A,141,134,125,128,133,128
E01020319,West Devon 003B,128,131,133,131,133,138
E01020320,West Devon 001A,138,145,151,144,135,142
E01020321,West Devon 001B,170,182,196,224,233,247
E01020322,West Devon 001C,170,186,201,211,238,265
E01020323,West Devon 003C,179,181,168,180,182,203
E01020324,West Devon 006B,150,137,127,124,123,129
E01020325,West Devon 004B,106,106,114,122,121,130
E01020326,West Devon 001D,139,148,154,185,189,197
E01020327,West Devon 002A,140,155,159,182,183,195
E01020328,West Devon 002B,183,205,209,223,210,205
E01020329,West Devon 002C,168,163,183,173,178,183
E01020330,West Devon 002D,190,201,212,231,226,230
E01020331,West Devon 004C,149,145,144,147,158,166
E01020332,West Devon 005A,163,162,157,179,191,207
E01020333,West Devon 005B,160,149,147,155,150,142
E01020334,West Devon 005C,209,206,203,201,210,230
E01020335,West Devon 005D,170,175,165,176,174,199
E01020336,West Devon 005E,121,109,106,107,108,119
E01020337,West Devon 005F,151,142,123,120,132,153
E01020338,West Devon 005G,190,196,198,204,200,199
E01020339,West Devon 003D,118,120,117,124,141,157
E01020340,West Devon 004D,138,132,128,128,125,137
E01020341,West Devon 006C,129,130,127,129,128,142
E01020342,West Devon 006D,164,145,147,146,159,156
E01032628,East Devon 004G,0,0,159,165,177,183
E01032657,Plymouth 027F,168,155,87,89,91,98
E01032658,Plymouth 027G,137,141,138,147,160,168
E01033232,Exeter 011F,117,132,104,103,99,104
E01033233,Exeter 001F,128,143,283,322,316,310
E01033234,Exeter 011G,131,137,92,97,96,101
E01033235,Exeter 015E,208,210,132,148,161,151
E01033236,Exeter 015F,126,119,87,101,107,118
E07000040,East Devon,11662,11839,12026,12501,12744,13234
E07000041,Exeter,9504,9781,10002,10588,10796,10956
E07000042,Mid Devon,5974,6184,6336,6637,6875,7105
E07000043,North Devon,8681,9037,9382,9426,9330,9514
E07000044,South Hams,7086,7150,7209,7317,7466,7726
E07000045,Teignbridge,11670,11760,11888,12261,12888,13873
E07000046,Torridge,5544,5819,6060,6205,6291,6462
E07000047,West Devon,4800,4812,4785,4960,5028,5299
E10000008,Devon,64921,66383,67689,69895,71419,74169
E06000026,Plymouth,27502,26211,25608,26075,26486,27251
E06000027,Torbay,13618,13628,13875,14304,15338,16852
IMDQ1,Q1 - Most Deprived,15761,15378,15370,15785,16276,17022
IMDQ2,Q2 - Above Average,26436,26456,26605,27508,28416,29852
IMDQ3,Q3 - Average,31167,31535,32127,33040,33726,35179
IMDQ4,Q4 - Below Average,24705,24966,25155,25860,26568,27665
IMDQ5,Q5 - Least Deprived,7972,7887,7914,8080,8258,8553
E02003122,Plymouth 001,637,652,689,713,716,736
E02003123,Plymouth 002,877,862,885,910,939,982
E02003124,Plymouth 003,931,897,878,914,926,960
E02003125,Plymouth 004,776,730,733,740,759,778
E02003126,Plymouth 005,704,692,705,717,752,789
E02003127,Plymouth 006,940,871,849,858,889,896
E02003128,Plymouth 007,1116,1071,1053,1065,1039,1024
E02003129,Plymouth 008,733,711,676,668,677,704
E02003130,Plymouth 009,1139,1092,1103,1138,1172,1180
E02003131,Plymouth 010,854,847,843,859,847,847
E02003132,Plymouth 011,899,864,841,866,864,866
E02003133,Plymouth 012,701,653,651,677,729,779
E02003134,Plymouth 013,842,772,722,749,769,798
E02003135,Plymouth 014,1014,936,920,917,937,970
E02003136,Plymouth 015,944,923,858,856,864,889
E02003137,Plymouth 016,769,751,744,769,782,789
E02003138,Plymouth 017,629,586,549,552,573,592
E02003139,Plymouth 018,512,434,419,420,470,488
E02003140,Plymouth 019,805,769,722,728,721,723
E02003141,Plymouth 020,904,860,831,847,824,819
E02003142,Plymouth 021,1241,1154,1077,1094,1116,1182
E02003143,Plymouth 022,790,779,748,749,722,749
E02003144,Plymouth 023,688,645,623,619,639,666
E02003145,Plymouth 024,785,742,684,718,717,753
E02003146,Plymouth 025,682,642,632,654,646,678
E02003147,Plymouth 026,1043,989,993,1048,1074,1106
E02003148,Plymouth 027,699,661,639,656,678,725
E02003149,Plymouth 028,989,918,912,902,926,944
E02003150,Plymouth 029,1344,1276,1269,1336,1390,1463
E02003151,Plymouth 030,787,783,760,748,734,750
E02003152,Plymouth 031,978,942,901,897,875,896
E02003153,Plymouth 032,749,705,699,689,717,731
E02003154,Torbay 001,762,769,807,812,896,971
E02003155,Torbay 002,625,659,712,749,775,833
E02003156,Torbay 003,798,817,829,876,946,1086
E02003157,Torbay 004,683,693,701,722,773,858
E02003158,Torbay 005,618,626,630,673,733,811
E02003159,Torbay 006,557,563,583,607,643,706
E02003161,Torbay 008,909,877,844,885,969,1128
E02003163,Torbay 010,961,960,984,1000,1052,1157
E02003164,Torbay 011,808,803,825,844,896,964
E02003165,Torbay 012,620,642,660,652,689,767
E02003166,Torbay 013,1021,999,987,1032,1129,1251
E02003167,Torbay 014,1226,1219,1251,1260,1326,1415
E02003168,Torbay 015,640,630,650,663,744,801
E02003169,Torbay 016,624,629,632,666,717,762
E02003170,Torbay 017,1004,982,982,1005,1073,1153
E02003171,Torbay 018,728,711,731,745,782,871
E02004129,East Devon 001,478,488,484,491,484,514
E02004130,East Devon 002,690,661,643,682,694,742
E02004131,East Devon 003,479,516,508,507,509,510
E02004132,East Devon 004,398,391,404,416,442,465
E02004133,East Devon 005,756,772,787,811,833,877
E02004134,East Devon 006,543,561,577,638,700,806
E02004135,East Devon 007,642,668,667,686,687,692
E02004136,East Devon 008,644,660,675,705,701,714
E02004137,East Devon 009,428,426,427,434,462,468
E02004138,East Devon 010,769,806,801,806,810,867
E02004139,East Devon 011,616,618,639,682,717,736
E02004140,East Devon 012,612,608,626,623,633,637
E02004141,East Devon 013,399,409,399,438,448,472
E02004142,East Devon 014,488,486,521,526,548,550
E02004143,East Devon 015,515,510,516,521,529,556
E02004144,East Devon 016,543,569,598,622,615,632
E02004145,East Devon 017,573,557,546,576,586,633
E02004146,East Devon 018,654,653,687,754,772,775
E02004147,East Devon 019,612,595,601,629,642,659
E02004148,East Devon 020,824,885,918,954,934,930
E02004149,Exeter 001,304,298,308,315,306,297
E02004150,Exeter 002,631,638,655,696,708,698
E02004151,Exeter 003,671,717,775,845,862,888
E02004152,Exeter 004,537,522,530,563,572,575
E02004153,Exeter 005,607,629,619,627,668,701
E02004154,Exeter 006,587,617,630,657,663,652
E02004155,Exeter 007,857,856,844,864,862,867
E02004156,Exeter 008,961,988,1028,1111,1146,1131
E02004157,Exeter 009,556,587,591,586,595,585
E02004158,Exeter 010,715,749,765,835,836,854
E02004159,Exeter 011,481,505,517,541,548,624
E02004160,Exeter 012,665,703,730,794,816,813
E02004161,Exeter 013,889,919,924,995,1005,1035
E02004162,Exeter 014,619,619,630,695,711,732
E02004163,Exeter 015,424,435,455,465,497,505
E02004164,Mid Devon 001,435,445,456,486,498,514
E02004165,Mid Devon 002,529,562,607,611,630,626
E02004166,Mid Devon 003,548,563,556,542,557,627
E02004167,Mid Devon 004,619,650,657,706,708,711
E02004168,Mid Devon 005,530,555,565,595,632,652
E02004169,Mid Devon 006,491,507,522,546,565,602
E02004170,Mid Devon 007,653,674,687,735,769,776
E02004171,Mid Devon 008,553,577,578,591,594,619
E02004172,Mid Devon 009,471,477,486,495,482,492
E02004173,Mid Devon 010,525,517,512,550,619,668
E02004174,Mid Devon 011,620,657,710,780,821,819
E02004175,North Devon 001,573,615,627,616,580,578
E02004176,North Devon 002,495,512,502,493,500,525
E02004177,North Devon 003,568,591,613,615,585,589
E02004178,North Devon 004,363,371,385,403,414,429
E02004179,North Devon 005,745,774,820,832,842,863
E02004180,North Devon 006,451,451,476,470,474,486
E02004181,North Devon 007,603,638,658,647,621,633
E02004182,North Devon 008,775,800,810,805,821,848
E02004183,North Devon 009,627,639,698,699,694,682
E02004184,North Devon 010,809,841,888,907,893,925
E02004185,North Devon 011,615,631,636,628,660,671
E02004186,North Devon 012,705,748,782,797,762,794
E02004187,North Devon 013,843,899,933,927,896,900
E02004188,North Devon 014,508,527,552,588,588,592
E02004189,South Hams 001,514,506,509,526,537,531
E02004190,South Hams 002,607,639,658,663,660,667
E02004191,South Hams 003,732,727,720,726,761,823
E02004192,South Hams 004,563,569,593,607,625,664
E02004193,South Hams 005,985,977,973,989,973,954
E02004194,South Hams 006,492,500,494,512,531,568
E02004195,South Hams 007,526,535,541,533,550,581
E02004196,South Hams 008,579,595,584,576,588,623
E02004197,South Hams 009,513,492,499,505,511,535
E02004198,South Hams 010,608,630,642,663,691,714
E02004199,South Hams 011,495,499,484,479,503,533
E02004200,South Hams 012,472,480,511,537,536,531
E02004201,Teignbridge 001,450,474,492,524,530,520
E02004202,Teignbridge 002,650,654,686,745,792,858
E02004203,Teignbridge 003,469,449,452,455,479,513
E02004204,Teignbridge 004,828,836,834,858,892,951
E02004205,Teignbridge 005,537,558,590,654,713,770
E02004206,Teignbridge 006,683,669,677,697,753,824
E02004207,Teignbridge 007,581,591,613,602,651,680
E02004208,Teignbridge 008,676,685,701,738,744,786
E02004209,Teignbridge 009,773,763,774,798,850,926
E02004210,Teignbridge 010,772,761,767,795,854,920
E02004211,Teignbridge 011,627,628,632,626,653,669
E02004212,Teignbridge 012,520,532,522,529,566,607
E02004213,Teignbridge 013,473,487,508,538,596,680
E02004214,Teignbridge 014,624,630,629,658,686,773
E02004215,Teignbridge 015,679,665,653,646,684,742
E02004216,Teignbridge 016,541,556,576,596,638,684
E02004217,Teignbridge 017,751,760,738,719,723,783
E02004218,Teignbridge 018,547,567,552,581,579,630
E02004219,Teignbridge 019,490,496,492,500,503,556
E02004220,Torridge 001,592,610,624,657,663,685
E02004221,Torridge 002,563,604,616,604,584,584
E02004222,Torridge 003,601,604,599,599,648,677
E02004223,Torridge 004,1035,1069,1095,1131,1169,1238
E02004224,Torridge 005,467,482,514,538,564,560
E02004225,Torridge 006,504,553,586,602,573,555
E02004226,Torridge 007,568,591,632,613,620,634
E02004227,Torridge 008,712,769,830,855,847,879
E02004228,Torridge 009,502,538,564,607,624,650
E02004229,West Devon 001,617,661,703,764,796,851
E02004230,West Devon 002,680,723,764,809,798,813
E02004231,West Devon 003,565,567,543,562,589,625
E02004232,West Devon 004,541,535,539,549,552,593
E02004233,West Devon 005,1164,1139,1099,1142,1166,1249
E02004234,West Devon 006,591,557,538,535,537,553
E02004235,West Devon 007,641,630,600,598,592,615
E02006840,Torbay 019,1036,1051,1066,1112,1194,1318
TOWN01,Ashburton-Buckfastleigh,751,760,738,719,723,783
TOWN02,Axminster,1231,1257,1270,1323,1351,1400
TOWN03,Barnstaple,4447,4610,4811,4823,4786,4897
TOWN04,Bideford-Northam,3397,3507,3585,3658,3766,3886
TOWN05,Braunton,976,1010,1064,1091,1112,1136
TOWN06,Crediton,1617,1651,1708,1825,1922,1979
TOWN07,Cullompton,1811,1878,1890,1945,2003,2133
TOWN08,Dartmouth,952,959,975,968,991,1028
TOWN09,Dawlish,1391,1379,1420,1518,1646,1785
TOWN10,Exeter (Wider),10928,11269,11575,12272,12597,12882
TOWN11,Exmouth,4276,4329,4428,4644,4669,4798
TOWN12,Great Torrington,897,950,1016,1017,996,976
TOWN13,Holsworthy,1214,1307,1395,1462,1471,1529
TOWN14,Honiton,1734,1734,1706,1746,1769,1853
TOWN15,Ilfracombe,1622,1703,1739,1728,1667,1695
TOWN16,Ivybridge,2816,2801,2796,2823,2835,2877
TOWN17,Kingsbridge,1535,1579,1623,1666,1711,1768
TOWN18,Lynton-Lynmouth,146,149,145,140,143,153
TOWN19,Moretonhampstead,332,308,317,324,338,362
TOWN20,Newton Abbot,6488,6567,6586,6727,7075,7691
TOWN21,Okehampton,2147,2248,2323,2433,2470,2595
TOWN22,Ottery St Mary,1015,1045,1068,1131,1160,1214
TOWN23,Seaton,1172,1219,1219,1230,1236,1306
TOWN24,Sidmouth,1578,1583,1626,1673,1728,1746
TOWN25,South Molton,1162,1231,1296,1310,1266,1261
TOWN26,Tavistock,2829,2758,2664,2725,2756,2917
TOWN27,Teignmouth,1866,1859,1887,1956,2042,2146
TOWN28,Tiverton,2808,2920,3004,3159,3261,3322
TOWN29,Totnes,1782,1811,1816,1859,1929,2053
DIV1,Alphington & Cowick ED,1298,1361,1421,1535,1554,1560
DIV2,Ashburton & Buckfastleigh ED,1090,1125,1112,1119,1118,1230
DIV3,Axminster ED,1037,1064,1081,1110,1136,1169
DIV4,Barnstaple North ED,1576,1638,1689,1679,1676,1723
DIV5,Barnstaple South ED,1239,1280,1365,1378,1353,1364
DIV6,Bickleigh & Wembury ED,959,946,962,975,985,1000
DIV7,Bideford East ED,1245,1297,1315,1315,1364,1413
DIV8,Bideford West & Hartland ED,857,858,893,953,1017,1063
DIV9,Bovey Rural ED,1086,1098,1106,1109,1197,1272
DIV10,Braunton Rural ED,976,1010,1064,1091,1112,1136
DIV11,Broadclyst ED,723,749,787,850,929,1042
DIV12,Chudleigh & Teign Valley ED,1053,1053,1074,1091,1109,1154
DIV13,Chulmleigh & Landkey ED,764,784,824,854,860,885
DIV14,Combe Martin Rural ED,927,943,955,939,942,981
DIV15,Crediton ED,990,1024,1074,1165,1222,1247
DIV16,"Creedy, Taw & Mid Exe ED",971,983,999,1033,1077,1116
DIV17,Cullompton & Bradninch ED,963,1002,1009,1062,1098,1117
DIV18,Dartmouth & Marldon ED,1090,1105,1135,1140,1175,1246
DIV19,Dawlish ED,1220,1227,1267,1351,1466,1593
DIV20,Duryard & Pennsylvania ED,564,557,600,631,623,595
DIV21,Exminster & Haldon ED,838,852,897,984,1039,1096
DIV22,Exmouth & Budleigh Salterton Coastal ED,1397,1442,1464,1530,1520,1562
DIV23,Exmouth ED,2739,2733,2814,2950,2988,3057
DIV24,Exwick & St Thomas ED,1180,1219,1206,1264,1303,1353
DIV25,Feniton & Honiton ED,1260,1270,1237,1275,1298,1356
DIV26,Fremington Rural ED,1031,1076,1095,1091,1099,1132
DIV27,Hatherleigh & Chagford ED,1004,1047,1077,1146,1203,1273
DIV28,Heavitree & Whipton Barton ED,1361,1386,1380,1435,1440,1459
DIV29,Holsworthy Rural ED,1214,1307,1395,1462,1471,1529
DIV30,Ilfracombe ED,1140,1205,1240,1231,1165,1167
DIV31,Ipplepen & The Kerswells ED,1162,1185,1169,1188,1206,1299
DIV32,Ivybridge ED,985,977,973,989,973,954
DIV33,Kingsbridge ED,1102,1129,1126,1142,1194,1247
DIV34,Kingsteignton & Teign Estuary ED,1281,1267,1284,1312,1402,1499
DIV35,Newton Abbot North ED,1194,1213,1202,1236,1329,1469
DIV36,Newton Abbot South ED,1298,1294,1308,1336,1425,1554
DIV37,Northam ED,1155,1213,1240,1261,1247,1269
DIV38,Okehampton Rural ED,1221,1258,1303,1358,1349,1406
DIV39,Otter Valley ED,936,961,974,1033,1037,1065
DIV40,Pinhoe & Mincinglake ED,1058,1110,1167,1273,1295,1332
DIV41,Salcombe ED,897,934,974,1009,1013,1031
DIV42,Seaton & Colyton ED,1267,1298,1294,1314,1338,1409
DIV43,Sidmouth ED,1425,1437,1477,1508,1553,1574
DIV44,South Brent & Yealmpton ED,977,989,993,994,1008,1041
DIV45,South Molton ED,1027,1101,1150,1163,1123,1125
DIV46,St David's & Haven Banks ED,1100,1127,1160,1248,1304,1293
DIV47,St Sidwells & St James ED,1218,1231,1240,1293,1316,1304
DIV48,Tavistock ED,1164,1139,1099,1142,1166,1249
DIV49,Teignmouth ED,1448,1446,1468,1534,1598,1706
DIV50,Tiverton East ED,1037,1069,1098,1150,1176,1175
DIV51,Tiverton West ED,985,1040,1085,1148,1202,1238
DIV52,Torrington Rural ED,1072,1144,1218,1215,1193,1188
DIV53,Totnes & Dartington ED,1076,1070,1047,1068,1119,1207
DIV54,Wearside & Topsham ED,740,772,800,815,871,926
DIV55,Whimple & Blackdown ED,878,885,898,930,944,1000
DIV56,Willand & Uffculme ED,1028,1067,1071,1078,1100,1212
DIV57,Wonford & St Loyes ED,985,1019,1028,1094,1090,1134
DIV58,Yelverton Rural ED,1411,1369,1306,1313,1310,1371
CHSCTAXE,"Axe Valley, Seaton and Sidmouth CHSCT",3981,4060,4115,4226,4316,4452
CHSCTBARNSTAPLE,Barnstaple CHSCT,3555,3673,3854,3861,3826,3906
CHSCTBIDEFORD,Bideford and Northam CHSCT,4073,4222,4300,4356,4439,4589
CHSCTBRAUNTON,Braunton and Ilfracombe CHSCT,2744,2862,2948,2959,2921,2984
CHSCTCREDITON,Crediton CHSCT,1652,1700,1745,1866,1953,2004
CHSCTCULLOMPTON,Cullompton CHSCT,2323,2400,2422,2504,2553,2697
CHSCTDAWLISH,Dawlish and Teignmouth CHSCT,2994,3007,3079,3224,3410,3655
CHSCTEXETERCHALL,Exeter - County Hall CHSCT,5040,5213,5365,5748,6013,6305
CHSCTEXETERSYCAMORE,Exeter - Sycamores CHSCT,5757,5898,6045,6378,6465,6502
CHSCTEXMOUTH,Exmouth and Budleigh CHSCT,4276,4329,4428,4644,4669,4798
CHSCTHONITON,Honiton and Ottery St Mary CHSCT,2609,2631,2620,2695,2736,2846
CHSCTIVYBRIDGE,Ivybridge CHSCT,2829,2852,2850,2875,2867,2907
CHSCTKINGSBRIDGE,Kingsbridge CHSCT,1535,1579,1623,1666,1711,1768
CHSCTNABBOT,Newton Abbot CHSCT,5166,5223,5222,5357,5644,6169
CHSCTOKE,Okehampton CHSCT,2303,2370,2431,2565,2613,2752
CHSCTSMOLTON,South Molton and Chulmleigh CHSCT,1474,1562,1642,1646,1600,1621
CHSCTTAVISTOCK,Tavistock CHSCT,3169,3087,3009,3072,3110,3260
CHSCTTEIGN,Teign Valley and South Dartmoor CHSCT,2398,2432,2444,2449,2538,2706
CHSCTTIVERTON,Tiverton CHSCT,2695,2801,2894,3047,3167,3211
CHSCTTORRINGTON,Torrington and Holsworthy CHSCT,2327,2479,2653,2743,2754,2792
CHSCTTOTNES,Totnes and Dartmouth CHSCT,2020,2002,2000,2015,2111,2245
Eastern,Eastern LCP,,,,,,
Northern,Northern LCP,,,,,,
Southern,Southern LCP,,,,,,
Western,Western LCP,,,,,,
