Area,Label,2009-2011,2010-2012,2011-2013,2012-2014,2013-2015,2014-2016
E92000001,England,,,,,,
E12000009,South West,,,,,,
E01015023,Plymouth 003A,945.9312907,904.742669,865.6676566,862.5995281,812.1843969,813.1878779
E01015024,Plymouth 004A,891.4911914,877.2210211,850.0040398,842.3695524,734.5346651,743.4668739
E01015025,Plymouth 001A,597.0759617,534.2740963,519.9929093,539.7561031,516.2167813,482.1671097
E01015026,Plymouth 003B,966.6499827,887.8388426,863.0945173,885.5780078,840.6075976,821.9061448
E01015027,Plymouth 002A,796.0053717,747.3749562,743.3207008,764.6001802,683.4694907,695.9093538
E01015028,Plymouth 003C,1024.974111,1022.348278,1042.667406,979.9553508,914.6000444,911.192374
E01015029,Plymouth 008A,849.6925011,824.4274755,810.3585901,771.0918983,729.5705484,721.1736347
E01015030,Plymouth 007A,1040.231515,962.7763516,964.4358873,980.7591648,910.6421211,909.2591259
E01015031,Plymouth 023A,817.5103771,834.6033063,822.7819042,826.1256106,782.7435185,762.6315201
E01015032,Plymouth 023B,1040.729929,989.157159,1133.806774,1011.094452,928.1551226,955.2660273
E01015033,Plymouth 016A,769.3320732,674.8796613,625.2765143,664.3594428,604.4095284,620.2140507
E01015034,Plymouth 016B,732.1528753,786.8560177,721.4083264,733.2713048,674.6297617,690.8681486
E01015035,Plymouth 012A,812.1675541,749.6794486,735.1724989,721.2940706,647.3120266,629.808574
E01015036,Plymouth 016C,743.4590062,698.1076021,685.0161395,718.6602584,628.4231989,602.8632091
E01015037,Plymouth 012B,778.7874538,715.4709702,737.353395,785.2951697,738.0413024,705.4890146
E01015038,Plymouth 016D,798.9986344,755.0038028,720.4240817,694.2831142,641.2778999,628.063436
E01015039,Plymouth 014A,749.6718207,749.9836074,742.3259984,815.6791967,756.2744149,768.2156479
E01015040,Plymouth 014B,1048.757288,949.1094497,924.4875356,908.3083372,851.895021,830.8633378
E01015041,Plymouth 014C,982.1889951,929.5246722,865.5954989,883.7040339,836.7021806,802.5141933
E01015042,Plymouth 020A,873.0863174,882.1713696,855.623989,866.3911535,832.8273541,818.0987094
E01015043,Plymouth 026A,1041.944716,1020.476988,1095.536461,1103.011098,1077.915522,1047.252031
E01015044,Plymouth 020B,1035.268571,981.4010578,956.6184347,999.8071691,902.9074099,878.1522985
E01015045,Plymouth 026B,1094.964537,1049.872761,987.4181479,961.2546081,920.9744084,890.6857501
E01015046,Plymouth 026C,1024.298715,983.5237039,1007.181349,1072.951817,1014.37198,1005.52341
E01015047,Plymouth 026D,1025.157672,972.575741,885.9907864,883.2368786,846.6015426,817.9712205
E01015048,Plymouth 026E,1304.142009,1189.241106,1071.273152,1049.584397,986.1850201,951.6011308
E01015049,Plymouth 023C,949.981331,1008.076281,957.7509626,970.7009375,878.5288387,888.0721312
E01015050,Plymouth 023D,939.479916,1072.44044,968.8231483,1048.867379,972.6862051,924.5130587
E01015051,Plymouth 023E,922.2418049,934.2556377,990.3044474,852.9183205,741.4461998,737.4706084
E01015052,Plymouth 028A,1026.185927,1100.44667,1061.933095,1060.032981,994.2595054,1011.818407
E01015053,Plymouth 027A,1136.650996,1034.074365,1031.3618,957.9850386,850.2861308,857.2099806
E01015054,Plymouth 027B,1449.240148,1295.020165,1380.166899,1643.555592,1557.521771,1566.469312
E01015055,Plymouth 021A,1132.456158,1053.514495,1004.12405,1006.206495,946.9701019,939.0861167
E01015056,Plymouth 021B,848.7867604,776.47871,725.7192065,742.8954721,681.8557847,672.4341077
E01015057,Plymouth 021C,1140.555335,1081.75549,994.3826271,1000.397528,909.3136135,903.1025555
E01015058,Plymouth 012C,1110.823827,1076.906285,1017.300446,1035.934954,945.0145555,929.6557667
E01015059,Plymouth 021D,900.39662,899.0587827,853.1981021,904.3047098,804.9060107,805.1967166
E01015060,Plymouth 021E,900.3195797,888.3670263,864.6532725,946.4588429,819.9339899,839.5543023
E01015061,Plymouth 025A,868.4855178,810.4547641,843.9439317,815.484053,763.1168886,754.3038275
E01015062,Plymouth 025B,756.9471448,769.0841903,923.8685588,1034.557686,1025.019961,890.6285172
E01015063,Plymouth 010A,942.3717618,912.7985898,898.1966002,870.0324078,819.3887709,797.3178006
E01015064,Plymouth 008B,753.1078843,729.1147404,646.059075,666.1845473,592.6015039,578.193889
E01015065,Plymouth 008C,762.7201151,755.2547007,726.4942538,677.1698281,624.5834658,606.9056741
E01015066,Plymouth 012D,777.9119191,789.877655,806.7322188,875.6455619,769.2832388,781.8489518
E01015067,Plymouth 012E,838.1175885,732.8627412,699.8736292,739.7845541,696.054414,678.3427356
E01015068,Plymouth 010B,841.0476635,821.0232531,775.9284485,829.0267025,708.2579037,710.6027685
E01015069,Plymouth 010C,885.8249751,889.6978255,889.4404447,919.7221384,868.9742926,839.505316
E01015070,Plymouth 007B,748.5473115,680.049047,658.0837316,668.2025489,642.3101762,618.1165454
E01015071,Plymouth 008D,895.9447281,837.0610759,790.522507,846.6330376,776.278974,781.688131
E01015072,Plymouth 013A,965.56435,939.4945297,949.9796912,962.0297599,901.4472355,870.4927549
E01015073,Plymouth 013B,1012.602315,967.9205629,896.3162301,974.4987415,881.2415683,872.4655558
E01015074,Plymouth 011A,990.846555,1002.72434,972.1847877,992.9792662,907.3993631,905.5678586
E01015075,Plymouth 014D,1071.790406,985.8546661,946.9111816,916.1109919,886.4830487,872.8018881
E01015076,Plymouth 009A,943.6550148,845.9135494,775.8744045,813.8929727,756.6200405,764.3638384
E01015077,Plymouth 011B,821.8395698,802.8890238,764.4460632,783.7962529,696.2577019,715.298126
E01015078,Plymouth 013C,976.4057457,1065.732013,1134.244616,1046.048109,929.4958385,928.223484
E01015079,Plymouth 011C,853.8681008,803.7671109,775.1453372,819.6429688,711.632118,697.4462007
E01015080,Plymouth 013D,1069.697723,1059.329308,1164.265707,1326.540816,1199.054382,1246.984506
E01015081,Plymouth 007C,924.9410078,906.3143572,933.730915,922.8855873,895.8085892,876.7417618
E01015082,Plymouth 004B,1057.542832,931.4400478,936.44459,947.6707598,883.3602948,866.9607642
E01015083,Plymouth 004C,1136.594024,1144.313518,1059.092959,1007.848776,921.2714393,917.6635998
E01015084,Plymouth 004D,936.9412112,913.2502664,841.6027613,899.13713,835.0101222,842.1222506
E01015085,Plymouth 006A,936.5568136,877.7834361,802.3983963,793.5058224,750.309477,714.3378992
E01015086,Plymouth 007D,877.4424528,838.2954521,865.6817375,924.1410491,832.9504565,833.5418535
E01015087,Plymouth 006B,963.6251803,919.9957208,919.2451453,944.4257616,901.2190447,893.8901664
E01015088,Plymouth 006C,1047.867662,971.0711156,984.5673416,918.9466765,868.5090903,845.4727449
E01015089,Plymouth 007E,764.9688139,724.0196736,715.8560009,751.7275757,697.8681471,693.8620145
E01015090,Plymouth 005A,913.7631694,822.1757532,792.4250206,877.4589834,717.4297789,749.7308619
E01015091,Plymouth 005B,794.4344318,681.9662375,735.9783734,782.3834186,713.5709825,717.0459462
E01015092,Plymouth 005C,910.9288407,913.9145558,999.4413542,978.5331476,846.8495914,853.4862784
E01015093,Plymouth 005D,923.1215069,882.8782326,872.8532082,956.0465155,926.302957,908.4822912
E01015094,Plymouth 005E,869.9012511,851.2054577,829.6083615,853.0687104,806.497249,798.1977664
E01015095,Plymouth 010D,975.3588599,905.0301739,898.9162932,864.6174744,822.2929763,798.9124533
E01015096,Plymouth 010E,939.094713,868.5305701,877.3264005,879.7480591,836.3927857,799.3472591
E01015097,Plymouth 001B,723.9066127,619.7238976,592.813168,574.7025519,515.3654247,510.6708489
E01015098,Plymouth 017A,757.3265206,713.2872197,725.1861745,753.293659,655.3904692,651.701175
E01015099,Plymouth 017B,852.6218805,846.3529256,768.4805962,717.7613555,653.8740791,617.9410308
E01015100,Plymouth 017C,905.8924139,837.5307536,826.8249644,843.4391614,735.1811842,731.1291241
E01015101,Plymouth 016E,625.8040882,588.2887176,594.992763,626.26868,589.7520971,592.1441778
E01015102,Plymouth 011D,824.9478189,801.692524,734.9664447,736.7530577,688.2281863,691.9421293
E01015103,Plymouth 017D,842.9827405,833.0502084,835.5026709,834.3947129,769.4572788,767.853483
E01015104,Plymouth 011E,702.7361451,656.7620111,704.7336452,721.154393,658.9217779,663.6546063
E01015105,Plymouth 017E,733.212149,769.6414344,724.8746593,692.8733614,625.6762768,586.569293
E01015106,Plymouth 013E,862.4212089,797.5229624,736.3365818,775.4668368,660.4799325,653.7259024
E01015107,Plymouth 018A,911.8542222,845.7248679,834.3081981,810.3019487,757.8687102,730.3633806
E01015108,Plymouth 022A,665.7524854,686.2037,660.8101689,705.2252349,656.6070491,649.1318204
E01015109,Plymouth 022B,877.1021274,867.5096704,878.9239923,895.9169907,785.9515871,766.0056319
E01015110,Plymouth 018B,785.4216091,729.6775963,678.7253471,676.518323,664.6055485,657.3187113
E01015111,Plymouth 018C,797.1620025,735.1183958,734.1915914,781.5918607,724.5124827,705.9393067
E01015112,Plymouth 019A,831.1939055,781.7660396,801.3420054,815.9116715,743.0616307,755.5513394
E01015113,Plymouth 019B,751.8925844,791.4731811,732.6868262,756.8420941,664.2969927,674.2066078
E01015114,Plymouth 019C,764.0946388,719.9792315,661.7326101,668.1565629,566.5507262,585.7835423
E01015115,Plymouth 022C,954.4264448,873.8138648,832.300862,776.0045968,695.2482654,693.8740602
E01015116,Plymouth 022D,876.7897965,898.4002797,848.9213474,828.8246099,734.1181209,727.4288769
E01015117,Plymouth 022E,873.8179574,905.5535681,799.4021336,819.4207458,701.4308399,714.1604967
E01015118,Plymouth 019D,767.5377814,728.0079439,644.3938477,678.7424144,592.1342356,599.7720388
E01015119,Plymouth 018D,794.4640289,714.7459771,656.1022534,691.8003055,635.2929925,626.3435342
E01015120,Plymouth 015A,822.4032227,769.2978693,723.7112244,732.1849525,693.4467966,689.5475778
E01015121,Plymouth 015B,759.0661582,684.6293675,643.3317639,571.876188,534.8927076,521.5181994
E01015122,Plymouth 019E,764.612553,705.1990056,643.3699642,623.4219692,539.3640494,552.5964723
E01015123,Plymouth 015C,699.1993214,649.5510732,600.1489142,580.5529002,538.9314209,543.8633307
E01015124,Plymouth 015D,783.6902841,684.5077545,646.208471,690.3906868,624.1074549,633.7586184
E01015125,Plymouth 015E,774.1334543,860.128008,768.8894885,798.298123,716.9225634,707.2793386
E01015126,Plymouth 030A,650.4976699,651.3351674,601.2325738,667.1816459,538.2122743,560.6271263
E01015127,Plymouth 030B,796.6617454,793.2945936,819.14986,749.7913357,687.0154686,675.2445378
E01015128,Plymouth 032A,724.3501276,609.8691639,639.2168548,626.3854178,569.6613356,557.0872191
E01015129,Plymouth 032B,890.0808994,841.7189228,863.8784932,877.899326,837.8733163,740.6545815
E01015130,Plymouth 032C,871.4845728,792.0837725,759.9821646,712.1786094,663.0228178,656.3448936
E01015131,Plymouth 030C,640.9256942,632.2326047,857.3652318,642.8614911,533.8486848,522.8144795
E01015132,Plymouth 030D,722.7185538,730.4883556,703.0405117,660.4521136,624.7214764,596.9052751
E01015133,Plymouth 030E,803.7148095,677.2913141,624.0987159,566.9403152,450.6204307,474.3878032
E01015134,Plymouth 032D,778.5072232,736.709173,645.474404,594.1726782,552.5712484,538.6628155
E01015135,Plymouth 031A,877.6665901,847.6072563,759.8036095,801.8842832,732.361568,740.6970528
E01015136,Plymouth 031B,858.8329546,774.0840331,731.3025994,741.2082613,653.4537505,652.7401083
E01015137,Plymouth 031C,802.1487207,671.0670069,628.4838534,645.7735259,562.6631852,598.2051474
E01015138,Plymouth 031D,851.7850803,799.488104,792.9149505,788.9545632,701.2427948,708.8384683
E01015139,Plymouth 031E,884.252085,815.9081365,816.3238662,794.2410219,709.4879265,722.2751074
E01015140,Plymouth 032E,777.3046789,719.2306797,720.1906532,709.0145456,627.7559164,607.121508
E01015141,Plymouth 031F,798.4796671,709.1351012,676.8043741,617.8918765,581.7621231,584.4057766
E01015142,Plymouth 009B,1000.814356,914.0906063,908.148746,921.2805371,848.0013646,862.7954053
E01015143,Plymouth 009C,969.4985079,900.6690891,857.3940224,849.2912866,807.4756661,792.8587793
E01015144,Plymouth 009D,1022.733623,972.610387,936.7042734,943.2996707,867.5426647,858.2645496
E01015145,Plymouth 014E,#DIV/0!,958.7367535,#DIV/0!,#DIV/0!,#DIV/0!,#DIV/0!
E01015146,Plymouth 009E,959.5989316,935.1418793,897.3139882,923.3482526,869.9500504,853.2767659
E01015147,Plymouth 006D,964.8508763,970.3378352,957.5833578,950.9578058,850.6170708,845.6816479
E01015148,Plymouth 006E,981.6259492,915.4269717,875.2690405,923.6888131,850.2147493,836.289518
E01015149,Plymouth 009F,1046.723942,1044.515219,1027.373414,1010.232436,944.7655463,978.8531363
E01015150,Plymouth 009G,867.4790756,868.6686576,855.5195362,842.699209,782.5183452,765.6036191
E01015151,Plymouth 029A,910.2340017,937.71153,948.737039,986.7330118,927.5379833,917.5688422
E01015152,Plymouth 027C,992.2916006,989.1906285,951.1466175,957.8902873,905.3762678,892.5115906
E01015153,Plymouth 029B,941.8872543,863.1023816,825.1408201,874.4965538,819.3205053,813.002913
E01015155,Plymouth 029C,1044.489452,974.9919607,986.9896823,982.162305,960.3569043,943.707952
E01015156,Plymouth 027E,1168.093706,987.4979339,1024.868982,1211.414408,1049.361309,1030.345801
E01015157,Plymouth 029D,777.4468632,747.1415237,744.0809373,718.358128,671.1881375,677.9551879
E01015158,Plymouth 029E,744.9888138,803.0950612,813.8612568,785.5019403,755.3569813,734.9957768
E01015159,Plymouth 002B,784.1074572,764.1929511,739.5341733,784.1361104,733.6589549,711.6836162
E01015160,Plymouth 001C,826.5680442,705.4220493,703.5713053,687.5614923,597.8513369,617.469425
E01015161,Plymouth 002C,960.4595794,885.732366,864.3520897,849.6063888,781.5381126,763.1805617
E01015162,Plymouth 002D,957.8024375,922.3222133,873.587349,884.9665479,812.7890069,803.0686977
E01015163,Plymouth 003D,872.9551021,790.9316034,753.0747095,840.9209193,738.5425558,733.3998602
E01015164,Plymouth 001D,751.1104284,752.9500078,748.3162705,793.7322744,735.6208601,707.5618851
E01015165,Plymouth 003E,896.5031873,845.5187931,796.2289093,826.8060351,780.6541824,735.2870952
E01015166,Plymouth 002E,884.1814778,779.1595653,794.0273729,782.8153765,733.7245318,720.1354454
E01015167,Plymouth 020C,933.1456961,854.9486844,824.1895303,872.7287903,834.9933464,819.5623609
E01015168,Plymouth 020D,913.0126404,862.8198105,853.0853692,815.0277327,764.9378684,744.9144793
E01015169,Plymouth 024A,661.4036343,634.9515663,671.2401588,783.1145295,679.25729,663.0559958
E01015170,Plymouth 024B,929.0421047,875.20859,831.1452198,808.3534799,751.9982291,728.0825442
E01015171,Plymouth 020E,880.7290301,820.0401656,820.8523743,835.1080012,795.1625301,799.8476522
E01015172,Plymouth 029F,850.4869883,792.8425747,775.8220021,794.7251201,729.7600667,734.5849364
E01015173,Plymouth 024C,759.1736858,739.7533021,708.4222658,765.222817,676.937024,658.2129741
E01015174,Plymouth 024D,865.0700757,801.7814381,797.6082601,758.5473472,698.8227782,682.050319
E01015175,Plymouth 025C,847.4048494,819.1617759,853.7446476,850.8502296,782.3153331,765.3797331
E01015176,Plymouth 021F,1001.448903,987.5929612,959.3812909,966.423266,898.8871512,894.43552
E01015177,Plymouth 025D,711.4088058,725.0293627,746.5578268,748.4432903,652.6430506,633.179976
E01015178,Plymouth 025E,800.6029361,771.6756449,740.8873141,805.3219055,695.0828198,715.0926587
E01015179,Plymouth 028B,861.2406923,857.3868146,846.5655193,864.5622968,743.6349714,742.9780396
E01015180,Plymouth 028C,971.3448219,915.3004476,877.4072055,852.0502145,789.6519514,771.2496683
E01015181,Plymouth 028D,846.0832907,771.8010733,807.1523383,806.9129935,767.0299254,775.5068941
E01015182,Plymouth 028E,996.1620386,920.3183586,899.4517987,880.9390803,822.2011868,786.3185268
E01015183,Torbay 017A,708.5897071,748.6112355,716.9589598,785.3283367,749.2802505,740.242472
E01015184,Torbay 017B,658.7736854,642.4687261,584.4556378,638.2086604,552.7883036,578.3614858
E01015185,Torbay 017C,658.0630416,636.2217869,630.6857038,645.5562911,609.4819757,657.2248161
E01015186,Torbay 017D,886.5244081,915.0098306,896.1561996,835.1622727,814.8231072,818.8794601
E01015187,Torbay 017E,562.5423841,572.3467952,580.0473977,558.9466264,551.003571,540.5084136
E01015188,Torbay 017F,780.9534194,749.9710044,693.8442853,638.4194311,607.0595773,591.8929512
E01015189,Torbay 017G,867.1615449,852.3096266,885.0650841,815.9581041,811.0477106,806.4176478
E01015190,Torbay 013A,820.064128,840.8059621,802.4435917,794.9887373,764.2325868,772.1946032
E01015191,Torbay 013B,705.5360971,694.2472009,675.2131227,729.1983915,716.1765263,711.4868215
E01015192,Torbay 013C,902.6061559,885.8100221,798.8750095,775.2121112,742.536339,721.4044881
E01015193,Torbay 013D,814.0443743,785.3972974,784.5541233,800.0403956,767.4723153,718.7562165
E01015194,Torbay 013E,816.0515683,849.5414641,882.5521105,885.0314035,837.6934458,840.0589717
E01015195,Torbay 013F,789.5136898,729.9509431,751.3345067,712.20911,689.4347405,686.4527855
E01015196,Torbay 013G,915.6180518,991.9463667,1000.908351,1054.850813,1021.330296,1011.058856
E01015197,Torbay 016A,543.0102296,479.7942383,522.1977342,538.386838,547.7982191,566.1688127
E01015198,Torbay 016B,527.648741,537.0228329,524.0388079,610.329689,581.1509788,601.0361352
E01015199,Torbay 016C,700.8516686,652.0198125,540.926847,543.5358682,481.6631881,455.5384489
E01015200,Torbay 016D,823.6246169,832.1918262,855.5203817,784.1215868,748.9453448,750.42833
E01015201,Torbay 016E,622.3761953,703.4377976,618.6804843,643.7826261,618.978463,611.082809
E01015202,Torbay 012A,668.4731691,672.8986623,664.5856873,634.3564794,607.2056034,608.3175338
E01015203,Torbay 012B,741.7033919,703.133382,737.2382843,722.9345981,642.6160619,628.1673615
E01015204,Torbay 012C,877.8724691,874.771319,829.8846909,792.5572703,735.258011,730.9239143
E01015205,Torbay 012D,756.4571368,713.6036672,712.8544138,707.2107036,646.6690618,650.6940301
E01015206,Torbay 012E,667.8780524,722.1732775,745.9339113,724.9113387,687.1732479,706.7580924
E01015207,Torbay 009A,695.3740683,719.4038616,705.0290137,759.4006978,738.1855107,731.3842701
E01015208,Torbay 019F,575.8923906,624.2560509,602.146326,513.6638297,468.7989764,467.9835121
E01015209,Torbay 019A,904.3021204,878.9478472,893.429953,845.1172177,836.1642154,823.6248992
E01015210,Torbay 007B,961.8253404,912.4712404,889.9071299,907.6090671,868.3806793,850.0947167
E01015211,Torbay 009C,686.2713168,657.18415,637.077131,679.8506287,633.1816137,638.1955151
E01015212,Torbay 007C,829.6181405,874.924891,887.0459584,949.2302225,892.1119759,888.4397276
E01015213,Torbay 007D,749.4603832,778.7001136,826.2480633,832.3463436,783.1654631,770.5353414
E01015214,Torbay 006A,938.1773427,964.3260273,980.4361597,991.4541415,965.3652939,950.4382608
E01015215,Torbay 006B,753.8536274,739.6288176,701.0538361,705.7525006,669.9943874,652.5058789
E01015216,Torbay 006C,918.8980156,843.8629585,870.1486176,904.6134127,873.1367033,842.438073
E01015217,Torbay 008A,942.3851903,878.4804263,867.558962,887.1950299,842.0293737,829.0541548
E01015218,Torbay 006D,847.1913984,856.7723435,823.2511071,844.3421203,794.5377847,795.3721666
E01015219,Torbay 015A,741.3664108,758.8708896,855.413084,786.4777986,740.3934001,770.277077
E01015220,Torbay 015B,763.4418823,756.1176582,733.6179944,715.746485,667.4088164,667.9045905
E01015221,Torbay 015C,727.106589,731.292082,698.768882,739.4605539,752.3851879,750.3202867
E01015222,Torbay 015D,684.2530294,661.8925012,679.5653744,662.3922485,639.7497884,653.6148131
E01015223,Torbay 015E,828.8989553,751.5165538,761.4506737,800.8554043,677.3359825,721.740229
E01015224,Torbay 011A,714.4150659,734.2388167,736.2542479,716.3461212,666.8405479,669.4697709
E01015225,Torbay 011B,648.1315493,646.5176502,634.4535565,659.54858,622.369649,646.6227634
E01015226,Torbay 011C,664.8773352,696.2651621,713.7440675,714.1210469,634.9786654,642.8887088
E01015227,Torbay 011D,600.9235685,581.3886446,605.0752899,734.5979967,627.0716908,618.9340434
E01015228,Torbay 011E,717.3499602,695.0438243,671.7962494,676.5917295,623.578569,640.4320784
E01015229,Torbay 014A,605.7953863,662.1539575,629.7803957,641.7855707,607.5518882,596.4387299
E01015230,Torbay 011F,662.4525183,619.1725397,603.587564,626.4259683,582.2729069,596.0007446
E01015231,Torbay 014B,908.9693099,862.4336891,884.1593905,884.2271399,863.4898876,855.2423847
E01015232,Torbay 014C,771.2172785,761.6079432,765.1579405,741.9940628,711.0779314,735.6091175
E01015233,Torbay 014D,887.3959061,866.0592272,910.9606467,957.9105345,916.533508,890.5951726
E01015234,Torbay 014E,850.2757968,813.8314493,816.2484652,834.3636975,821.7150544,809.6485511
E01015235,Torbay 014F,647.8497096,646.7710731,562.0323116,531.2697995,522.2127567,525.1283537
E01015236,Torbay 002A,711.9353046,747.4952772,718.3775905,751.9793229,709.7740265,701.0027788
E01015237,Torbay 002B,812.9176883,840.8060992,914.2432008,947.0757814,904.2296458,906.8178273
E01015238,Torbay 002C,765.4234974,802.785843,787.6949132,751.1485081,731.7288437,735.1597635
E01015239,Torbay 002D,648.0526052,652.5903414,689.0436533,669.9617351,636.5917976,650.4909742
E01015240,Torbay 005A,621.0089137,574.1129788,573.8060995,592.1425909,579.1425652,588.3214412
E01015241,Torbay 005B,707.6191583,760.3360626,715.6606036,737.2445979,700.1436739,701.3168544
E01015242,Torbay 005C,956.397936,1004.773408,886.5417065,919.90879,875.8212402,858.3973832
E01015243,Torbay 005D,683.8658958,845.576339,718.7465935,683.4230487,655.6813656,650.4598646
E01015244,Torbay 018A,728.0185275,680.2429212,694.4781338,698.9428541,671.3745161,664.7383958
E01015245,Torbay 018B,815.1491297,727.0693943,718.1261706,750.7166549,721.2599795,719.9805518
E01015246,Torbay 018C,610.547986,689.9508843,687.9269257,625.0908793,587.3627705,594.5773455
E01015247,Torbay 018D,677.7868768,636.2257903,600.4081021,630.0061938,586.2983597,584.4488996
E01015248,Torbay 018E,865.6753627,789.3107063,755.6620529,763.6563647,747.0696377,726.2551794
E01015249,Torbay 003A,775.9455491,810.0042515,824.923185,857.9726447,827.6439757,820.5653448
E01015250,Torbay 003B,805.0880754,773.4612125,748.3744716,769.903031,710.2779937,704.1656232
E01015251,Torbay 003C,928.2851594,828.4857854,812.8544014,894.5435353,829.0968709,839.4223315
E01015252,Torbay 003D,632.5988337,634.9644193,613.2715541,605.6399064,579.3642942,564.6482265
E01015253,Torbay 003E,803.4647893,853.466339,816.381089,909.5018738,881.1172401,860.1212081
E01015254,Torbay 003F,802.6686625,785.6984837,712.7526855,769.9386261,748.3597031,722.4004746
E01015255,Torbay 008B,1019.649601,1016.196378,1011.846568,1007.273036,985.0376691,980.8304561
E01015256,Torbay 008C,886.8892122,896.6923764,1014.54022,970.3582074,930.9880063,895.1333918
E01015257,Torbay 004A,1022.790165,1125.481638,1110.722741,1119.648431,1048.750649,1041.560705
E01015258,Torbay 004B,684.8794963,668.4641941,654.3293336,654.621359,609.2007791,609.7052188
E01015259,Torbay 004C,962.9285312,964.1575057,985.0054339,1066.507196,1018.561743,980.9950988
E01015260,Torbay 004D,918.6608608,926.2879518,929.4209463,905.2888171,840.7441176,822.9083746
E01015261,Torbay 008D,782.182288,781.4095344,735.7477736,760.5619947,717.2190123,716.7393732
E01015262,Torbay 001A,940.9905531,879.6206695,854.5914757,874.0023354,823.3704434,832.3610279
E01015263,Torbay 001B,976.8263619,962.0884785,969.4128393,922.6583611,900.5403532,882.6734646
E01015264,Torbay 001C,622.0565247,664.0140239,737.8411968,696.583346,645.7046502,652.9480023
E01015265,Torbay 001D,758.7912848,779.1852994,766.1229107,755.1783535,691.5998628,692.4837223
E01015266,Torbay 001E,950.6610288,927.4377888,978.3417277,1003.277354,933.8912302,927.059054
E01015267,Torbay 010A,785.061174,749.4169182,799.4932412,831.293796,733.0175103,765.4630222
E01015268,Torbay 010B,752.7699226,702.872075,722.2851906,763.2026799,673.4507077,668.6339531
E01015269,Torbay 010C,706.3287875,622.4943706,571.8991487,549.2061815,540.2377991,523.3998944
E01015270,Torbay 010D,771.9907988,750.7801505,751.4179311,702.8061945,666.2835376,690.491332
E01015271,Torbay 010E,634.8799853,585.510542,543.7889412,589.2158032,553.6895684,528.603731
E01019886,East Devon 005A,524.129848,496.5664315,506.0679233,488.7612439,483.7599488,487.6413541
E01019887,East Devon 005B,804.5168818,753.3903115,695.2292355,769.4555611,721.0747318,722.1321353
E01019888,East Devon 005C,584.2750337,583.3786602,598.9499653,607.1012529,547.3447973,572.4008297
E01019889,East Devon 005D,530.5692191,521.0451515,493.4518721,537.0232527,518.6113819,513.3046635
E01019890,East Devon 009A,498.3240353,528.8409279,509.2368562,512.1691935,485.4197289,466.4757794
E01019891,East Devon 006A,700.0143452,778.9761202,657.6829438,692.498214,611.9898557,605.5720847
E01019892,East Devon 006B,668.9235519,679.4322279,734.8269409,679.8124807,598.228765,559.4892041
E01019893,East Devon 006C,594.5217727,652.3509062,611.3597364,790.4909989,660.1098907,686.9917191
E01019894,East Devon 017A,556.9504207,455.2609967,420.74483,437.5340098,369.4716886,353.2781322
E01019895,East Devon 017B,629.9137662,628.5291741,563.6690889,513.5462452,497.8385296,513.5389164
E01019896,East Devon 017C,619.9472494,608.4426448,634.885694,564.1832677,495.0138394,510.4641333
E01019897,East Devon 017D,677.5610226,678.1131208,669.2226694,657.3357015,607.9992262,615.9545592
E01019898,East Devon 014A,524.2562474,529.7650916,523.2691195,513.2860377,470.507058,472.2772927
E01019899,East Devon 007A,629.7979629,615.1715345,646.1725498,699.9058104,608.681231,630.0164661
E01019900,East Devon 007B,567.6764111,505.4491112,482.8604392,464.7238378,425.4249963,413.7008352
E01019901,East Devon 009B,628.3094614,515.5884749,480.7847509,551.0019635,544.2827787,544.1081976
E01019902,East Devon 001A,615.5000458,583.5637795,591.1085771,570.3663306,535.9954576,544.6958014
E01019903,East Devon 006D,519.5895676,523.5516346,530.650433,514.1182057,452.3639191,466.898868
E01019904,East Devon 015A,742.5181417,753.8406891,733.8741529,787.7315223,730.8696117,731.5897922
E01019905,East Devon 015B,558.5186402,546.5775137,550.9357871,507.1911493,418.4116306,451.0721068
E01019906,East Devon 015C,755.9359424,674.8529928,651.8909163,629.4203692,596.1879261,583.7006714
E01019907,East Devon 015D,590.2546492,574.3431801,537.4991074,541.6387315,470.5503688,491.5405113
E01019908,East Devon 016A,680.5325126,703.5472072,696.6109763,745.2920485,704.818694,688.2712398
E01019909,East Devon 016B,558.6186038,467.2234308,435.7846568,419.9456192,382.7779096,388.3622588
E01019910,East Devon 016C,617.8500894,597.105314,604.8593304,609.2401258,585.7790863,609.7138702
E01019911,East Devon 016D,550.2790292,555.3187552,596.5043754,643.2462233,593.8381675,585.5731191
E01019912,East Devon 020A,533.1355141,528.779731,506.5327069,542.4695329,505.4813092,484.8064416
E01019913,East Devon 020B,479.2979871,504.2235583,519.7321926,504.2065214,470.4655524,490.2345948
E01019914,East Devon 020C,665.4142227,678.9006612,695.3026155,700.0645778,661.0059342,649.3166739
E01019915,East Devon 020D,498.00286,483.6920658,501.8376756,503.448909,465.4392159,465.0380086
E01019916,East Devon 019A,666.5678323,642.1863158,674.0934041,692.4933654,657.329044,649.8120945
E01019917,East Devon 019B,660.8628205,656.0119348,720.1640164,706.3458655,667.0438141,653.3105073
E01019918,East Devon 019C,657.3911863,606.3064114,606.8620502,620.8954386,596.125305,594.2108521
E01019919,East Devon 019D,701.0810372,711.3172083,699.1556386,744.5924029,717.1576137,718.6021694
E01019920,East Devon 018A,705.6584747,697.9271694,691.1971733,753.3884964,699.4441945,708.5740163
E01019921,East Devon 018B,644.6290253,707.9681175,697.5732769,743.353825,670.6692961,668.8777424
E01019922,East Devon 018C,820.2137323,827.4220878,894.1847095,944.5177485,867.9939957,887.5608927
E01019923,East Devon 018D,838.1636885,801.1455208,784.0700285,826.6636255,767.4216177,771.8162928
E01019924,East Devon 018E,783.7846791,757.884608,740.8643894,811.7406651,772.3616468,755.6091988
E01019925,East Devon 004A,735.3097274,718.373439,697.1962642,723.6534511,652.7918136,647.8219798
E01019927,East Devon 002A,885.4968696,836.5518435,867.4709545,878.4168302,809.5799096,808.9710771
E01019928,East Devon 003A,889.7901267,870.9170996,812.900627,802.92712,783.8127964,795.355409
E01019929,East Devon 003B,723.9877744,754.7420962,749.6704341,819.6887779,723.867242,714.4482029
E01019930,East Devon 003C,539.2609317,528.9682586,589.4914642,595.9999989,579.2388144,569.3240219
E01019931,East Devon 003D,619.8775071,620.7922178,610.9779655,620.0793294,580.9583517,558.3546402
E01019932,East Devon 002B,743.439879,708.4408702,671.4908258,703.6116563,660.2430903,645.1658121
E01019933,East Devon 002C,780.250261,704.8501609,658.8405482,760.2720049,719.2073213,692.7606909
E01019934,East Devon 002D,501.9673611,478.5589353,523.6070689,533.5223008,518.4789394,491.4205559
E01019935,East Devon 007C,609.5947956,667.5262108,614.3147257,682.0744319,506.8169328,547.2306851
E01019936,East Devon 007D,878.2871665,785.4777123,726.9299106,685.5132991,733.6018356,742.5280967
E01019937,East Devon 013A,529.7633863,490.3430153,481.5392186,466.1999957,431.3161777,434.1050256
E01019938,East Devon 001B,521.8964011,526.2831328,508.4629782,488.4677611,435.369601,435.7917986
E01019939,East Devon 008A,692.8602132,688.3989809,790.5056514,757.8770643,610.4702279,640.1477508
E01019940,East Devon 008B,606.0436431,678.598915,592.7767146,540.3161296,552.0311257,550.1534929
E01019942,East Devon 008C,671.5544529,620.9535954,599.5433119,631.8518544,587.7956563,592.3448788
E01019943,East Devon 008D,661.8147641,673.7311968,590.3781896,633.9987694,596.8396601,606.3765099
E01019944,East Devon 008E,622.4536491,670.5426742,662.2574688,675.167272,643.7831689,643.3350174
E01019945,East Devon 013B,513.7952124,555.1494819,521.7676648,569.9388789,516.3201561,531.5537886
E01019946,East Devon 010A,483.3560372,494.7941855,487.9162681,494.5203447,429.6363269,435.0206789
E01019947,East Devon 010B,606.9740465,583.9471018,534.6371774,551.7682481,529.7847893,526.0546281
E01019948,East Devon 010C,677.3965051,682.1936896,627.6346687,603.2108923,579.7761537,592.294119
E01019949,East Devon 010D,468.5929529,468.0220685,448.8579815,515.1284803,439.5266242,492.0651398
E01019950,East Devon 010E,859.5935841,853.2337787,833.7086599,787.6513541,725.2916941,726.9585798
E01019951,East Devon 009C,513.4293319,507.0438647,501.8378145,461.5611142,418.0759048,409.827996
E01019952,East Devon 011A,536.6123985,548.683573,547.4819437,577.4814727,520.7038162,504.5105849
E01019953,East Devon 011B,628.9296886,548.003513,583.9296215,686.7769827,613.5252011,636.9148529
E01019954,East Devon 011C,735.7716085,711.3689239,698.7372022,743.0182551,690.3724227,677.4650956
E01019955,East Devon 011D,623.1216091,637.0240495,647.9796963,595.6560994,562.4588821,588.2117208
E01019956,East Devon 012A,486.6408146,494.2782164,583.3941613,571.1541662,538.1969115,546.5447407
E01019957,East Devon 012B,316.3934624,354.5705965,352.1529119,332.8760335,330.8452164,318.2397395
E01019958,East Devon 012C,439.8270811,421.5401508,397.9823379,430.9653536,386.8926713,395.3372288
E01019959,East Devon 004D,839.390263,737.0328325,706.2865555,682.9005364,611.5168405,625.2864277
E01019960,East Devon 004E,623.0980316,568.3397566,606.0828113,668.5573604,604.720479,610.0488997
E01019961,East Devon 007E,481.5026386,476.0336359,480.752761,501.2481066,404.0908211,405.6490473
E01019962,East Devon 004F,479.5869205,501.5666562,522.0843715,502.1183678,455.5581417,455.2340866
E01019963,East Devon 013C,591.6722073,617.3131635,569.8226903,580.97538,514.1765094,519.9460253
E01019964,East Devon 014B,599.6711179,631.9274847,560.7009159,642.5110487,514.9182702,550.405302
E01019965,East Devon 014C,709.5587598,728.9236044,701.6604724,677.1570392,619.9896656,619.4056889
E01019966,East Devon 005E,764.0179689,732.9687899,677.7518832,670.8399006,652.6732881,626.548505
E01019967,East Devon 001C,656.4655609,614.1004997,607.5576261,656.7389129,620.4979029,601.9625652
E01019968,Exeter 014A,591.210527,592.2155482,607.3563839,725.1543626,632.6133169,654.3587009
E01019969,Exeter 014B,685.7198587,707.8733487,699.3912827,696.3564406,625.2893452,631.0832603
E01019970,Exeter 014C,719.0371519,796.6202286,813.6600812,749.4714834,701.9333249,701.0598717
E01019971,Exeter 014D,781.9490045,701.5805605,647.1473253,711.5713996,678.9306394,681.9958963
E01019972,Exeter 014E,836.389644,820.3906766,786.5901875,842.0157072,784.1365059,785.8404532
E01019973,Exeter 012A,743.9985482,703.2674226,699.6109897,694.8001943,651.67124,647.4126413
E01019974,Exeter 012B,786.4105425,813.7724604,833.0088386,867.3199427,786.6026542,789.410872
E01019975,Exeter 010A,855.2704747,918.3810539,915.5340089,913.4401362,837.6732632,835.2674218
E01019976,Exeter 012C,548.4661287,501.4161573,508.307774,595.1941604,527.4479058,546.0406936
E01019977,Exeter 012D,714.465135,757.5698007,786.5939825,899.6640302,739.543975,762.3571959
E01019980,Exeter 005A,763.186463,743.0762522,742.7804612,775.4219954,721.0331891,702.6926661
E01019981,Exeter 012E,875.7173496,852.7343073,823.7120186,881.8124039,809.0133563,802.0661861
E01019982,Exeter 005B,788.1463639,833.7397358,792.4790214,1128.751243,1096.613786,1055.95778
E01019983,Exeter 005C,724.6559135,731.3073119,753.9736068,767.296544,706.0336816,716.243137
E01019984,Exeter 005D,756.9680683,812.0935906,802.391329,781.05244,742.9000378,736.7934413
E01019985,Exeter 005E,1096.058931,1100.026562,1072.168577,1056.327031,1028.834151,1002.385976
E01019986,Exeter 007A,660.5710908,685.5449759,660.6300019,698.8591708,633.8092636,632.3166008
E01019987,Exeter 006A,774.384242,768.6441615,761.951464,754.8387378,719.3729329,726.6527999
E01019988,Exeter 013A,757.1487786,710.7482363,685.6187358,756.2569145,685.6861673,715.6022484
E01019989,Exeter 006B,885.7889826,886.848512,754.9271643,914.1904756,790.1371748,789.4253004
E01019990,Exeter 002A,930.265608,963.4795803,911.9076845,944.0027418,909.7987601,891.3865144
E01019991,Exeter 002B,946.9013692,945.5843046,938.3719291,949.1416731,926.4558127,900.780069
E01019992,Exeter 003A,703.9087156,762.463779,797.2035348,813.1001378,752.6143122,755.4544027
E01019993,Exeter 002C,849.0231811,875.1551978,833.7912863,853.4206782,766.5594536,746.5818645
E01019994,Exeter 008A,851.6188005,851.5006479,905.7040593,878.2253557,786.7409435,798.6472952
E01019995,Exeter 008B,1044.511245,1002.679747,1034.857471,971.9026431,917.9303475,948.4053932
E01019996,Exeter 009A,874.8258793,854.6569234,836.625389,882.4423976,835.5523063,844.2671814
E01019997,Exeter 004A,915.6543258,1023.155743,1006.943433,953.8303909,908.3894893,891.3394626
E01019998,Exeter 001C,746.7366657,730.3049132,679.2942659,718.3864819,669.1945861,649.8301667
E01019999,Exeter 001D,573.1851619,609.5426931,633.2334732,712.8987654,592.9438693,607.0143132
E01020000,Exeter 002D,854.5274532,807.5111583,906.0844864,878.1519681,804.1835986,813.1805853
E01020001,Exeter 001E,755.8022747,748.5601158,780.5912961,796.6050079,668.3884229,691.0379358
E01020002,Exeter 003B,773.7180783,760.8541559,781.4102099,836.913742,769.6447273,752.1649007
E01020003,Exeter 003C,556.8434631,557.0483875,541.1328714,603.5906648,536.2962967,533.3626801
E01020004,Exeter 003D,656.8563896,619.8184602,629.4294919,658.6200162,569.6928164,569.1848946
E01020005,Exeter 003E,797.1839986,815.701509,790.6865838,857.5950862,798.1455306,797.6851394
E01020006,Exeter 006C,715.5485926,698.3649445,685.9912125,713.4610714,628.1575001,640.4706927
E01020007,Exeter 002E,1244.341732,#DIV/0!,2651.030294,#DIV/0!,#DIV/0!,#DIV/0!
E01020008,Exeter 006D,744.6460004,758.0494204,763.5078358,728.9529553,694.2844369,695.6153675
E01020009,Exeter 006E,849.0747577,912.2100983,876.7369668,830.8335628,780.0079674,776.5713484
E01020010,Exeter 013B,804.952845,848.6643422,828.096334,806.5846064,773.0488284,759.2559135
E01020011,Exeter 015A,819.7712802,802.1711012,726.3332897,733.7761523,625.8704262,658.6641547
E01020012,Exeter 015B,871.0078385,884.8271799,896.6565106,900.4329399,850.2701431,842.7576584
E01020013,Exeter 013C,882.1180062,859.6093557,878.4216784,930.6796957,878.6194248,873.4014989
E01020014,Exeter 013D,952.5081646,972.2004483,976.2127306,1053.026335,969.3623318,968.2230753
E01020015,Exeter 013E,923.8953201,924.3992033,887.888219,962.1537042,925.5405138,905.3807548
E01020016,Exeter 008C,927.8096064,893.0660575,867.1329581,871.1252542,813.8872974,801.4300674
E01020017,Exeter 008D,733.0502766,706.2257969,726.0026128,742.1001273,690.6299575,679.588036
E01020018,Exeter 008E,786.7309045,726.9514087,741.7402439,765.4039266,725.0686387,745.4574074
E01020019,Exeter 004B,840.2580042,740.0414957,697.1746785,827.2938881,622.75489,662.0473577
E01020020,Exeter 004C,696.7745622,865.6265293,918.6951427,1074.882358,1008.148247,993.7002267
E01020021,Exeter 004D,863.3518911,936.7820453,991.7500853,1091.611397,960.0517035,921.4854185
E01020022,Exeter 004E,1267.642598,1321.926589,1340.118961,1303.672991,1196.785665,1157.735099
E01020023,Exeter 009B,608.6735446,609.1461933,586.1224702,579.2441926,548.3424271,541.0186357
E01020024,Exeter 009C,596.0278079,587.8246897,550.467302,550.2991428,516.3740416,539.4180044
E01020025,Exeter 009D,839.9650294,883.1958592,835.6103684,785.1980744,750.7418732,745.4164844
E01020026,Exeter 011A,675.2126388,655.7068751,654.8080417,636.3818453,563.4818538,590.6725974
E01020027,Exeter 011B,750.5777669,708.232834,760.1650884,741.6106039,710.4417527,696.1921484
E01020029,Exeter 010B,773.4891539,739.6229815,765.6292389,704.5358462,631.6965056,652.6864189
E01020030,Exeter 010C,796.7841934,847.2544656,850.6238144,876.5312345,819.9423164,802.8771907
E01020031,Exeter 010D,805.7195554,766.5454695,750.8599066,784.5281832,765.5722771,759.4519128
E01020032,Exeter 010E,903.8808481,917.4955522,898.4532411,910.8916718,858.6861596,869.7685223
E01020033,Exeter 015C,677.1085978,689.4102238,644.8127533,608.8816236,565.2660171,549.3975705
E01020035,Exeter 011D,826.6519532,700.6521906,646.2062958,658.2278542,603.3158745,601.8719471
E01020036,Exeter 007B,847.762615,848.8172439,833.2639363,831.8615188,762.0559129,765.2245054
E01020037,Exeter 007C,939.7839416,868.510243,924.4257124,879.2100561,825.9602397,836.1013665
E01020038,Exeter 011E,700.1089483,751.0400583,732.6316396,804.8038222,662.2497431,688.8505667
E01020039,Exeter 007D,839.2565289,821.1654621,784.521396,759.8135325,718.8914084,709.6629511
E01020040,Exeter 007E,814.4125653,808.6646687,793.1321887,860.1627131,781.096557,802.5705123
E01020041,Mid Devon 011A,649.5144451,660.7943267,662.1680306,715.9360031,646.1508021,647.7703837
E01020042,Mid Devon 011B,558.5364298,526.8264484,581.409508,603.3575536,558.5898052,535.606618
E01020043,Mid Devon 008A,635.8772369,617.9685662,600.5131531,612.5172331,567.1098278,564.358343
E01020044,Mid Devon 008B,590.5371355,598.7480074,584.9424525,624.0763991,544.2234899,538.8244606
E01020045,Mid Devon 006A,676.743012,657.9855809,670.3754143,740.0104378,622.4571703,652.9954845
E01020046,Mid Devon 001A,745.0832811,717.8311646,680.7855315,733.4273991,686.4250084,681.813727
E01020047,Mid Devon 002A,455.8508381,445.1898335,482.0732669,509.6460128,489.711994,497.7821947
E01020048,Mid Devon 005A,571.2041106,609.204579,607.2335659,627.7060594,608.7193787,608.5637629
E01020049,Mid Devon 001B,585.9569889,583.4111225,614.9715794,664.1905976,644.9279733,666.9816249
E01020050,Mid Devon 001C,487.1490763,490.1832127,488.5843238,457.7077347,418.6106067,427.3359655
E01020051,Mid Devon 002B,520.7780753,502.1467629,655.7237537,599.9945714,528.4297758,567.1064182
E01020052,Mid Devon 004A,744.5357328,741.3068656,702.676142,690.061328,663.5862853,659.927097
E01020053,Mid Devon 004B,704.2831506,696.0980364,728.0795571,763.7025952,717.9859893,718.5499751
E01020054,Mid Devon 007A,613.5053736,600.8540553,628.7545009,641.6786781,611.6848753,608.1638237
E01020055,Mid Devon 007B,695.027452,632.6757561,632.5915978,618.4059156,562.0630317,562.888269
E01020056,Mid Devon 008C,569.2236421,608.5035025,565.3922316,576.2218219,519.4135103,527.3653497
E01020057,Mid Devon 007C,703.1602502,698.0134608,693.0742315,645.3929042,606.4172624,593.9834287
E01020058,Mid Devon 007D,590.0944903,553.4663651,531.223743,562.2955532,531.3545208,533.3459658
E01020059,Mid Devon 006B,580.7455383,575.5731644,582.6553535,627.2002728,557.3260185,563.8101306
E01020060,Mid Devon 011C,607.5301677,609.8861991,575.8881664,587.9492207,521.3362653,534.2692127
E01020061,Mid Devon 011D,541.99609,566.0062441,596.7955265,654.5122519,567.5494204,583.3673726
E01020062,Mid Devon 006C,591.2019863,609.1442398,592.7146349,565.151364,531.3283969,540.1957744
E01020063,Mid Devon 003A,516.0312364,500.0098211,508.3128241,521.3780221,485.2210238,492.8348234
E01020064,Mid Devon 006D,625.0865338,602.5918445,598.4021689,618.6423258,593.9195794,578.8547734
E01020065,Mid Devon 004C,647.4972848,650.0152978,671.7072871,765.5766725,721.0058087,714.8848571
E01020066,Mid Devon 002C,467.1245544,461.4081436,479.8733617,455.586312,430.9241976,433.2412069
E01020067,Mid Devon 004D,761.2966449,797.5904692,794.7821208,806.4176166,774.3236262,758.7131994
E01020068,Mid Devon 010A,678.748478,631.523689,589.0305087,641.0110693,570.3708963,586.3115971
E01020069,Mid Devon 010B,625.3194679,626.7700741,609.5924128,612.5545294,545.0000388,561.3546649
E01020070,Mid Devon 010C,586.7136387,541.4196229,552.7140644,549.617971,554.25981,555.4667142
E01020071,Mid Devon 008D,609.1483515,588.2219366,554.5888946,525.7967541,488.5010827,493.327201
E01020072,Mid Devon 009A,715.6172197,693.1960157,655.6648213,642.1105786,539.5399608,571.4652606
E01020073,Mid Devon 009B,615.9152244,608.7906908,660.645277,662.2383803,630.7056451,638.892866
E01020074,Mid Devon 003B,623.7193141,583.7559952,563.9900053,531.7186783,499.8447896,503.8340595
E01020075,Mid Devon 003C,669.019916,684.2941266,698.9829636,663.8189329,583.23401,579.5286192
E01020076,Mid Devon 009C,685.4786455,677.8839114,674.1089326,688.043421,640.5261911,636.0493641
E01020077,Mid Devon 001D,632.4514965,600.4529914,592.4940403,584.9857588,573.3863314,558.997163
E01020078,Mid Devon 005B,753.5110471,766.1789722,761.4189032,788.6309877,755.9995467,747.1659886
E01020079,Mid Devon 005C,724.4520886,764.9789781,856.789722,898.7457534,834.2109239,834.9117623
E01020080,Mid Devon 002D,661.994841,705.1040263,761.8828772,708.8700422,624.885371,629.6259155
E01020081,Mid Devon 005D,737.6423723,783.2323437,801.0385952,763.1704928,733.1754955,735.7798003
E01020082,Mid Devon 009D,760.3171545,776.3635511,721.7898051,764.200368,728.4987064,714.598904
E01020083,Mid Devon 010D,599.9793199,558.7298148,552.9844742,554.8967466,506.9832623,509.7884563
E01020084,North Devon 012A,815.5317843,883.0156568,888.3761084,849.0718624,814.1186546,805.2335631
E01020085,North Devon 012B,785.1445237,783.5658625,822.7755754,773.0152825,734.0371179,720.2887054
E01020086,North Devon 012C,649.4606088,663.3239621,656.037842,664.5841833,611.1614821,618.1116384
E01020087,North Devon 014A,678.6488685,626.7007824,646.1625671,651.0112402,582.7594894,579.5829113
E01020088,North Devon 006A,596.5866132,565.1764143,607.5019038,584.401314,500.2152623,512.9813404
E01020089,North Devon 005A,538.9163439,552.8877519,581.3295626,568.8945488,533.7588239,515.9229684
E01020090,North Devon 004A,537.4786844,563.6708385,639.8431141,624.8309273,543.6187878,536.2326598
E01020091,North Devon 005B,722.285799,690.7022727,755.0222953,675.0332593,579.5552764,636.3761083
E01020092,North Devon 005C,614.7021273,678.4199722,666.1729426,622.0689707,534.2841238,541.6981493
E01020093,North Devon 005D,750.9446883,719.6991475,688.6648045,747.2942453,676.9537103,673.3806911
E01020094,North Devon 008A,907.5624311,898.6810182,911.0065971,872.9375504,795.0233128,788.9180883
E01020095,North Devon 008B,902.5987178,925.4644424,901.2483397,916.886362,878.631549,864.1723822
E01020096,North Devon 009A,816.3496189,776.9364154,765.4597955,758.0912642,735.6286736,741.9328196
E01020097,North Devon 013A,547.7819762,575.8553224,551.9940677,585.0524792,507.1983034,510.8505121
E01020098,North Devon 014B,536.7745265,575.5469013,539.6445785,541.0586961,485.3727751,479.2110003
E01020099,North Devon 002A,774.4591988,830.0625221,808.2000654,762.3391341,701.2365154,707.3290375
E01020100,North Devon 002B,849.7726105,993.3054744,998.3712515,847.5923148,767.4365323,769.0496245
E01020101,North Devon 002C,736.8871759,707.493673,735.2697768,785.0752096,646.5778494,669.6767777
E01020102,North Devon 010A,766.2321953,710.8966348,722.6209081,690.1782923,650.2854948,624.3683487
E01020103,North Devon 010B,977.344918,989.6525264,1059.597928,1038.603896,953.3173543,934.9899531
E01020104,North Devon 010C,997.6754271,967.2810786,968.6792925,1107.799155,1054.973163,1031.792488
E01020105,North Devon 011A,802.7569121,756.5741248,791.9997627,755.4673932,642.7710814,629.7222739
E01020106,North Devon 011B,826.8365802,899.9823041,854.139428,786.8307181,682.0389263,726.3517893
E01020107,North Devon 011C,599.0141723,576.4762884,600.3715653,625.2344808,673.2632827,686.7135559
E01020108,North Devon 004B,485.5976859,483.882026,525.3175674,521.5244108,477.9319469,475.4360736
E01020109,North Devon 004C,552.6056319,566.1094728,574.9223589,629.3557346,594.2064768,580.6018407
E01020110,North Devon 005E,536.1506886,535.2171699,574.9311733,602.8812952,555.2329268,542.3480764
E01020111,North Devon 001A,850.3312757,823.5891698,805.4511118,846.2131476,790.1149538,792.0034887
E01020112,North Devon 001B,860.6414034,905.4158117,906.5581776,848.4255668,815.7254644,813.6725085
E01020113,North Devon 003A,821.8882149,853.6330892,878.879729,868.9531345,808.7694015,808.7700867
E01020114,North Devon 001C,850.0395581,863.3520491,882.650693,888.7053824,780.4566623,792.4114931
E01020115,North Devon 001D,829.0120044,785.5454039,799.7105188,776.9085572,674.1039066,667.1627973
E01020116,North Devon 003B,760.3295341,751.2937535,747.7623696,737.9474384,685.6724068,650.8206343
E01020117,North Devon 003C,652.7478154,655.9236053,761.6056541,769.6741017,682.6351586,680.8082968
E01020118,North Devon 003D,811.1427149,856.4521905,831.1989631,875.8278556,778.4953042,761.7372989
E01020119,North Devon 011D,687.2705046,641.2112459,613.8796153,590.3169644,576.615743,623.8682436
E01020120,North Devon 006B,598.1618312,606.0443132,625.3473645,600.7815533,566.185183,560.7333223
E01020121,North Devon 012D,670.4897907,712.914144,731.51593,702.5936071,655.9799256,647.9440412
E01020122,North Devon 012E,646.4180526,627.9514687,595.3531429,630.9833033,599.7623435,588.4532367
E01020123,North Devon 009B,818.5665555,770.6316127,882.4840383,866.2182409,796.8175076,779.5170124
E01020124,North Devon 009C,864.5479813,863.5398094,849.9268984,858.5226552,717.2838884,696.6257557
E01020125,North Devon 009D,640.6676657,680.9893567,701.144456,655.819407,587.6530213,633.5620227
E01020126,North Devon 002D,688.1407533,719.5792156,648.6037176,598.2394715,536.6763919,549.3727283
E01020127,North Devon 006C,558.3956218,595.8099151,609.1276105,609.3801082,533.9061585,539.8003063
E01020128,North Devon 010D,672.1081026,822.4122273,767.6812864,797.6656591,677.0948603,698.3947569
E01020129,North Devon 010E,971.0195869,935.8290189,993.1093657,1035.39702,893.5671885,891.4906097
E01020130,North Devon 010F,980.8020722,991.7212197,1005.836029,976.0187468,920.4999769,909.7837134
E01020131,North Devon 013B,562.9926559,622.5466257,634.1499481,672.6967451,576.9160691,586.5814199
E01020132,North Devon 007A,692.4940189,634.188311,639.3174966,649.3621413,586.8856694,573.2943159
E01020133,North Devon 007B,757.5506502,718.9058438,781.5399592,771.7187918,664.8631785,664.8502483
E01020134,North Devon 007C,925.2227827,927.1752904,964.8190867,896.528706,847.4369345,827.9332678
E01020135,North Devon 013C,750.8579217,885.039414,809.9939786,785.1124425,707.7942944,704.8252891
E01020136,North Devon 013D,814.1554865,628.3903736,627.8456869,562.4747364,500.6110327,518.4446699
E01020137,North Devon 013E,707.7015294,634.0305316,713.627154,717.3886807,617.7419892,651.1974432
E01020138,North Devon 014C,522.8273528,523.2001433,500.041526,541.3932162,501.7545693,513.9191679
E01020139,North Devon 007D,958.0566463,973.4865804,1040.812868,1007.079024,906.5912457,836.5667991
E01020140,North Devon 008C,1013.261483,1003.347599,995.7321771,1089.010898,866.791101,883.6632141
E01020141,North Devon 008D,911.6983006,890.9727366,892.8024382,891.0867463,827.618388,805.8321531
E01020142,South Hams 006A,510.4990572,493.0023976,501.5225056,513.8249826,476.771359,464.9216309
E01020143,South Hams 006B,586.2167332,556.4553535,563.4009824,552.7610041,528.1295048,517.1123432
E01020144,South Hams 001A,848.5480684,828.1744972,833.8728246,786.8672933,662.5580154,695.0795359
E01020145,South Hams 001B,649.5434786,680.0057855,663.7687806,666.2246989,633.314722,594.1088178
E01020146,South Hams 001C,976.4905607,841.8485129,869.1928539,849.3114066,808.242701,790.1878548
E01020147,South Hams 008A,540.5270154,512.0350538,487.5780355,502.066618,463.3118047,460.6101972
E01020148,South Hams 002A,910.3443313,864.2501667,819.0200887,795.7613559,780.0154951,799.4287684
E01020149,South Hams 001D,929.370543,927.3719331,922.4943886,946.3439456,781.4025876,766.7433893
E01020150,South Hams 006C,556.3666552,574.7203544,524.5514188,486.1317865,452.8967891,471.0261241
E01020151,South Hams 007A,457.1099775,445.2155322,505.0374683,500.3770198,424.9624702,431.1412051
E01020152,South Hams 007B,593.0156789,583.4565489,587.3756551,561.0035153,525.3046584,518.4564214
E01020153,South Hams 004A,710.5061575,726.451049,756.6758645,728.0636499,712.3284272,684.3966417
E01020154,South Hams 007C,850.4127865,871.3090014,871.4206386,869.5270314,813.5945767,815.869976
E01020155,South Hams 007D,986.0738076,1013.713565,988.1330495,997.0741993,920.2326008,944.9932048
E01020156,South Hams 004B,531.7323323,507.0157508,582.4021301,522.6681012,515.2661628,516.4324715
E01020157,South Hams 002B,485.724802,470.8138309,475.4042607,492.0076244,457.2242457,463.8600281
E01020158,South Hams 008B,628.8966119,582.5761264,571.7108783,559.7179843,518.8256565,516.5733175
E01020159,South Hams 008C,816.1421794,691.3812536,640.9550337,615.4645903,548.53285,553.6687644
E01020160,South Hams 002C,772.5834931,724.4509924,633.3158648,661.1752007,607.394156,606.3857484
E01020161,South Hams 005A,597.2672901,575.5351872,563.3876875,570.3315375,543.2786382,530.9077743
E01020162,South Hams 005B,771.431818,782.9585727,788.0678963,802.5748595,766.4867642,751.5701235
E01020163,South Hams 005C,777.2238161,722.9875265,655.3701176,677.0305035,632.6500027,625.2536058
E01020164,South Hams 005D,856.561063,742.2626327,716.4457406,717.92978,672.2850968,677.4641098
E01020165,South Hams 005E,814.2027437,785.1681941,796.1362413,690.5007186,648.8759591,639.776479
E01020166,South Hams 005F,868.2056286,850.1333424,802.4371209,808.8367547,740.0368,736.1907431
E01020167,South Hams 005G,866.4309442,829.5529325,780.0697861,805.5852942,736.7277433,727.6704838
E01020168,South Hams 010A,593.4200622,565.7096971,531.8741848,560.1486556,511.0014756,497.3477541
E01020169,South Hams 010B,513.5344514,513.8427275,535.6434879,552.7771812,498.3424712,504.5757341
E01020170,South Hams 004C,561.1641298,562.3918171,523.7322608,533.0150987,506.7347249,521.7958789
E01020171,South Hams 009A,581.5054478,558.8085664,525.2196337,541.5581543,449.3851361,479.7912164
E01020172,South Hams 012A,676.8862421,587.2726259,598.7261587,599.6988941,552.0443891,567.8613874
E01020173,South Hams 012B,592.5811549,521.6465167,650.2202684,719.2049319,577.0714457,589.9983924
E01020174,South Hams 011A,656.5554212,564.812671,519.9466502,613.0591349,538.4265349,553.4895195
E01020175,South Hams 011B,486.4895142,461.1451523,399.0950248,459.392642,445.7852938,441.3324066
E01020176,South Hams 002D,757.4296622,712.8112259,756.7108565,816.7282261,721.8690189,739.5282826
E01020177,South Hams 002E,757.1401093,788.0849609,799.131682,754.8708542,719.2919661,726.6166184
E01020178,South Hams 011C,525.6078506,584.4641516,563.2255594,554.4017512,474.5527705,494.8039207
E01020179,South Hams 012C,578.4970314,574.8602691,540.2319853,570.0870442,500.4103038,519.7360293
E01020180,South Hams 003A,645.7138377,618.4035271,627.4941811,623.4635219,608.237734,600.3586084
E01020181,South Hams 003B,688.2880736,610.8809366,637.0696452,630.7240281,587.2850064,622.7048208
E01020182,South Hams 003C,689.7633743,712.6981095,716.5240804,664.0828093,637.4230266,627.6063637
E01020183,South Hams 003D,683.5397062,739.6860087,743.2496515,678.4006144,646.5634028,628.0782292
E01020184,South Hams 003E,609.329687,630.6604512,602.7375588,639.1286019,601.1071876,596.3595851
E01020185,South Hams 009B,841.1500255,748.567702,731.9078661,669.0834481,563.5766732,598.098135
E01020186,South Hams 009C,572.0706585,564.3331496,568.3761629,596.0200935,550.0167623,555.7230577
E01020187,South Hams 009D,748.7784217,672.4130836,673.6365634,707.6893743,580.2870978,588.2700078
E01020188,South Hams 004D,664.4528027,644.0854005,613.6915148,568.698643,527.6097751,509.2440317
E01020189,South Hams 010C,581.336193,589.8845287,579.0537915,606.8747589,535.8279239,558.5445623
E01020190,South Hams 008D,658.5397115,584.4368266,569.8660269,608.9077554,568.6547348,608.4425824
E01020191,Teignbridge 013A,684.2618238,708.4373422,652.1678818,632.5132118,614.7349687,600.8316587
E01020192,Teignbridge 019A,621.8462799,547.6469281,568.7790772,574.6857838,487.8426591,513.8252133
E01020193,Teignbridge 019B,768.7332317,737.2319528,673.6556643,688.0472284,637.2797773,645.6091739
E01020194,Teignbridge 013B,562.3269105,586.8631864,605.4322333,650.4033137,599.8139891,612.2513143
E01020195,Teignbridge 017A,673.5220177,663.5376482,633.1806715,616.3894593,550.9120605,555.4587517
E01020196,Teignbridge 017B,659.004828,704.8703345,672.7739739,666.2915572,637.2292705,629.4112137
E01020197,Teignbridge 017C,748.0251003,726.018683,653.318736,635.8682468,601.4154247,606.4393445
E01020198,Teignbridge 017D,805.2939232,816.9519787,825.1641181,827.9416906,812.4016227,814.9643646
E01020199,Teignbridge 017E,715.5793201,757.887706,709.1216238,711.075239,686.4407554,663.1250941
E01020200,Teignbridge 011A,610.3606556,645.3679188,626.7183605,623.3753791,573.5564457,562.0967171
E01020201,Teignbridge 011B,621.1000278,631.491686,535.7995586,515.6074718,492.9911047,480.3537984
E01020202,Teignbridge 007A,579.4718764,616.6650745,630.8500346,626.7781386,566.4126495,586.2995297
E01020203,Teignbridge 004A,503.0565853,501.9584109,491.095866,509.3777319,456.9525351,446.8840751
E01020204,Teignbridge 007B,882.9736737,853.8046562,865.1257582,885.0349486,853.4992677,846.2479925
E01020205,Teignbridge 003A,566.8610224,598.6445432,573.3644166,578.6936742,530.483218,539.8177199
E01020206,Teignbridge 004B,676.0848195,703.6948404,657.5859095,677.0019186,656.9017227,656.8291897
E01020207,Teignbridge 013C,717.2824374,755.8181859,728.0728246,731.016704,698.5992469,706.1966648
E01020208,Teignbridge 012A,782.2995868,781.6982739,787.980019,793.5804172,744.6159457,757.6747253
E01020209,Teignbridge 012B,773.2500194,770.0144685,749.8139069,753.4146851,710.657482,709.868414
E01020210,Teignbridge 012C,701.3345688,642.108321,641.9831511,596.8661333,576.2222178,561.9557228
E01020211,Teignbridge 014A,870.0819199,858.5481463,866.1878934,857.5018631,827.2687773,814.8808753
E01020212,Teignbridge 016A,1025.035241,976.4757732,1067.894749,1081.409346,1036.122062,1043.698501
E01020213,Teignbridge 016B,757.0631875,795.3395553,767.7725089,749.2712663,718.2481739,702.5657046
E01020214,Teignbridge 016C,673.0641583,604.9483025,586.6333149,595.1118847,532.8220934,569.4527085
E01020215,Teignbridge 016D,593.9458624,595.4017607,601.2409127,622.4370303,603.5548719,587.9482505
E01020216,Teignbridge 015A,853.9098456,869.3748923,838.9000322,858.5746951,806.230474,798.4453517
E01020217,Teignbridge 014B,572.2265526,607.1729295,631.6284933,641.7512533,613.5925125,617.3018279
E01020218,Teignbridge 014C,815.4528033,880.3304595,859.6873314,876.6620645,817.7052242,826.4383306
E01020219,Teignbridge 012D,690.4806354,665.3606275,621.3868155,623.2404595,595.5167991,596.4840148
E01020220,Teignbridge 004C,753.9523811,813.7139341,761.0698929,813.3164837,724.4620791,734.1524421
E01020221,Teignbridge 004D,720.1582283,724.5947358,684.6096516,666.2003504,658.625369,606.9387088
E01020222,Teignbridge 004E,791.2271004,765.8630532,725.5640295,718.7805887,706.9106819,704.4183468
E01020223,Teignbridge 004F,751.8534959,678.5975083,687.9189145,685.374725,660.2044008,662.9460727
E01020224,Teignbridge 014D,840.1019011,840.1755272,839.8155572,869.7214206,851.5034168,820.4552567
E01020225,Teignbridge 015B,898.4629036,872.9453746,869.8325966,854.4118195,830.4172141,832.7074564
E01020226,Teignbridge 015C,710.1167267,622.8445217,604.4413656,658.5847709,523.3893333,557.2097973
E01020227,Teignbridge 015D,670.0470946,619.2385661,611.1145113,624.0862233,571.6708533,577.1257881
E01020228,Teignbridge 006A,581.3128077,534.2532381,561.7050836,549.4660451,525.1570125,532.1750437
E01020229,Teignbridge 005A,659.5003167,670.5090469,669.106225,660.5894756,609.2170676,608.5133563
E01020230,Teignbridge 005B,574.0115274,591.0042704,586.7112845,620.4525826,597.3725528,599.5127262
E01020231,Teignbridge 005C,586.5389166,581.7187389,580.8313406,604.3007807,589.4196687,626.7290869
E01020232,Teignbridge 005D,752.1517852,732.8318249,737.4985913,753.6928718,698.7586228,680.3337765
E01020233,Teignbridge 006B,529.3762411,529.4352206,509.2977492,493.6685592,463.7586159,453.7029358
E01020234,Teignbridge 006C,701.1082374,722.4590777,686.3580074,677.1536132,624.6778844,614.6457874
E01020235,Teignbridge 006D,539.7534976,527.6068733,506.801531,522.3331638,497.5003073,491.3711304
E01020236,Teignbridge 007C,625.6340792,634.7410804,636.404485,651.7483071,569.8682245,608.8317049
E01020237,Teignbridge 007D,708.9360785,759.9912566,799.3224382,823.3573788,699.7086009,685.2864636
E01020238,Teignbridge 019C,734.7174062,734.6290251,696.9628301,636.0265621,619.5287223,615.850483
E01020239,Teignbridge 019D,684.3718284,615.7452456,585.0866026,619.6500022,592.1467841,553.9587047
E01020240,Teignbridge 002A,594.1872688,632.043831,632.2976721,659.0931467,587.4964847,609.825817
E01020241,Teignbridge 002B,685.8741294,683.6477564,671.3937851,647.4713537,618.1016368,600.1844066
E01020242,Teignbridge 002C,724.8873029,705.5373846,761.2517045,821.6552473,693.5418383,684.4579832
E01020243,Teignbridge 001A,714.8944497,739.4770243,773.0439585,798.2066527,699.955554,721.8980751
E01020244,Teignbridge 002D,871.6493612,808.4448102,789.4095163,852.5994838,722.4490569,741.3114295
E01020245,Teignbridge 002E,647.4861507,634.4319556,647.57457,737.7199124,647.7145694,668.7173974
E01020246,Teignbridge 018A,725.2042172,852.4799786,753.7586118,788.8097386,756.8915114,746.1205435
E01020247,Teignbridge 018B,732.1182766,733.4277964,813.3886886,833.0145563,748.1844891,752.1324409
E01020248,Teignbridge 018C,741.3329542,724.510772,702.5973471,679.1967333,641.0188356,618.0335997
E01020249,Teignbridge 018D,787.9875998,762.2764281,731.334578,705.2205245,656.922894,652.2418653
E01020250,Teignbridge 009A,671.3150901,664.8720105,673.4577194,708.8098701,677.2515062,640.7654645
E01020251,Teignbridge 011C,744.9767998,731.2096068,683.518084,680.0609309,641.7923228,619.9376607
E01020252,Teignbridge 009B,706.512112,697.1728431,689.4903614,646.9168422,598.6557728,623.1742198
E01020253,Teignbridge 009C,780.9423217,752.8156085,755.8054681,719.658045,704.3312182,690.5507859
E01020254,Teignbridge 009D,927.1407827,877.0307024,855.6529905,852.6965173,800.8019897,796.1145685
E01020255,Teignbridge 009E,768.4503558,781.0436015,731.9042789,761.9050371,742.4407498,734.1262534
E01020256,Teignbridge 013D,722.8237937,723.5569891,733.1370689,751.8836285,724.957384,716.4198922
E01020257,Teignbridge 009F,683.5764362,642.7776289,664.4031613,687.4425575,677.7211207,674.3173309
E01020258,Teignbridge 003B,508.7207593,552.1287759,544.9848728,582.3859477,526.5704434,535.8500491
E01020259,Teignbridge 003C,667.4420804,672.558085,719.0979578,701.6742296,621.9537672,647.5453728
E01020260,Teignbridge 011D,645.8266354,596.2596376,544.3348435,517.4701716,503.6020919,517.7935831
E01020261,Teignbridge 011E,723.9286949,729.360179,661.5028551,615.2674526,609.5525333,605.4051406
E01020262,Teignbridge 001B,843.3359091,776.9645882,785.9873824,924.8631925,820.4891891,816.3146477
E01020263,Teignbridge 001C,720.4584548,748.2731337,723.237103,672.3946578,641.0339049,630.8365257
E01020264,Teignbridge 010A,585.0555569,614.2923296,617.8535869,643.3511468,632.5252967,633.4191328
E01020265,Teignbridge 008A,614.5281927,570.6486381,571.183867,582.8201287,553.9419224,537.9615619
E01020266,Teignbridge 008B,627.5360856,601.4472128,561.1533861,574.2564669,541.0741302,549.9294213
E01020267,Teignbridge 008C,502.480475,543.8054342,501.2455066,561.4794238,573.7611836,566.2221969
E01020268,Teignbridge 008D,629.0349979,653.9207693,647.9581596,660.650265,614.2264739,600.6789701
E01020269,Teignbridge 010B,625.8478811,587.5343524,617.1976291,628.3787812,614.8015065,575.0100401
E01020270,Teignbridge 008E,606.3619233,603.9131949,598.647345,625.9629636,593.6463824,596.0396377
E01020271,Teignbridge 010C,675.0144399,722.231421,762.9864889,778.402441,675.1325781,692.6608712
E01020272,Teignbridge 010D,752.8382422,723.3338993,711.994897,709.1012147,689.9515075,665.3958855
E01020273,Teignbridge 003D,693.7541236,682.9894393,693.3431129,681.8426602,639.6769532,631.9141937
E01020274,Teignbridge 001D,681.7059096,710.9865154,652.9990419,677.504977,624.5053804,609.8773014
E01020275,Torridge 001A,662.4641708,716.0785938,730.0887592,979.7275971,730.4088149,687.000028
E01020276,Torridge 001B,732.677982,670.7510094,700.9849895,711.3115369,635.4878607,625.2319069
E01020277,Torridge 004A,727.7873686,772.70263,792.9057743,797.014175,733.3897499,740.4408983
E01020278,Torridge 004B,783.4060116,767.5865285,772.4619911,845.2321505,701.5872608,712.4158986
E01020279,Torridge 004C,680.0796754,669.7788226,641.3587957,592.8083971,546.9534525,522.3215493
E01020280,Torridge 003A,768.6125669,779.6647171,739.6196119,717.7428487,663.8579829,635.9789855
E01020281,Torridge 003B,559.0000285,554.3787742,572.3359932,607.3663598,538.834981,538.2400141
E01020282,Torridge 003C,682.9129955,694.2835591,681.4638091,713.3949912,675.8807327,681.4523391
E01020283,Torridge 004D,678.9858194,686.5312976,710.8816347,686.8069633,620.4039691,606.3773601
E01020284,Torridge 004E,746.8751998,749.6688937,707.7024919,708.5382316,618.6135222,641.8239732
E01020285,Torridge 004F,684.8543217,672.0131107,664.670051,675.703429,629.4686307,618.228331
E01020286,Torridge 009A,657.679325,781.1098262,660.4798045,681.8249333,619.6585122,633.3694946
E01020287,Torridge 007A,602.0318771,650.9719931,690.7149614,711.4630054,622.5151325,649.0165178
E01020288,Torridge 005A,598.02446,618.6137531,682.068833,769.3054576,685.1726857,738.0437574
E01020289,Torridge 009B,606.2012473,582.0014188,546.6996974,560.5252226,533.8054148,531.8689317
E01020290,Torridge 009C,598.985384,576.5234973,585.4063676,574.1259994,515.2163727,537.7424579
E01020291,Torridge 008A,643.4949504,662.7560402,724.6146454,639.0292708,560.3957733,559.360813
E01020292,Torridge 005B,601.4262089,626.7801072,618.0360643,721.4844947,662.0249126,654.998915
E01020293,Torridge 008B,604.7413581,607.550546,622.726625,649.2885221,564.9984856,571.2356386
E01020294,Torridge 008C,648.1024128,684.3868114,662.9976541,659.2869799,600.3019464,591.3766873
E01020295,Torridge 005C,524.6358934,532.7064871,511.4944867,546.2526332,488.888342,500.0930379
E01020296,Torridge 005D,598.6186903,576.9434212,598.0811642,566.1895629,507.0275237,499.862986
E01020297,Torridge 001C,680.1144881,695.56119,753.2570261,753.0760013,721.3423169,717.7782657
E01020298,Torridge 002A,451.5792321,478.5863191,494.3938148,517.7574016,458.6677462,451.2079125
E01020299,Torridge 001D,606.615578,644.8040582,665.8802677,636.1178599,599.9512058,606.8985674
E01020300,Torridge 002B,592.1282394,540.8260111,560.117616,655.6446392,507.8573397,510.3597454
E01020301,Torridge 009D,592.1394467,657.2756256,591.050043,625.1684913,552.4786259,553.5140154
E01020302,Torridge 008D,653.5202363,656.4560316,656.0200233,629.0612011,589.9735447,587.4839745
E01020303,Torridge 007B,601.8719432,658.1835246,731.6366863,677.1045552,611.365763,596.147534
E01020304,Torridge 006A,658.547838,692.6734804,663.8582597,679.1139281,625.9886514,627.0216794
E01020305,Torridge 006B,825.6712432,873.5652866,855.3039817,936.116409,786.8791164,804.9895032
E01020306,Torridge 006C,686.1530713,747.0241099,780.1371468,757.9950164,733.9841992,717.3675679
E01020307,Torridge 006D,749.2073131,780.3713536,826.3062561,831.4833267,787.7957694,790.851148
E01020308,Torridge 007C,702.079701,675.8730261,722.8441144,663.3624591,609.3709374,597.5113099
E01020309,Torridge 008E,566.7829277,600.5994665,620.1992249,642.4105579,609.6182672,602.184889
E01020310,Torridge 002C,533.5472709,541.936585,571.4205794,567.7284052,527.9200131,539.549547
E01020311,Torridge 007D,655.3582609,676.1407895,660.3653434,615.275044,565.8186076,565.5001721
E01020312,West Devon 007A,696.4400005,701.8820988,752.4313235,714.7106766,710.5819738,690.683295
E01020313,West Devon 007B,837.8397234,806.6111169,762.1643088,742.2747038,686.5638443,703.2577921
E01020314,West Devon 004A,665.1193696,727.1972224,668.0626722,644.8424968,587.6565761,597.8522202
E01020315,West Devon 007C,736.4929705,673.3805218,697.1119971,724.765246,669.2491583,678.9865983
E01020316,West Devon 007D,694.633271,658.6783467,609.274793,617.0237345,549.9369226,562.6436252
E01020317,West Devon 006A,793.7113517,731.3744042,743.6925921,700.8671761,601.7569919,616.1255888
E01020318,West Devon 003A,681.4551182,589.185654,535.43284,536.7163198,505.4298496,515.3816066
E01020319,West Devon 003B,639.9283532,646.3440534,666.2409238,665.9646328,573.3684547,619.739645
E01020320,West Devon 001A,654.5864161,606.003285,596.3372331,602.3154763,541.2539778,544.6976046
E01020321,West Devon 001B,566.448331,558.1452394,570.7250098,618.0122819,591.8542077,566.9444435
E01020322,West Devon 001C,593.1107554,561.9011752,556.9756147,602.3109469,546.9798838,564.2605192
E01020323,West Devon 003C,671.308905,723.3712274,701.0976563,705.7438155,639.9420836,636.7834948
E01020324,West Devon 006B,753.0588901,642.5290198,610.8856724,619.6201726,561.8337507,547.3378909
E01020325,West Devon 004B,718.7163341,703.1289513,699.6469888,731.6938216,619.7081622,627.0239286
E01020326,West Devon 001D,543.0404644,561.9024624,575.1773662,635.5167212,596.169811,591.1014619
E01020327,West Devon 002A,624.9622301,641.6524807,604.0577437,656.453631,611.4105832,620.5433331
E01020328,West Devon 002B,631.3288113,685.166701,689.8790211,719.9855218,682.6902367,674.881569
E01020329,West Devon 002C,676.8500526,599.7940963,604.1194621,602.1978997,561.5837365,548.0109251
E01020330,West Devon 002D,617.9207299,574.0364098,571.8257298,622.4512165,589.7005741,577.5292421
E01020331,West Devon 004C,687.7079923,626.8569585,673.2901746,653.3578698,618.4448623,608.2267643
E01020332,West Devon 005A,681.6418989,659.082594,630.4712657,696.165382,621.2678816,627.5002768
E01020333,West Devon 005B,691.2365905,619.6187016,609.1822342,625.1532442,566.1876449,565.0796942
E01020334,West Devon 005C,718.895145,678.3156985,663.6154624,653.843629,586.8136087,603.0709269
E01020335,West Devon 005D,685.5414771,677.2276591,626.956504,623.4848724,570.8456142,582.5475055
E01020336,West Devon 005E,859.7547292,773.7512447,752.4190017,720.00119,647.3519535,648.8266892
E01020337,West Devon 005F,871.5121061,859.0565649,809.6693379,759.1004999,728.903905,715.1421466
E01020338,West Devon 005G,589.7588802,578.5551237,597.46463,615.7894987,539.2124254,528.5934308
E01020339,West Devon 003D,604.2861609,614.0492393,611.0590135,632.0157915,578.9115416,590.3712448
E01020340,West Devon 004D,674.7693556,624.5280967,641.7619411,611.2302153,564.8931689,549.6531018
E01020341,West Devon 006C,622.9587585,565.3605527,556.7816261,566.5448466,506.1538987,511.1908765
E01020342,West Devon 006D,911.6739476,830.8180324,814.4916461,823.7547498,768.0846985,765.8669576
E01032628,East Devon 004G,#DIV/0!,#DIV/0!,531.6815673,550.1722982,562.8154694,587.2821194
E01032657,Plymouth 027F,1350.81337,1267.699155,881.8549559,896.5520944,907.2669684,839.4031444
E01032658,Plymouth 027G,1352.516219,1345.433208,958.3601655,966.4488043,910.7132778,909.2978112
E01033232,Exeter 011F,1160.323599,1229.143086,765.8672104,730.7050733,717.2754081,719.3129822
E01033233,Exeter 001F,910.0253153,939.0148983,498.8876289,462.8894716,427.5178146,463.4412102
E01033234,Exeter 011G,938.3167396,950.4196822,762.2775026,780.4520132,771.9130234,804.8518255
E01033235,Exeter 015E,1165.407734,1109.907992,597.5457837,636.7845365,601.0134721,614.0326939
E01033236,Exeter 015F,1262.05644,1199.996873,650.9046679,762.9830199,724.3135788,754.6460298
E07000040,East Devon,67.61175626,66.78176759,65.83620001,67.35449972,63.57921512,66.87352687
E07000041,Exeter,92.8550425,92.75818849,92.19053924,94.74154512,89.5227533,93.41382542
E07000042,Mid Devon,93.2889084,93.2179896,93.74525086,95.61760609,91.19627294,95.36319657
E07000043,North Devon,93.91201171,94.3981258,96.31413446,95.49748553,89.23834946,92.84478511
E07000044,South Hams,93.06400272,90.27340978,88.66268156,89.02853521,83.41022203,87.56563158
E07000045,Teignbridge,74.559437,74.68468653,73.48462179,73.87270415,71.07694774,73.48517087
E07000046,Torridge,106.3184595,108.7474246,109.0986541,110.1738825,102.6863518,107.7139221
E07000047,West Devon,120.4898692,117.3232345,115.3330965,118.3920454,110.7196424,116.482873
E10000008,Devon,31.38334815,31.2472746,31.10617815,31.49945888,29.69641883,31.06478791
E06000026,Plymouth,67.56740337,64.86064615,63.40328195,63.7687046,59.89013843,62.11345027
E06000027,Torbay,80.63608076,80.39098138,79.61251466,79.91531961,77.14306854,79.22088934
IMDQ1,Q1 - Most Deprived,105.178404,102.5019458,101.4688609,101.7113636,97.43200501,99.78376171
IMDQ2,Q2 - Above Average,60.41962858,59.78824497,59.19540247,59.96541533,57.0527476,58.99871319
IMDQ3,Q3 - Average,45.75332845,45.22573175,44.7573724,45.28028832,42.67140807,44.52506648
IMDQ4,Q4 - Below Average,49.33555578,48.29348151,47.7376814,48.2113498,45.02012904,47.43969819
IMDQ5,Q5 - Least Deprived,83.5576294,80.03703181,78.19939404,78.42889903,73.17100125,77.24205053
E02003122,Plymouth 001,354.7245935,336.5033574,334.4216385,345.1116471,322.5142376,331.5265849
E02003123,Plymouth 002,386.5909505,362.2618845,354.5460716,359.1431672,339.1770539,351.6964119
E02003124,Plymouth 003,410.8102087,396.1587847,383.0368822,394.1738399,374.776272,382.4691358
E02003125,Plymouth 004,504.0178338,473.5080731,459.8565588,462.5340297,429.1033339,447.3941938
E02003126,Plymouth 005,386.2132522,366.5132502,368.8438011,381.9922853,357.3336059,375.8323967
E02003127,Plymouth 006,432.2296879,411.094499,395.1679804,396.5223901,377.8102218,387.0212913
E02003128,Plymouth 007,387.5862625,364.4688604,360.559714,368.5130881,354.2308769,361.3223958
E02003129,Plymouth 008,413.7999785,396.1389376,376.081041,368.1780807,350.49222,363.9872157
E02003130,Plymouth 009,364.9445084,345.7521415,334.4449552,335.471263,316.6072619,331.98182
E02003131,Plymouth 010,410.3523395,395.5858093,389.7176661,391.3729239,373.3719677,377.3480573
E02003132,Plymouth 011,373.733967,358.6089403,346.5562112,357.056232,331.0850242,348.0074378
E02003133,Plymouth 012,379.2048004,355.8899187,346.7907488,364.6580509,334.3629514,346.6355098
E02003134,Plymouth 013,436.4292953,433.28296,427.9474116,445.1904845,408.7610736,425.361909
E02003135,Plymouth 014,426.9068813,411.592435,404.8186549,407.4758882,395.0090954,402.128393
E02003136,Plymouth 015,337.1844656,318.3262602,300.0281344,299.2268751,285.0111991,294.2889353
E02003137,Plymouth 016,323.3913556,307.1902478,296.4276007,302.0800701,284.305859,298.1678186
E02003138,Plymouth 017,357.5883219,349.001088,334.8387578,330.8840291,304.8759323,313.7946041
E02003139,Plymouth 018,406.9593741,373.7860453,361.4943144,365.8766139,356.2123325,367.7967692
E02003140,Plymouth 019,343.5944767,327.8644238,308.4799641,315.8478381,284.2256884,304.3385564
E02003141,Plymouth 020,409.9320043,396.3782257,388.8796304,390.680967,376.2831289,384.5680296
E02003142,Plymouth 021,399.1966232,382.6633424,364.5433171,373.0313538,345.0544588,362.3942301
E02003143,Plymouth 022,363.5529593,361.1046391,342.885303,348.8385436,319.6499264,335.014306
E02003144,Plymouth 023,402.7638267,417.9579366,421.7761652,413.0407589,392.2782699,405.7219916
E02003145,Plymouth 024,397.5729486,378.6418036,368.4217458,379.9194959,352.5877379,358.6583287
E02003146,Plymouth 025,349.0207582,342.6326361,355.7152119,365.6857073,343.6813993,348.7441125
E02003147,Plymouth 026,488.6799156,463.236042,450.7361169,453.1716667,439.9689278,443.6723523
E02003148,Plymouth 027,537.1708563,517.6048886,515.7361557,530.547414,503.6269424,518.1131503
E02003149,Plymouth 028,416.7456326,403.0027475,394.690094,392.3980631,372.1080484,381.9785057
E02003150,Plymouth 029,351.567552,335.8614344,333.1226277,336.6272906,324.6435082,333.7728664
E02003151,Plymouth 030,322.8339484,310.0819772,300.5760776,288.1791856,259.4130313,269.7805789
E02003152,Plymouth 031,338.0615513,310.0013439,296.7978087,292.9828861,270.9941642,291.8452491
E02003153,Plymouth 032,350.39778,324.9036397,317.6572935,308.2939606,289.310895,295.8423443
E02003154,Torbay 001,383.8887571,380.4626656,382.8264849,378.4863371,363.9067193,374.382232
E02003155,Torbay 002,355.8042256,374.0227971,379.0246201,377.098889,366.9384039,378.7996769
E02003156,Torbay 003,302.7067886,302.8650408,296.277413,303.7356701,295.2221826,301.7913934
E02003157,Torbay 004,436.1827375,445.6389901,441.7877177,442.8124581,422.6377015,425.0099215
E02003158,Torbay 005,368.3071571,377.0828815,347.916267,355.0731128,344.9157946,353.1537594
E02003159,Torbay 006,427.4868372,423.3796778,420.0878537,424.893585,415.2304745,419.7149417
E02003161,Torbay 008,442.1735059,432.7828379,437.141518,437.1580897,423.1420227,429.2055454
E02003163,Torbay 010,321.9678024,306.2899942,306.4577977,309.5860746,292.7636579,302.5857781
E02003164,Torbay 011,267.9236014,266.4300037,266.5685568,271.4866179,254.9507684,267.2541476
E02003165,Torbay 012,328.4161932,329.0823936,327.3428053,316.2922076,301.0993999,314.2775331
E02003166,Torbay 013,307.4060068,309.474446,302.0221554,307.0738974,300.3365234,304.6229067
E02003167,Torbay 014,312.9580352,308.2562964,307.5423217,309.5176563,302.7993399,308.9141779
E02003168,Torbay 015,327.2843221,320.6794114,324.0777608,320.2163143,311.149766,328.3179367
E02003169,Torbay 016,272.4497772,273.3174398,267.16147,272.6267124,265.5120732,275.9816565
E02003170,Torbay 017,274.7099078,279.55334,273.0088542,266.432405,261.4774985,269.3754891
E02003171,Torbay 018,324.9377681,309.0018753,301.1948565,304.9164724,297.1276211,305.4370651
E02004129,East Devon 001,336.7977083,328.234882,325.6560454,320.4049599,301.331533,315.6346281
E02004130,East Devon 002,352.9564405,334.6272657,331.5625912,348.7729278,337.124551,337.4263451
E02004131,East Devon 003,354.6978319,355.1163486,348.6479821,355.5315011,347.5228792,357.1560099
E02004132,East Devon 004,311.8064026,302.9094931,306.9778105,311.3707627,287.6883611,301.6461632
E02004133,East Devon 005,273.9895276,268.0775692,259.9656014,268.5435857,259.0715885,272.4855536
E02004134,East Devon 006,304.5882746,315.8354874,310.7145896,330.3433986,300.9248008,322.5292518
E02004135,East Devon 007,264.0242534,254.6757346,248.2377386,254.3385082,223.7990853,238.7513116
E02004136,East Devon 008,282.3195052,287.7641884,279.1233882,285.4733862,269.1380946,285.3192102
E02004137,East Devon 009,302.1639042,300.3933892,282.9451225,284.7767672,274.9125701,279.3817998
E02004138,East Devon 010,272.283582,271.2018327,255.5315845,257.4483969,244.7364251,260.9221817
E02004139,East Devon 011,307.138588,305.8151282,311.5867999,322.7787382,303.5715452,313.8101642
E02004140,East Devon 012,237.7849802,240.1306197,257.1613945,264.8343349,249.1278581,262.9551178
E02004141,East Devon 013,310.5244517,313.6961181,296.1767838,305.9231109,287.8323734,307.4004617
E02004142,East Devon 014,335.7813995,342.5775891,329.1212799,328.3082859,303.2727334,327.7746964
E02004143,East Devon 015,323.2523556,310.7458472,295.6491005,295.6795358,272.4943079,291.0954559
E02004144,East Devon 016,291.645401,283.0535991,283.8565416,294.5249322,280.5402595,294.050136
E02004145,East Devon 017,299.8837278,291.640227,282.2137975,270.6581195,252.4496123,271.1264855
E02004146,East Devon 018,333.9281384,336.3474508,337.4435156,363.0241635,346.32259,360.9311738
E02004147,East Devon 019,333.2772005,322.8980261,329.8704772,337.6620349,328.6205808,336.9265575
E02004148,East Devon 020,283.8377465,287.6686239,288.5675553,288.8459209,271.8453465,281.3387717
E02004149,Exeter 001,398.5441113,400.9090469,398.7102461,413.5167808,381.8123495,401.8885765
E02004150,Exeter 002,396.3145344,404.7876488,401.8376608,405.4611272,387.8947232,397.9749682
E02004151,Exeter 003,315.2310881,317.6909718,317.8068549,337.7531564,313.7070696,324.4458486
E02004152,Exeter 004,417.9159676,436.5253503,441.8166471,459.824799,426.6981217,433.5965515
E02004153,Exeter 005,369.7590717,372.2500402,366.6719087,371.8213414,359.3332425,366.6635429
E02004154,Exeter 006,351.0196954,349.8626208,342.7009603,344.4562894,324.3939558,343.5161644
E02004155,Exeter 007,368.1461007,362.4928686,356.3169317,357.610248,341.7830491,357.4314878
E02004156,Exeter 008,386.8810806,376.6907177,382.6688204,382.1395657,362.6583622,378.002938
E02004157,Exeter 009,335.8804083,338.9267335,333.5221746,330.8417749,321.9100271,336.4546103
E02004158,Exeter 010,364.6401471,370.7060278,366.9578672,371.4280348,357.5712375,372.1233064
E02004159,Exeter 011,365.7773676,349.2798684,345.6618004,350.9864027,327.055077,347.6367195
E02004160,Exeter 012,329.9074196,327.0036772,323.3380903,347.0592414,315.6881858,335.0190814
E02004161,Exeter 013,391.3950691,390.9816655,381.6711578,402.4600988,386.7021031,399.4478375
E02004162,Exeter 014,317.0468837,320.0263116,312.2260613,324.7327827,302.6512917,321.4641821
E02004163,Exeter 015,440.8489193,445.979974,429.130173,423.4496765,403.9350567,418.3840073
E02004164,Mid Devon 001,298.8352597,292.2087962,289.2064593,292.6525171,285.4333992,295.7995154
E02004165,Mid Devon 002,250.8577604,251.1544001,270.5024215,262.6422058,255.0495805,270.5155262
E02004166,Mid Devon 003,339.8133489,332.5130853,330.5500306,326.9383752,306.6667551,321.7601227
E02004167,Mid Devon 004,348.5943375,354.7006256,359.2387481,376.0980239,368.1506744,375.97228
E02004168,Mid Devon 005,338.1342999,354.8940278,364.0390232,371.9022332,365.9050751,376.5180459
E02004169,Mid Devon 006,298.4021328,298.8111105,298.1835744,309.8083059,293.3471404,308.9286438
E02004170,Mid Devon 007,317.5009393,309.1098812,310.7785123,310.8596734,298.6828488,308.2898104
E02004171,Mid Devon 008,297.063689,295.436184,286.2951905,290.3704943,272.3699615,284.1628615
E02004172,Mid Devon 009,338.8056805,341.3753877,339.6630573,341.1841,323.0802334,340.979739
E02004173,Mid Devon 010,305.9527314,290.7329955,288.4680902,293.9386385,281.9980863,299.1191646
E02004174,Mid Devon 011,297.0574757,300.0898989,303.4497658,325.4695493,297.1433206,315.8747685
E02004175,North Devon 001,419.0599448,421.3986815,425.8275301,419.9707646,395.8112638,409.5109964
E02004176,North Devon 002,373.5621023,390.9402476,385.9616228,362.6795575,328.1433459,351.3278721
E02004177,North Devon 003,373.5628928,387.7303258,396.5318848,396.1254434,372.3128656,378.6230948
E02004178,North Devon 004,299.5325635,304.9030831,330.6369519,338.4507179,319.3204347,330.9558098
E02004179,North Devon 005,274.4655109,274.1509913,283.0028199,282.2959518,264.3918159,275.4568332
E02004180,North Devon 006,337.433793,336.9343018,352.8116645,339.4724326,313.3178017,332.2158826
E02004181,North Devon 007,409.9432103,395.8860716,417.2309222,407.4106621,376.4717163,377.425553
E02004182,North Devon 008,452.5950783,448.7251653,449.3905532,449.5339448,421.9852005,430.1428347
E02004183,North Devon 009,392.5434235,390.6117115,400.5889548,389.0562658,372.1774972,388.0005069
E02004184,North Devon 010,358.0456819,358.0633527,371.5731174,375.7024153,355.4111572,364.8273463
E02004185,North Devon 011,358.7100302,351.8493884,356.1649855,340.2401971,317.6313173,346.7157425
E02004186,North Devon 012,312.8085895,322.8500556,327.0314055,318.5560879,308.4959918,317.9591257
E02004187,North Devon 013,291.3263209,294.989606,294.1394699,296.0344102,267.6369756,285.8028324
E02004188,North Devon 014,318.2317468,324.0083965,317.3866683,328.24872,304.9294976,318.2002017
E02004189,South Hams 001,395.5123524,394.4801826,392.7737032,393.643291,359.150812,374.1846903
E02004190,South Hams 002,315.1677673,305.1793273,294.8721746,298.4308989,285.1942485,298.7657819
E02004191,South Hams 003,294.43235,293.447788,293.0603193,286.1282016,277.2593171,284.1929344
E02004192,South Hams 004,299.9862118,299.4394946,295.7153237,285.5055246,279.9628843,287.1174018
E02004193,South Hams 005,288.2891529,273.7166946,262.5009379,263.923326,255.0924252,262.2419795
E02004194,South Hams 006,315.5054878,309.844128,303.0892244,302.2394135,291.1086682,298.8922844
E02004195,South Hams 007,328.4839465,332.2906195,342.0250036,334.6429942,306.6049021,324.8266273
E02004196,South Hams 008,323.6670159,291.5896865,279.4226393,284.4170368,264.2154312,287.6407009
E02004197,South Hams 009,344.5023357,323.1408176,310.2935682,316.0518321,268.2953783,295.2891426
E02004198,South Hams 010,322.9956526,316.9481947,312.1247248,323.4472654,298.3624355,317.3213774
E02004199,South Hams 011,315.4644936,310.7850134,285.8102265,314.8215541,287.609074,308.2743359
E02004200,South Hams 012,356.0406708,323.7505036,339.0359201,353.3533352,322.393457,348.982732
E02004201,Teignbridge 001,353.5988618,360.6469555,358.9060701,366.8603792,343.5553764,355.767678
E02004202,Teignbridge 002,311.6056708,307.5267293,308.5350854,324.8686821,301.8545982,321.377438
E02004203,Teignbridge 003,297.3755605,306.5521106,308.6238292,313.0927665,289.0282501,308.2524416
E02004204,Teignbridge 004,280.790814,279.28976,267.1324902,270.3643075,265.0353436,270.550855
E02004205,Teignbridge 005,318.9056407,323.0413772,323.775946,331.4007053,315.6276776,327.7193968
E02004206,Teignbridge 006,285.6290994,282.7319499,278.9897302,274.4347142,265.7771225,269.7540646
E02004207,Teignbridge 007,357.5162624,368.1592579,373.3622418,359.2813952,340.0303309,356.6741701
E02004208,Teignbridge 008,259.8124802,260.2563048,253.5526918,265.0380928,257.5577097,265.3815257
E02004209,Teignbridge 009,296.9607378,295.6665987,291.035022,293.208102,285.5133691,290.0372899
E02004210,Teignbridge 010,328.5802624,330.33186,333.6854218,335.1512913,323.8225447,326.903855
E02004211,Teignbridge 011,293.2594978,292.8522801,266.8143866,255.9596546,252.0842555,256.008633
E02004212,Teignbridge 012,368.1795653,362.3422036,350.7896204,347.3964461,333.9771002,347.6689589
E02004213,Teignbridge 013,331.040901,346.0339822,343.8043552,340.482592,333.4395261,347.8056785
E02004214,Teignbridge 014,379.9416182,390.2703666,393.6713961,400.3770922,390.5144979,397.9872471
E02004215,Teignbridge 015,392.7213769,378.5875567,367.4082247,369.921586,350.8714215,365.3203508
E02004216,Teignbridge 016,373.5623001,367.9060538,367.054958,379.7483272,371.5217479,389.9319308
E02004217,Teignbridge 017,318.2347996,324.4531594,310.5603157,304.2045174,296.6467282,301.4655198
E02004218,Teignbridge 018,372.4129999,382.4862659,376.9546179,375.8631697,355.6899496,366.2339219
E02004219,Teignbridge 019,343.777534,328.8037488,314.0953179,315.6598828,298.4573376,310.2217147
E02004220,Torridge 001,329.8902394,334.7460728,349.9337364,357.2912198,342.2610561,351.6725773
E02004221,Torridge 002,300.5904603,302.6963233,310.685521,318.4958984,298.3771808,309.7157748
E02004222,Torridge 003,394.2815577,398.3171405,388.1726611,392.6340002,371.6639683,383.1781561
E02004223,Torridge 004,289.2090559,291.3996074,286.1086713,285.3726281,265.6019539,278.4594705
E02004224,Torridge 005,287.3353844,290.9592575,295.3309372,321.8257838,305.5351794,326.482954
E02004225,Torridge 006,363.0421171,383.5587581,391.6471331,399.08368,376.1514926,391.1681586
E02004226,Torridge 007,323.8937092,337.6601083,350.5807255,328.5907151,307.410919,321.9574672
E02004227,Torridge 008,278.4529104,288.6757073,292.1237997,293.2069489,272.3817981,283.0809568
E02004228,Torridge 009,304.1760424,319.6470981,302.3943004,309.5379165,283.751136,302.2058068
E02004229,West Devon 001,290.4922699,284.1748263,287.4606509,309.4614419,295.2480547,305.8529996
E02004230,West Devon 002,313.5695523,316.8222965,314.0216075,329.6208982,313.2960312,323.8939323
E02004231,West Devon 003,317.6374164,331.0192127,323.8041128,328.8493552,308.1486889,334.5105952
E02004232,West Devon 004,341.3842043,327.6585326,331.1569208,323.8736893,299.2234348,310.5174803
E02004233,West Devon 005,265.9915364,252.6421357,246.2988864,250.1521401,228.8253585,242.743406
E02004234,West Devon 006,385.7139459,348.6482743,344.8256597,346.5844648,323.4011539,342.9079259
E02004235,West Devon 007,369.0359997,352.3195308,342.6528646,346.2949442,326.1851571,348.0468935
E02006840,Torbay 019,287.5444971,288.6953283,286.5636416,290.6270556,281.0712065,286.9287235
TOWN01,Ashburton-Buckfastleigh,318.2347996,324.4531594,310.5603157,304.2045174,296.6467282,301.4655198
TOWN02,Axminster,204.2838686,199.013007,192.1343167,196.0442402,185.8437449,196.1106374
TOWN03,Barnstaple,143.9673756,143.2881857,147.2214385,144.9914296,136.1684845,140.7180036
TOWN04,Bideford-Northam,141.5573918,143.1742226,142.589758,144.9732998,135.4729841,142.5981846
TOWN05,Braunton,226.8858239,228.7215889,237.9123147,239.7122766,224.3697929,233.4300122
TOWN06,Crediton,180.0258104,178.4434642,178.9972796,185.6354991,173.4828668,184.3360409
TOWN07,Cullompton,175.7081864,173.1402795,172.6202089,173.6277885,165.7252175,172.4316045
TOWN08,Dartmouth,237.2515244,238.5776407,237.7091688,232.7964225,218.3771036,224.646769
TOWN09,Dawlish,208.493947,207.5671304,206.1642873,208.0775279,198.7897484,205.7144866
TOWN10,Exeter (Wider),83.62560835,83.62825424,83.33220057,85.48412335,80.53231109,84.24806634
TOWN11,Exmouth,114.6319352,113.2845141,111.6566852,114.7947886,108.5340165,114.2161775
TOWN12,Great Torrington,259.4125884,271.1969771,281.1277587,279.0071467,261.5962543,273.4686379
TOWN13,Holsworthy,205.6462563,212.9318535,211.0891926,213.841664,197.4250347,207.0707546
TOWN14,Honiton,196.1284348,189.5392647,185.7200286,188.675529,181.4624537,186.7083893
TOWN15,Ilfracombe,214.335241,219.9532517,224.6320131,221.7412905,207.2498105,214.6462505
TOWN16,Ivybridge,157.7505041,150.5671052,145.2779552,146.2650927,136.0105081,142.9028985
TOWN17,Kingsbridge,190.9497314,182.8518064,182.6031816,189.8558886,174.2941894,185.5327315
TOWN18,Lynton-Lynmouth,688.1407533,719.5792156,648.6037176,598.2394715,545.5303177,579.0531047
TOWN19,Moretonhampstead,349.9204779,360.4839199,366.3039005,370.3424053,341.1947047,363.0559798
TOWN20,Newton Abbot,103.4109172,103.3716989,101.3089158,101.3994621,97.76793377,101.0780686
TOWN21,Okehampton,164.3877651,164.323437,163.46161,168.8381099,159.9024174,167.2324383
TOWN22,Ottery St Mary,213.2450801,218.9420489,214.5678652,225.7338295,211.1498054,224.0374851
TOWN23,Seaton,203.7716087,203.2267625,195.2022858,196.7867072,185.6665587,194.5159101
TOWN24,Sidmouth,172.5770354,172.2175838,175.5315879,178.8300249,167.9736218,175.3226945
TOWN25,South Molton,238.3297392,241.6891946,241.1331607,242.9390688,220.1462614,233.6315962
TOWN26,Tavistock,168.99701,162.3964155,158.8546705,160.9154814,148.549699,157.2373208
TOWN27,Teignmouth,178.2296139,177.9402751,175.4200048,177.7362299,172.1693479,175.7814391
TOWN28,Tiverton,131.6077681,133.1242547,134.70875,138.1634535,133.1032583,138.5698733
TOWN29,Totnes,175.7957497,176.0437626,175.4281263,172.6650018,167.2963328,173.955981
DIV1,Alphington & Cowick ED,228.8083025,230.885012,229.6572664,239.8150576,223.134708,235.0199857
DIV2,Ashburton & Buckfastleigh ED,242.1518434,248.7881721,239.7174267,235.9865591,229.3201492,234.5980008
DIV3,Axminster ED,228.1610618,222.1423552,214.5219732,218.1213094,208.1047911,219.0459078
DIV4,Barnstaple North ED,285.349888,279.4647933,283.8745273,281.1798897,264.411684,268.4010894
DIV5,Barnstaple South ED,278.1825071,279.0732314,291.1505577,290.8270967,272.1896375,281.5343163
DIV6,Bickleigh & Wembury ED,266.2705554,260.6159347,257.0335116,256.8575272,230.3032097,243.76202
DIV7,Bideford East ED,261.9128565,265.6246251,261.2699094,258.8810418,242.8574644,251.7611649
DIV8,Bideford West & Hartland ED,266.6105907,270.1960547,262.8885792,276.3819285,254.8984956,273.7975717
DIV9,Bovey Rural ED,235.6285421,240.8103443,240.1174878,236.687578,223.3488932,234.8779415
DIV10,Braunton Rural ED,226.8858239,228.7215889,237.9123147,239.7122766,224.3697929,233.4300122
DIV11,Broadclyst ED,260.8467544,270.5423691,267.3598688,277.1424853,255.674897,273.6348266
DIV12,Chudleigh & Teign Valley ED,244.2920598,245.377013,238.6389247,239.4497237,232.1648155,237.1422001
DIV13,Chulmleigh & Landkey ED,267.0891089,274.9197777,271.9755286,271.6317167,258.1026836,266.9117768
DIV14,Combe Martin Rural ED,240.9446526,245.7994333,251.0112011,242.3385289,220.0757207,235.4229364
DIV15,Crediton ED,232.5091844,233.7104179,234.3929735,246.6393397,229.6632448,241.9046735
DIV16,"Creedy, Taw & Mid Exe ED",220.5866498,213.0310433,210.8657351,210.6742596,199.83537,211.6269313
DIV17,Cullompton & Bradninch ED,253.6504433,250.0048449,249.078717,250.2104687,239.7029107,248.3149827
DIV18,Dartmouth & Marldon ED,218.6129638,220.674071,223.0084363,215.5677845,203.9178023,212.0093807
DIV19,Dawlish ED,212.0849271,213.2020633,212.3572422,214.3018949,205.5467172,211.8540546
DIV20,Duryard & Pennsylvania ED,336.0132459,333.1736165,348.459187,356.2315633,325.2631201,340.9813962
DIV21,Exminster & Haldon ED,266.4648945,263.7780156,266.4298949,283.5399475,262.4805627,279.4443473
DIV22,Exmouth & Budleigh Salterton Coastal ED,204.943897,204.2821482,201.9921893,200.1323515,187.5259397,196.784565
DIV23,Exmouth ED,145.2922441,143.0080782,141.3483045,146.0017467,138.7976948,145.6013524
DIV24,Exwick & St Thomas ED,272.4610642,276.6136231,272.0851865,277.7595481,265.9267117,275.3199881
DIV25,Feniton & Honiton ED,234.9184584,229.3249412,225.4239359,233.9421003,225.6362361,229.2795782
DIV26,Fremington Rural ED,272.6579734,274.1501244,278.9377047,266.2369057,253.9638293,268.8487771
DIV27,Hatherleigh & Chagford ED,225.7888417,221.4859012,222.3634959,234.7182851,223.0668353,235.8203001
DIV28,Heavitree & Whipton Barton ED,261.5932781,259.398228,252.8227692,259.286746,244.3007479,259.232595
DIV29,Holsworthy Rural ED,205.6462563,212.9318535,211.0891926,213.841664,197.4250347,207.0707546
DIV30,Ilfracombe ED,278.667104,285.8599687,290.7109166,288.1383259,271.2692536,278.3155444
DIV31,Ipplepen & The Kerswells ED,234.4738557,233.7895636,227.3943386,223.6230811,214.4300602,221.48349
DIV32,Ivybridge ED,288.2891529,273.7166946,262.5009379,263.923326,255.0924252,262.2419795
DIV33,Kingsbridge ED,229.5774052,223.7029158,214.8981445,225.9938211,206.9300419,221.1020396
DIV34,Kingsteignton & Teign Estuary ED,221.2667688,220.7206152,215.0537224,215.048389,208.8468244,211.5156723
DIV35,Newton Abbot North ED,259.7900727,263.769598,256.3431423,256.2979807,247.1352878,258.167476
DIV36,Newton Abbot South ED,255.0500597,247.6803204,244.7842469,249.775091,241.7689368,250.6577781
DIV37,Northam ED,223.056237,225.3348637,233.8931769,239.6335335,227.1514421,234.6643143
DIV38,Okehampton Rural ED,228.3164206,227.2503428,226.2305978,231.4837421,217.6094539,225.4253301
DIV39,Otter Valley ED,224.3290494,227.1180518,218.6100124,223.8298867,211.3439882,224.9746187
DIV40,Pinhoe & Mincinglake ED,272.1281207,273.7249962,270.6656896,281.865417,267.1699706,274.0574832
DIV41,Salcombe ED,235.4987957,220.3110435,223.6744508,228.8580906,213.6599533,224.0126011
DIV42,Seaton & Colyton ED,193.3962199,190.5569174,182.1943776,185.3554435,175.7806539,184.2728133
DIV43,Sidmouth ED,183.0215524,184.3898269,189.5872452,194.4911151,182.0950802,189.9019866
DIV44,South Brent & Yealmpton ED,254.6231792,237.7522472,228.6775457,233.8501532,219.0318555,237.4739982
DIV45,South Molton ED,262.2175635,261.5685083,261.8145956,263.7427779,241.5323346,257.26052
DIV46,St David's & Haven Banks ED,297.9645597,288.5428572,283.5361837,288.4528573,277.411274,289.5866813
DIV47,St Sidwells & St James ED,281.9536404,288.87673,289.3206447,286.5480249,268.0966948,282.1954109
DIV48,Tavistock ED,265.9915364,252.6421357,246.2988864,250.1521401,228.8253585,242.743406
DIV49,Teignmouth ED,206.4995681,206.6890588,205.5119386,209.5547258,202.7725662,206.6678386
DIV50,Tiverton East ED,228.3985913,230.1087768,235.220722,241.4416452,234.3931918,243.1617302
DIV51,Tiverton West ED,210.6679424,217.7913547,225.3316593,227.1817274,221.8894465,231.1762212
DIV52,Torrington Rural ED,240.7774057,251.8768111,258.917001,253.6850685,238.1188066,248.6830416
DIV53,Totnes & Dartington ED,237.0519541,236.886121,233.5646835,227.5270269,221.27508,227.4983804
DIV54,Wearside & Topsham ED,324.1668411,315.1863416,302.9357539,302.3962299,289.3426363,301.2284595
DIV55,Whimple & Blackdown ED,223.4106958,218.1696213,219.6399152,218.8733476,202.9479979,214.7448731
DIV56,Willand & Uffculme ED,231.4338103,229.2254557,226.5380636,230.0993895,217.5250817,227.8808591
DIV57,Wonford & St Loyes ED,339.9009866,338.8974549,336.0895573,346.5486916,332.0432448,342.4229668
DIV58,Yelverton Rural ED,244.2002279,237.1479686,230.5433473,233.5465891,218.4266074,231.2969349
CHSCTAXE,"Axe Valley, Seaton and Sidmouth CHSCT",110.6172441,109.4313694,107.4965504,109.3971159,103.1855004,108.2908039
CHSCTBARNSTAPLE,Barnstaple CHSCT,163.9327156,162.7740999,167.4338136,165.9140699,155.6293434,160.3573419
CHSCTBIDEFORD,Bideford and Northam CHSCT,133.5758516,134.8600855,134.5729429,134.3612511,125.7550576,131.9785704
CHSCTBRAUNTON,Braunton and Ilfracombe CHSCT,152.5366293,155.2698563,159.0869056,158.0128572,147.6124641,153.3588273
CHSCTCREDITON,Crediton CHSCT,183.0265299,183.2486119,182.8395482,188.869761,174.6610006,186.582191
CHSCTCULLOMPTON,Cullompton CHSCT,151.3552888,149.3466197,148.1639078,149.0927685,141.328401,147.3645094
CHSCTDAWLISH,Dawlish and Teignmouth CHSCT,137.6381123,137.9941951,136.7291923,138.0662729,133.4008305,136.7902276
CHSCTEXETERCHALL,Exeter - County Hall CHSCT,117.3304522,117.8842201,116.4936817,120.7438118,113.1737573,118.9622456
CHSCTEXETERSYCAMORE,Exeter - Sycamores CHSCT,123.8931655,123.9047494,123.8870062,126.7881051,120.2221451,125.1586407
CHSCTEXMOUTH,Exmouth and Budleigh CHSCT,114.6319352,113.2845141,111.6566852,114.7947886,108.5340165,114.2161775
CHSCTHONITON,Honiton and Ottery St Mary CHSCT,149.6426999,146.9777991,144.094325,146.3194899,139.4437709,144.7570003
CHSCTIVYBRIDGE,Ivybridge CHSCT,158.2300985,148.8064025,143.3457671,144.596348,135.447957,142.0904465
CHSCTKINGSBRIDGE,Kingsbridge CHSCT,190.9497314,182.8518064,182.6031816,189.8558886,174.2941894,185.5327315
CHSCTNABBOT,Newton Abbot CHSCT,117.543643,117.3269677,114.851569,115.0567736,111.160013,114.6274245
CHSCTOKE,Okehampton CHSCT,154.7590691,157.3757996,155.2335465,162.0243451,153.2697161,159.783246
CHSCTSMOLTON,South Molton and Chulmleigh CHSCT,210.6215638,214.7418485,215.1397327,213.0553691,195.8632591,207.3103334
CHSCTTAVISTOCK,Tavistock CHSCT,155.9868886,149.3001277,147.0002736,147.8668593,136.4852801,144.2051123
CHSCTTEIGN,Teign Valley and South Dartmoor CHSCT,165.2995057,166.762866,162.138982,161.6023463,155.2839088,161.0828183
CHSCTTIVERTON,Tiverton CHSCT,134.9710204,136.2268679,138.4790651,141.9983028,137.916209,143.4561796
CHSCTTORRINGTON,Torrington and Holsworthy CHSCT,151.4380073,157.1808705,159.3330991,161.708275,150.6983487,158.4857557
CHSCTTOTNES,Totnes and Dartmouth CHSCT,166.4790962,166.2649085,166.4972013,161.4043711,154.8238729,159.6947778
Eastern,Eastern LCP,,,,,,
Northern,Northern LCP,,,,,,
Southern,Southern LCP,,,,,,
Western,Western LCP,,,,,,
