Area,2011,2012,2013,2014,2015
E92000001,0.109043408,0.1041,0.103916287,0.105550905,0.110439742
E12000009,0.093880216,0.0939,0.115378933,0.121614444,0.11368234
E01015023,0.084919473,0.102816901,0.125344353,0.129298487,0.12033195
E01015024,0.045941807,0.046407186,0.079062958,0.073529412,0.064801178
E01015025,0.073282443,0.056296296,0.084179971,0.085507246,0.078832117
E01015026,0.045751634,0.071878941,0.090234858,0.080346106,0.069565217
E01015027,0.069984448,0.059970015,0.096774194,0.098384728,0.091445428
E01015028,0.052380952,0.084592145,0.096296296,0.106824926,0.099406528
E01015029,0.113333333,0.087837838,0.13060686,0.144370861,0.135458167
E01015030,0.056878307,0.09731114,0.107769424,0.114321608,0.105660377
E01015031,0.210526316,0.161616162,0.214184397,0.229461756,0.221590909
E01015032,0.31971831,0.265776699,0.287589499,0.276978417,0.270983213
E01015033,0.095081967,0.07120743,0.105022831,0.103343465,0.094368341
E01015034,0.153846154,0.116541353,0.116451017,0.126838235,0.120147874
E01015035,0.080385852,0.064220183,0.092675635,0.074850299,0.067669173
E01015036,0.120826709,0.09037037,0.122093023,0.129548763,0.120991254
E01015037,0.095076401,0.09178744,0.119685039,0.105678233,0.099683544
E01015038,0.097305389,0.073770492,0.11409396,0.107238606,0.099730458
E01015039,0.121495327,0.113207547,0.168032787,0.169072165,0.156701031
E01015040,0.116438356,0.174055829,0.188405797,0.165594855,0.158319871
E01015041,0.141779789,0.141993958,0.221893491,0.175074184,0.166666667
E01015042,0.120063191,0.102985075,0.171554252,0.166423358,0.160294118
E01015043,0.082683307,0.110791367,0.169491525,0.153737659,0.147308782
E01015044,0.14498645,0.148541114,0.211963589,0.203125,0.197643979
E01015045,0.038461538,0.076822917,0.09346991,0.067861716,0.061696658
E01015046,0.018952062,0.082722513,0.089783282,0.081443299,0.075335397
E01015047,0.033149171,0.052067381,0.077844311,0.070464768,0.061840121
E01015048,0.019713262,0.078431373,0.099041534,0.076555024,0.069020867
E01015049,0.236462094,0.2,0.246376812,0.257234727,0.252427184
E01015050,0.33557047,0.286131387,0.248927039,0.241428571,0.235632184
E01015051,0.257246377,0.223659889,0.261261261,0.238267148,0.22965642
E01015052,0.227513228,0.226506024,0.230496454,0.236406619,0.22985782
E01015053,0.218531469,0.237855946,0.28125,0.256157635,0.252475248
E01015054,0.178794179,0.204379562,0.226381462,0.220640569,0.212880143
E01015055,0.076175041,0.109149278,0.135007849,0.135007849,0.126382306
E01015056,0.08499336,0.081818182,0.110687023,0.087898089,0.08056266
E01015057,0.063636364,0.097488922,0.125722543,0.117561684,0.108853411
E01015058,0.082191781,0.144347826,0.16894198,0.162116041,0.150943396
E01015059,0.114285714,0.104704097,0.166419019,0.151785714,0.14200299
E01015060,0.117073171,0.111445783,0.158050222,0.135493373,0.128888889
E01015061,0.173166927,0.137223975,0.183925811,0.188854489,0.180124224
E01015062,0.277310924,0.225718194,0.275537634,0.322580645,0.315363881
E01015063,0.049839228,0.06116208,0.098654709,0.088455772,0.079819277
E01015064,0.096960926,0.071913161,0.101333333,0.090305445,0.082666667
E01015065,0.100946372,0.102290076,0.114925373,0.106287425,0.097744361
E01015066,0.060301508,0.0528,0.090766823,0.089341693,0.080314961
E01015067,0.080952381,0.060031596,0.096273292,0.089783282,0.080870918
E01015068,0.058236273,0.049079755,0.085714286,0.08095952,0.072180451
E01015069,0.073637703,0.084527221,0.116246499,0.112517581,0.103932584
E01015070,0.067567568,0.062836625,0.080985915,0.07537248,0.067078553
E01015071,0.086696562,0.083798883,0.115226337,0.108219178,0.101928375
E01015072,0.121621622,0.177033493,0.184087363,0.153125,0.145539906
E01015073,0.072347267,0.098187311,0.122962963,0.12,0.113095238
E01015074,0.078488372,0.106259098,0.122507123,0.121082621,0.114613181
E01015075,0.09733124,0.127245509,0.16568915,0.134699854,0.125184094
E01015076,0.103727715,0.091049383,0.134848485,0.105900151,0.098784195
E01015077,0.072,0.071614583,0.093350384,0.085677749,0.07830552
E01015078,0.093378608,0.208333333,0.200385356,0.166023166,0.157587549
E01015079,0.114886731,0.098765432,0.113293051,0.101208459,0.092424242
E01015080,0.063829787,0.211498973,0.225352113,0.194779116,0.185858586
E01015081,0.074015748,0.106811146,0.131618759,0.135258359,0.129179331
E01015082,0.060358891,0.098176718,0.103163686,0.11707989,0.110650069
E01015083,0.060160428,0.083451202,0.084722222,0.092926491,0.087743733
E01015084,0.089576547,0.09375,0.117737003,0.113496933,0.105828221
E01015085,0.102816901,0.1,0.128306878,0.107142857,0.099601594
E01015086,0.045380875,0.068642746,0.096330275,0.090214067,0.082822086
E01015087,0.091234347,0.146551724,0.148397976,0.168350168,0.160202361
E01015088,0.044850498,0.084375,0.110091743,0.119266055,0.112135177
E01015089,0.073726542,0.069281046,0.098465473,0.085787452,0.07840617
E01015090,0.055846422,0.052810903,0.08985025,0.085,0.075250836
E01015091,0.056856187,0.066255778,0.078668684,0.075301205,0.065250379
E01015092,0.051224944,0.056112224,0.090196078,0.092156863,0.080708661
E01015093,0.0496,0.071865443,0.104633782,0.098802395,0.091729323
E01015094,0.056506849,0.063311688,0.084260731,0.087440382,0.07814992
E01015095,0.064976228,0.064661654,0.098820059,0.092783505,0.085798817
E01015096,0.049261084,0.079113924,0.109907121,0.114728682,0.105754277
E01015097,0.062807882,0.058548009,0.119402985,0.125576037,0.118800461
E01015098,0.125960061,0.106446777,0.164464023,0.179148311,0.172566372
E01015099,0.140322581,0.113149847,0.163418291,0.169161677,0.159398496
E01015100,0.162207358,0.132911392,0.194099379,0.198142415,0.191290824
E01015101,0.127035831,0.092767296,0.123647604,0.105990783,0.098918083
E01015102,0.100929615,0.086845466,0.119196989,0.113065327,0.103404792
E01015103,0.130434783,0.102484472,0.168693009,0.179604262,0.172256098
E01015104,0.133105802,0.10620915,0.135566188,0.110223642,0.102728732
E01015105,0.126198083,0.095163807,0.140888208,0.145259939,0.134762634
E01015106,0.115606936,0.087751371,0.107334526,0.1005386,0.093693694
E01015107,0.046280992,0.045676998,0.074960128,0.067092652,0.0592
E01015108,0.085403727,0.063938619,0.100502513,0.103274559,0.097099622
E01015109,0.02992126,0.036308623,0.062222222,0.040118871,0.031296572
E01015110,0.05210084,0.044515103,0.076323988,0.074650078,0.0657277
E01015111,0.026124819,0.031636864,0.053835801,0.041722746,0.032388664
E01015112,0.094339623,0.069565217,0.098976109,0.097435897,0.090909091
E01015113,0.079674797,0.063369397,0.096969697,0.080181543,0.072948328
E01015114,0.103448276,0.082554517,0.103816794,0.105022831,0.094801223
E01015115,0.084569733,0.094839609,0.115068493,0.112328767,0.104395604
E01015116,0.06,0.052969502,0.089481947,0.081761006,0.070977918
E01015117,0.065068493,0.064516129,0.1,0.095461659,0.083333333
E01015118,0.102071006,0.076149425,0.100141044,0.085794655,0.078984485
E01015119,0.047923323,0.04552352,0.071216617,0.06547619,0.058295964
E01015120,0.09929078,0.086538462,0.106918239,0.094339623,0.088607595
E01015121,0.086477987,0.066165414,0.103244838,0.085545723,0.078055965
E01015122,0.098883573,0.074018127,0.106824926,0.097633136,0.089285714
E01015123,0.095435685,0.064777328,0.087533156,0.079681275,0.071904128
E01015124,0.09063893,0.074438202,0.100550964,0.093535076,0.087136929
E01015125,0.071895425,0.065625,0.105828221,0.096477795,0.089230769
E01015126,0.101265823,0.071537291,0.102831595,0.088059701,0.080838323
E01015127,0.10214168,0.086477987,0.121725732,0.102918587,0.092592593
E01015128,0.065771812,0.056265985,0.086466165,0.065081352,0.057861635
E01015129,0.031531532,0.041786744,0.076379066,0.046610169,0.039716312
E01015130,0.097152429,0.077044025,0.115740741,0.121538462,0.114374034
E01015131,0.066874028,0.043740573,0.054814815,0.047267356,0.040059347
E01015132,0.083981337,0.072674419,0.10128388,0.088319088,0.081661891
E01015133,0.079563183,0.053811659,0.085168869,0.076246334,0.069117647
E01015134,0.11196319,0.074074074,0.090277778,0.083798883,0.072727273
E01015135,0.116099071,0.1,0.112781955,0.102255639,0.095454545
E01015136,0.15640599,0.117283951,0.135951662,0.111782477,0.103343465
E01015137,0.095890411,0.078518519,0.109011628,0.100436681,0.093430657
E01015138,0.061781609,0.062586926,0.108219178,0.075136612,0.065843621
E01015139,0.092532468,0.078988942,0.109907121,0.103554869,0.094573643
E01015140,0.112654321,0.072808321,0.10787172,0.101744186,0.095168375
E01015141,0.071815718,0.049350649,0.077608142,0.064968153,0.054846939
E01015142,0.083333333,0.067524116,0.09478673,0.089622642,0.082278481
E01015143,0.096153846,0.090189873,0.118012422,0.099224806,0.091900312
E01015144,0.119008264,0.159557662,0.205882353,0.178018576,0.169517885
E01015145,0.025276461,0.097383721,0.135327635,0.155270655,0.148783977
E01015146,0.058419244,0.109195402,0.125352113,0.117397454,0.110481586
E01015147,0.115226337,0.104046243,0.133709981,0.117424242,0.108159393
E01015148,0.053680982,0.058737151,0.074927954,0.06618705,0.059334298
E01015149,0.06372549,0.167962675,0.188736682,0.172256098,0.165137615
E01015150,0.108108108,0.100303951,0.128166915,0.104477612,0.097014925
E01015151,0.194774347,0.22611465,0.245322245,0.255208333,0.247648903
E01015152,0.031216362,0.082051282,0.120603015,0.109989909,0.102020202
E01015153,0.117169374,0.141316073,0.158898305,0.149681529,0.1424017
E01015155,0.049881235,0.093555094,0.117227319,0.119144603,0.112704918
E01015156,0.077083333,0.121483376,0.139097744,0.141781681,0.133333333
E01015157,0.107795958,0.11635476,0.115537849,0.136472466,0.128
E01015158,0.103816794,0.105109489,0.144189383,0.144396552,0.136887608
E01015159,0.071523179,0.08596713,0.122828784,0.100371747,0.092154421
E01015160,0.05987055,0.051242236,0.077743902,0.065349544,0.058015267
E01015161,0.069620253,0.075757576,0.109955423,0.109955423,0.101190476
E01015162,0.076433121,0.096477795,0.126126126,0.115615616,0.108433735
E01015163,0.083191851,0.086460033,0.10543131,0.0992,0.08988764
E01015164,0.082036775,0.072559367,0.095607235,0.103359173,0.093385214
E01015165,0.068333333,0.057315234,0.103244838,0.103703704,0.096582467
E01015166,0.053645117,0.070671378,0.093533487,0.087356322,0.080924855
E01015167,0.11829653,0.103840683,0.180167598,0.175487465,0.169467787
E01015168,0.134816754,0.130071599,0.207259953,0.187134503,0.181176471
E01015169,0.200998752,0.197963801,0.19,0.193118757,0.1875
E01015170,0.107142857,0.120466321,0.154626109,0.15501906,0.145038168
E01015171,0.135508156,0.121248499,0.170588235,0.185141509,0.175914994
E01015172,0.177954847,0.14893617,0.212543554,0.218604651,0.209545984
E01015173,0.151750973,0.117948718,0.150063052,0.169191919,0.162673392
E01015174,0.109230769,0.095577746,0.153089888,0.131652661,0.123595506
E01015175,0.194029851,0.16374269,0.239255014,0.246418338,0.237068966
E01015176,0.126436782,0.143092105,0.186495177,0.168810289,0.158319871
E01015177,0.197513812,0.16644474,0.230769231,0.22946545,0.222222222
E01015178,0.242387333,0.20383693,0.266745006,0.263529412,0.256772674
E01015179,0.256894049,0.213549337,0.265129683,0.266666667,0.258345428
E01015180,0.132784959,0.163128492,0.201754386,0.186813187,0.180418042
E01015181,0.224858757,0.187314172,0.245853659,0.235121951,0.227984344
E01015182,0.145734597,0.134727062,0.177879133,0.174458381,0.16838488
E01015183,0.098256735,0.083056478,0.113452188,0.097402597,0.087804878
E01015184,0.087719298,0.05625,0.081039755,0.064417178,0.053763441
E01015185,0.097902098,0.082269504,0.106796117,0.108183079,0.100139082
E01015186,0.208391608,0.19858156,0.243767313,0.203059805,0.19054242
E01015187,0.084563758,0.075445816,0.102150538,0.096774194,0.085020243
E01015188,0.076069731,0.053857351,0.092724679,0.083094556,0.076040172
E01015189,0.151090343,0.128424658,0.184254606,0.180904523,0.171428571
E01015190,0.056930693,0.061813187,0.078378378,0.060810811,0.052774019
E01015191,0.04845815,0.042521994,0.061870504,0.048920863,0.041847042
E01015192,0.063439065,0.078817734,0.117552335,0.112721417,0.103225806
E01015193,0.102966841,0.092657343,0.107508532,0.09556314,0.087478559
E01015194,0.066445183,0.065495208,0.090766823,0.07523511,0.064364207
E01015195,0.093896714,0.084977238,0.109792285,0.099850969,0.092399404
E01015196,0.079062958,0.117455139,0.127591707,0.1232,0.112
E01015197,0.065151515,0.050228311,0.067264574,0.055389222,0.047976012
E01015198,0.087136929,0.064136126,0.092307692,0.07840617,0.070694087
E01015199,0.095826893,0.066358025,0.084464555,0.075528701,0.068181818
E01015200,0.063180828,0.058951965,0.093816631,0.083333333,0.070815451
E01015201,0.109060403,0.085,0.113821138,0.120915033,0.11147541
E01015202,0.127768313,0.098228663,0.121451104,0.11023622,0.103011094
E01015203,0.086206897,0.058614565,0.085365854,0.07504363,0.067944251
E01015204,0.153726708,0.127725857,0.145038168,0.122137405,0.113323124
E01015205,0.088607595,0.074355083,0.111275964,0.099406528,0.088059701
E01015206,0.103554869,0.093990755,0.139393939,0.117647059,0.108761329
E01015207,0.135327635,0.118870728,0.149492017,0.140988372,0.131195335
E01015208,0.092378753,0.077714286,0.083892617,0.074860335,0.067340067
E01015209,0.160887656,0.119379845,0.126331811,0.132018209,0.12347561
E01015210,0.09538003,0.092006033,0.147492625,0.139705882,0.131851852
E01015211,0.082781457,0.064356436,0.1,0.090322581,0.081168831
E01015212,0.174045802,0.146864686,0.2,0.19286872,0.181818182
E01015213,0.108108108,0.101867572,0.148086522,0.126245847,0.116861436
E01015214,0.236842105,0.215384615,0.271493213,0.215037594,0.207261725
E01015215,0.119327731,0.087579618,0.120124805,0.106416275,0.095461659
E01015216,0.162679426,0.136434109,0.196347032,0.185410334,0.176560122
E01015217,0.171974522,0.162094763,0.180708181,0.151404151,0.144963145
E01015218,0.13495935,0.125412541,0.176375405,0.148626817,0.139384117
E01015219,0.090014065,0.073446328,0.094182825,0.104166667,0.097493036
E01015220,0.084507042,0.072100313,0.114854518,0.094946401,0.087962963
E01015221,0.065597668,0.050458716,0.088455772,0.076461769,0.069172932
E01015222,0.083211679,0.066052227,0.082831325,0.067771084,0.058823529
E01015223,0.06614786,0.062737643,0.098696462,0.083798883,0.076779026
E01015224,0.149230769,0.107309487,0.131498471,0.114155251,0.106707317
E01015225,0.117161716,0.094003241,0.116057234,0.106012658,0.09569378
E01015226,0.069918699,0.054574639,0.081761006,0.076923077,0.069510269
E01015227,0.109271523,0.07788162,0.096183206,0.086757991,0.078101072
E01015228,0.152637486,0.103810775,0.137532134,0.132731959,0.125322997
E01015229,0.114529915,0.090620032,0.127725857,0.121495327,0.1125
E01015230,0.078864353,0.050075873,0.075667656,0.068554396,0.06119403
E01015231,0.178034682,0.190909091,0.237193764,0.224330357,0.218120805
E01015232,0.148268398,0.121247113,0.157596372,0.13590034,0.129545455
E01015233,0.158798283,0.159500693,0.21253406,0.173260573,0.166666667
E01015234,0.127768313,0.141463415,0.202551834,0.166931638,0.157894737
E01015235,0.115342764,0.100115075,0.135440181,0.130090498,0.12244898
E01015236,0.150887574,0.127436282,0.140969163,0.139500734,0.12979351
E01015237,0.117202268,0.097196262,0.136279926,0.121100917,0.114180479
E01015238,0.134493671,0.095087163,0.134674923,0.127131783,0.11700468
E01015239,0.169611307,0.12946979,0.136969697,0.139393939,0.132764921
E01015240,0.141705069,0.0995086,0.116726835,0.110977081,0.1013269
E01015241,0.11440678,0.092735703,0.145454545,0.137878788,0.130898021
E01015242,0.143859649,0.138576779,0.177655678,0.159633028,0.152573529
E01015243,0.101694915,0.083061889,0.121405751,0.114649682,0.105769231
E01015244,0.086614173,0.068078669,0.099554235,0.079881657,0.071535022
E01015245,0.054700855,0.062600321,0.090909091,0.083333333,0.074132492
E01015246,0.107424961,0.090322581,0.113924051,0.103937008,0.096671949
E01015247,0.101078167,0.085190039,0.111253197,0.090909091,0.082156611
E01015248,0.133704735,0.124076809,0.168115942,0.150943396,0.142649199
E01015249,0.080645161,0.081377152,0.112135177,0.104134763,0.097072419
E01015250,0.048701299,0.044585987,0.076443058,0.065522621,0.0578125
E01015251,0.111553785,0.088050314,0.114989733,0.104938272,0.096907216
E01015252,0.06027668,0.056147144,0.078672986,0.06362773,0.05513308
E01015253,0.030395137,0.031770045,0.053571429,0.043219076,0.037313433
E01015254,0.098865478,0.073015873,0.093312597,0.08372093,0.075
E01015255,0.220667384,0.193624557,0.217844728,0.225955968,0.219767442
E01015256,0.156787763,0.134651601,0.159259259,0.175162187,0.169144981
E01015257,0.086666667,0.088737201,0.128547579,0.117056856,0.105351171
E01015258,0.13559322,0.119911991,0.123110151,0.126349892,0.120260022
E01015259,0.149253731,0.127272727,0.180936995,0.172859451,0.165853659
E01015260,0.17490953,0.17472119,0.219393939,0.171741778,0.163614164
E01015261,0.182890855,0.149473684,0.164778579,0.141975309,0.133402275
E01015262,0.147474747,0.144177449,0.156363636,0.141560799,0.134545455
E01015263,0.086124402,0.104037267,0.132621951,0.124620061,0.117557252
E01015264,0.072131148,0.051724138,0.078220859,0.067692308,0.06009245
E01015265,0.082738944,0.0653789,0.088791849,0.07860262,0.071637427
E01015266,0.10459588,0.148902821,0.158218126,0.133435583,0.124807396
E01015267,0.144781145,0.111872146,0.1335578,0.14573991,0.139482565
E01015268,0.092592593,0.071190211,0.088427948,0.087336245,0.078947368
E01015269,0.116834171,0.097560976,0.117084827,0.107784431,0.100840336
E01015270,0.069489685,0.061538462,0.099031216,0.091299678,0.084051724
E01015271,0.082865169,0.063186813,0.076407507,0.081989247,0.074123989
E01019886,0.082493126,0.116258741,0.114824336,0.124570447,0.118001723
E01019887,0.081210191,0.083086053,0.093294461,0.084302326,0.07748538
E01019888,0.131935882,0.097502973,0.114086147,0.115654206,0.107602339
E01019889,0.096676737,0.084194978,0.100145138,0.082728592,0.075581395
E01019890,0.105142857,0.114252061,0.134637514,0.134948097,0.12716763
E01019891,0.121107266,0.166666667,0.188834154,0.238095238,0.229372937
E01019892,0.080068143,0.08477237,0.124423963,0.148773006,0.140215716
E01019893,0.081411126,0.102393617,0.113577023,0.133940182,0.125326371
E01019894,0.101167315,0.081481481,0.107748184,0.108009709,0.09963548
E01019895,0.141269841,0.114705882,0.126436782,0.12034384,0.112554113
E01019896,0.108724832,0.092189501,0.097867001,0.101631117,0.094458438
E01019897,0.082014388,0.083682008,0.105191257,0.102880658,0.094910591
E01019898,0.088842975,0.090047393,0.110594796,0.117537313,0.110177404
E01019899,0.106969206,0.100154083,0.111782477,0.098187311,0.089258699
E01019900,0.113756614,0.104066986,0.116470588,0.112412178,0.10495283
E01019901,0.142066421,0.186978297,0.181076672,0.225490196,0.214754098
E01019902,0.049272116,0.059009484,0.063983488,0.077319588,0.069358178
E01019903,0.092272203,0.107103825,0.147909968,0.151287554,0.145317546
E01019904,0.070146819,0.073836276,0.098901099,0.094339623,0.086887836
E01019905,0.034530387,0.035202086,0.052429668,0.040973111,0.030769231
E01019906,0.062215478,0.04719764,0.073913043,0.060693642,0.052249637
E01019907,0.075528701,0.05323741,0.079096045,0.067700987,0.060906516
E01019908,0.031636864,0.035665295,0.057951482,0.051144011,0.041891892
E01019909,0.091623037,0.064516129,0.092505855,0.07971864,0.073027091
E01019910,0.122222222,0.109011628,0.134094151,0.118402282,0.110157368
E01019911,0.093143596,0.060718711,0.077858881,0.068043742,0.05982906
E01019912,0.105681818,0.088737201,0.102908277,0.10367893,0.096304591
E01019913,0.048429319,0.038083538,0.054347826,0.055757576,0.048543689
E01019914,0.072402938,0.099385246,0.112449799,0.114688129,0.104040404
E01019915,0.089361702,0.076326003,0.090330789,0.086294416,0.080152672
E01019916,0.188633615,0.153061224,0.204204204,0.20240481,0.196177062
E01019917,0.155309033,0.131343284,0.192082111,0.182748538,0.174231332
E01019918,0.168316832,0.141975309,0.161616162,0.162955466,0.156504065
E01019919,0.162666667,0.142144638,0.180708181,0.163814181,0.154601227
E01019920,0.064891847,0.063467492,0.090909091,0.078787879,0.071646341
E01019921,0.101449275,0.079389313,0.12143928,0.107784431,0.100449775
E01019922,0.090909091,0.107088989,0.124260355,0.125553914,0.118870728
E01019923,0.069943289,0.074545455,0.098214286,0.089605735,0.082437276
E01019924,0.058823529,0.0752,0.119122257,0.100470958,0.091051805
E01019925,0.059386973,0.053903346,0.085454545,0.076642336,0.067765568
E01019927,0.066978193,0.074418605,0.08952959,0.097412481,0.088280061
E01019928,0.076013514,0.071312804,0.085714286,0.084126984,0.076433121
E01019929,0.051036683,0.043410853,0.071320182,0.060698027,0.053353659
E01019930,0.040697674,0.037845706,0.049928673,0.037142857,0.030129125
E01019931,0.03046595,0.027372263,0.048214286,0.035778175,0.026929982
E01019932,0.087563452,0.09489917,0.102325581,0.105937136,0.099415205
E01019933,0.088607595,0.070512821,0.089481947,0.083202512,0.075471698
E01019934,0.059701493,0.050887574,0.067520373,0.059371362,0.05380117
E01019935,0.101503759,0.122625216,0.140916808,0.209183673,0.198979592
E01019936,0.089668616,0.103250478,0.136448598,0.146067416,0.139097744
E01019937,0.078387458,0.072175732,0.083076923,0.072016461,0.063786008
E01019938,0.103218646,0.144694534,0.182581322,0.234490011,0.225500527
E01019939,0.065789474,0.075617284,0.084720121,0.080424886,0.072837633
E01019940,0.076802508,0.079528719,0.082369942,0.077809798,0.071014493
E01019942,0.071340713,0.067401961,0.093975904,0.086851628,0.080917874
E01019943,0.089030207,0.076923077,0.099697885,0.095166163,0.087878788
E01019944,0.134328358,0.10070922,0.139275766,0.140472879,0.132496513
E01019945,0.111111111,0.115874855,0.138165345,0.180681818,0.17331813
E01019946,0.087774295,0.067669173,0.08259587,0.067746686,0.059259259
E01019947,0.120162933,0.109343936,0.112634672,0.10459433,0.098039216
E01019948,0.07804878,0.04718417,0.080717489,0.079104478,0.070464768
E01019949,0.051209104,0.038727524,0.054347826,0.03537415,0.027173913
E01019950,0.082792208,0.087520259,0.096825397,0.085850556,0.078025478
E01019951,0.119371728,0.122632104,0.104799216,0.094911937,0.088235294
E01019952,0.091557669,0.066974596,0.0861678,0.078142695,0.068181818
E01019953,0.094632768,0.077643909,0.091984231,0.085526316,0.079155673
E01019954,0.062411348,0.063559322,0.081717452,0.070637119,0.063977747
E01019955,0.108949416,0.10387985,0.118872549,0.111656442,0.103575832
E01019956,0.138335287,0.114663727,0.122294372,0.113146552,0.106175515
E01019957,0.091106291,0.070824524,0.076763485,0.07357513,0.066458982
E01019958,0.106205251,0.086434574,0.111896349,0.097647059,0.089728453
E01019959,0.108333333,0.133732535,0.173828125,0.236328125,0.229862475
E01019960,0.108606557,0.131868132,0.149012567,0.213261649,0.205776173
E01019961,0.104707012,0.124444444,0.136006975,0.164335664,0.156742557
E01019962,0.067552602,0.091001011,0.120039683,0.188059701,0.180278884
E01019963,0.070072993,0.068587106,0.070080863,0.052560647,0.045883941
E01019964,0.093975904,0.107142857,0.097402597,0.101952278,0.089519651
E01019965,0.144628099,0.124842371,0.130111524,0.114143921,0.108343711
E01019966,0.105150215,0.121149897,0.142857143,0.147474747,0.139112903
E01019967,0.123134328,0.174688057,0.184347826,0.219512195,0.211908932
E01019968,0.057342657,0.052558783,0.076086957,0.068027211,0.060027285
E01019969,0.057052298,0.060126582,0.111282844,0.089783282,0.082554517
E01019970,0.045454545,0.040366972,0.077477477,0.063176895,0.054249548
E01019971,0.057038835,0.056969697,0.095124851,0.089285714,0.082240763
E01019972,0.120860927,0.106109325,0.14511041,0.127760252,0.120253165
E01019973,0.093851133,0.081761006,0.1201849,0.110939908,0.103395062
E01019974,0.091047041,0.086826347,0.110294118,0.093704246,0.086892489
E01019975,0.146025878,0.17248062,0.189393939,0.157794677,0.146946565
E01019976,0.095412844,0.071803853,0.094501718,0.079310345,0.070811744
E01019977,0.103278689,0.085443038,0.119195046,0.105426357,0.093457944
E01019980,0.03022339,0.039577836,0.067532468,0.08690013,0.080729167
E01019981,0.073214286,0.088852989,0.118670886,0.113744076,0.104761905
E01019982,0.04084507,0.045515395,0.068511199,0.059055118,0.052770449
E01019983,0.080824089,0.07120743,0.098484848,0.094081942,0.085365854
E01019984,0.053859964,0.042179262,0.07890223,0.073630137,0.063683305
E01019985,0.051839465,0.085141903,0.102941176,0.103109656,0.09492635
E01019986,0.119496855,0.088098918,0.119515885,0.111782477,0.105022831
E01019987,0.137096774,0.131736527,0.154185022,0.158590308,0.147492625
E01019988,0.104258443,0.078668684,0.101190476,0.093610698,0.089686099
E01019989,0.132616487,0.099264706,0.136936937,0.144144144,0.137432188
E01019990,0.050819672,0.09569378,0.140405616,0.115444618,0.10815047
E01019991,0.075590551,0.096875,0.131699847,0.116207951,0.107361963
E01019992,0.102564103,0.102201258,0.114021572,0.098461538,0.091049383
E01019993,0.049808429,0.038986355,0.070745698,0.066793893,0.05950096
E01019994,0.153846154,0.145802651,0.183261183,0.193362193,0.186956522
E01019995,0.09798995,0.152380952,0.155373832,0.173099415,0.166471278
E01019996,0.174067496,0.14507772,0.157360406,0.154237288,0.146507666
E01019997,0.241324921,0.2359375,0.270642202,0.23088685,0.224615385
E01019998,0.072727273,0.063694268,0.099688474,0.102643857,0.092043682
E01019999,0.133858268,0.111753372,0.135849057,0.140151515,0.132827324
E01020000,0.061990212,0.091346154,0.129890454,0.117554859,0.11023622
E01020001,0.041666667,0.043478261,0.088328076,0.061514196,0.05229794
E01020002,0.070063694,0.066869301,0.092399404,0.087797619,0.079341317
E01020003,0.100449775,0.071328671,0.090659341,0.07967033,0.073002755
E01020004,0.062883436,0.050691244,0.080060423,0.07239819,0.064856712
E01020005,0.092307692,0.102209945,0.12890095,0.108548168,0.100817439
E01020006,0.136304063,0.155747837,0.180606061,0.169491525,0.160583942
E01020007,0.352331606,0.296367113,0.346441948,0.342696629,0.337099812
E01020008,0.307692308,0.274322169,0.3265625,0.330733229,0.321821036
E01020009,0.17282127,0.133858268,0.157164869,0.146379045,0.139534884
E01020010,0.105714286,0.148825065,0.144501279,0.111395647,0.102564103
E01020011,0.099808061,0.086792453,0.112962963,0.112962963,0.105751391
E01020012,0.070643642,0.087363495,0.116030534,0.117917305,0.110429448
E01020013,0.128301887,0.1271777,0.138461538,0.123076923,0.115120275
E01020014,0.085294118,0.154992548,0.174231332,0.124450952,0.117302053
E01020015,0.088555858,0.187584345,0.198945982,0.160737813,0.152722444
E01020016,0.066445183,0.107679466,0.092029581,0.101639344,0.094572368
E01020017,0.199335548,0.194258373,0.18411215,0.179607109,0.17215428
E01020018,0.096545616,0.118881119,0.123817713,0.117798796,0.11216566
E01020019,0.324723247,0.311418685,0.291032149,0.288851351,0.281355932
E01020020,0.229344729,0.229402262,0.267405063,0.232594937,0.224683544
E01020021,0.246598639,0.206521739,0.206039076,0.213143872,0.206405694
E01020022,0.175066313,0.19047619,0.178470255,0.178470255,0.171875
E01020023,0.08984375,0.06879845,0.076996198,0.068571429,0.062141491
E01020024,0.128129602,0.098981077,0.105714286,0.114122682,0.106017192
E01020025,0.134640523,0.106002554,0.150187735,0.157894737,0.149309912
E01020026,0.077643909,0.059055118,0.085051546,0.078709677,0.072351421
E01020027,0.062038405,0.079276773,0.105047749,0.091032609,0.083447332
E01020029,0.130573248,0.110132159,0.162824207,0.155619597,0.148843931
E01020030,0.129568106,0.118291347,0.168817204,0.154094828,0.146868251
E01020031,0.111287758,0.091729323,0.16,0.140324963,0.131656805
E01020032,0.139605463,0.104361371,0.139143731,0.135877863,0.128834356
E01020033,0.094102886,0.078636959,0.098717949,0.091025641,0.082368082
E01020035,0.092896175,0.069264069,0.088607595,0.083333333,0.073758865
E01020036,0.065868263,0.065185185,0.098550725,0.089985486,0.078717201
E01020037,0.063122924,0.09807074,0.129541864,0.106918239,0.097791798
E01020038,0.078559738,0.063897764,0.095611285,0.082942097,0.07523511
E01020039,0.044152745,0.0911188,0.114994363,0.110734463,0.102040816
E01020040,0.075441413,0.07807309,0.106035889,0.102439024,0.092833876
E01020041,0.105555556,0.113829787,0.131937173,0.122384937,0.115424974
E01020042,0.071225071,0.053619303,0.073878628,0.068601583,0.061923584
E01020043,0.108312343,0.109429569,0.133257403,0.127272727,0.1201373
E01020044,0.101200686,0.139568345,0.150280899,0.152112676,0.142454161
E01020045,0.098918083,0.106569343,0.135908441,0.151645207,0.143678161
E01020046,0.096573209,0.140888208,0.154992548,0.229850746,0.220389805
E01020047,0.108742004,0.094512195,0.109670987,0.113886114,0.106
E01020048,0.186695279,0.162790698,0.194223108,0.200995025,0.194610778
E01020049,0.111984283,0.165784832,0.167530225,0.227979275,0.219723183
E01020050,0.114470842,0.149847095,0.173,0.270459082,0.265060241
E01020051,0.067961165,0.055035129,0.071019473,0.075688073,0.066820276
E01020052,0.088127295,0.094276094,0.104625551,0.099447514,0.09281768
E01020053,0.073482428,0.07827476,0.1140625,0.117370892,0.110062893
E01020054,0.056490385,0.05,0.066361556,0.053899083,0.045924225
E01020055,0.104402516,0.097170972,0.129963899,0.141304348,0.133171913
E01020056,0.103713188,0.148502994,0.144522145,0.18245614,0.172535211
E01020057,0.08490566,0.098591549,0.130489335,0.122166247,0.113350126
E01020058,0.046594982,0.045296167,0.076396807,0.061573546,0.052571429
E01020059,0.106879607,0.134275618,0.148148148,0.17612978,0.168213457
E01020060,0.086165049,0.085526316,0.128094726,0.1197411,0.112554113
E01020061,0.087058824,0.082022472,0.111356119,0.097237569,0.090808416
E01020062,0.040625,0.037707391,0.054733728,0.041481481,0.03264095
E01020063,0.076171875,0.081406105,0.099728015,0.102633969,0.094717668
E01020064,0.062240664,0.068090788,0.090078329,0.129750983,0.120893561
E01020065,0.106500692,0.106138107,0.138923655,0.146616541,0.139622642
E01020066,0.05744888,0.047784535,0.069668649,0.068994889,0.059777968
E01020067,0.046332046,0.089108911,0.115291262,0.105710814,0.098660171
E01020068,0.11682243,0.154639175,0.172910663,0.192528736,0.184704185
E01020069,0.085284281,0.136142626,0.183835182,0.249602544,0.242038217
E01020070,0.104138852,0.153061224,0.179197995,0.244667503,0.235588972
E01020071,0.074519231,0.098493627,0.142045455,0.136518771,0.130136986
E01020072,0.088372093,0.129310345,0.142253521,0.17397454,0.165487977
E01020073,0.072649573,0.098782138,0.132625995,0.192563081,0.183510638
E01020074,0.098795181,0.136061947,0.156926407,0.233513514,0.22742111
E01020075,0.084856397,0.118518519,0.126213592,0.201946472,0.196102314
E01020076,0.070200573,0.104311544,0.112175103,0.143638851,0.135616438
E01020077,0.094059406,0.151090343,0.177099237,0.210365854,0.202453988
E01020078,0.133640553,0.158989599,0.196793003,0.177842566,0.169590643
E01020079,0.068292683,0.077046549,0.102040816,0.100470958,0.092913386
E01020080,0.087378641,0.094202899,0.12455516,0.131205674,0.125
E01020081,0.065637066,0.09073724,0.122222222,0.111317254,0.102420857
E01020082,0.085903084,0.134808853,0.173228346,0.190569745,0.182178218
E01020083,0.071835804,0.096602972,0.101871102,0.100936524,0.092805005
E01020084,0.050769231,0.049132948,0.067988669,0.056657224,0.049786629
E01020085,0.034375,0.032608696,0.05351682,0.041347626,0.035222052
E01020086,0.06504065,0.056231003,0.084947839,0.075892857,0.068862275
E01020087,0.108241082,0.165137615,0.170949721,0.211883408,0.203142536
E01020088,0.092639594,0.143360752,0.175458716,0.231651376,0.222732491
E01020089,0.109151047,0.097165992,0.126368159,0.130089374,0.123752495
E01020090,0.088509317,0.087643678,0.108910891,0.093220339,0.086158192
E01020091,0.078431373,0.070707071,0.084019769,0.090311987,0.082781457
E01020092,0.066874028,0.055045872,0.082335329,0.066066066,0.057057057
E01020093,0.100968188,0.096153846,0.097165992,0.082321188,0.075778078
E01020094,0.103081828,0.132692308,0.171536287,0.165562914,0.15719697
E01020095,0.116743472,0.123893805,0.197101449,0.196531792,0.188679245
E01020096,0.119901112,0.094594595,0.139072848,0.155973451,0.148558758
E01020097,0.130872483,0.175661376,0.196261682,0.203319502,0.195020747
E01020098,0.116740088,0.164742917,0.196098563,0.236625514,0.227600412
E01020099,0.1414791,0.13474026,0.157051282,0.1216,0.1136
E01020100,0.106382979,0.127083333,0.187372709,0.189409369,0.179591837
E01020101,0.146118721,0.13897281,0.165435746,0.136094675,0.125925926
E01020102,0.031446541,0.035608309,0.052401747,0.039473684,0.032116788
E01020103,0.070780399,0.113752122,0.137873754,0.136212625,0.1281198
E01020104,0.044404973,0.061976549,0.091803279,0.078688525,0.070840198
E01020105,0.069418386,0.056962025,0.07788162,0.076323988,0.070202808
E01020106,0.07254902,0.052930057,0.072222222,0.057407407,0.05027933
E01020107,0.056034483,0.046703297,0.060728745,0.049932524,0.04200542
E01020108,0.102613746,0.11391129,0.136498516,0.128585559,0.120911794
E01020109,0.083728278,0.1140625,0.137614679,0.192012289,0.184615385
E01020110,0.089333333,0.086306099,0.119503946,0.136261261,0.126840317
E01020111,0.095779221,0.11062591,0.136947218,0.130372493,0.121602289
E01020112,0.207621551,0.217338217,0.245192308,0.210336538,0.203614458
E01020113,0.183745583,0.181818182,0.162202381,0.146050671,0.140508221
E01020114,0.151923077,0.146718147,0.169811321,0.166666667,0.157495256
E01020115,0.117760618,0.115027829,0.182149362,0.156363636,0.149362477
E01020116,0.157099698,0.14751773,0.156206416,0.139082058,0.132681564
E01020117,0.084695394,0.086956522,0.112215909,0.115056818,0.106990014
E01020118,0.076492537,0.091397849,0.119507909,0.11443662,0.107583774
E01020119,0.142635659,0.135642136,0.141442716,0.152758133,0.144680851
E01020120,0.061459667,0.068692206,0.090673575,0.088311688,0.079427083
E01020121,0.085751979,0.111246944,0.123205742,0.102994012,0.096153846
E01020122,0.126488095,0.137883008,0.174386921,0.180952381,0.17373461
E01020123,0.085034014,0.090177134,0.115141956,0.110062893,0.099683544
E01020124,0.12244898,0.098684211,0.122778675,0.105177994,0.098705502
E01020125,0.070469799,0.053484603,0.07278481,0.061806656,0.054226475
E01020126,0.120512821,0.155615697,0.18013245,0.292328042,0.286284953
E01020127,0.125352113,0.199730094,0.218253968,0.26984127,0.260292165
E01020128,0.098076923,0.087360595,0.101818182,0.098720293,0.091407678
E01020129,0.062124248,0.06864564,0.094890511,0.087272727,0.078610603
E01020130,0.149765991,0.140028289,0.178025035,0.173611111,0.167130919
E01020131,0.140995261,0.217439294,0.234273319,0.258938245,0.252985885
E01020132,0.077117573,0.068155112,0.101734104,0.099307159,0.092592593
E01020133,0.066246057,0.053125,0.086021505,0.078220859,0.072419106
E01020134,0.089795918,0.099804305,0.123076923,0.12835249,0.121153846
E01020135,0.08411215,0.087866109,0.116438356,0.119178082,0.112792297
E01020136,0.081830791,0.068268015,0.079701121,0.072229141,0.067584481
E01020137,0.129850746,0.115438108,0.174386921,0.185286104,0.179698217
E01020138,0.107291667,0.144554455,0.16374269,0.201166181,0.193957115
E01020139,0.111987382,0.11627907,0.150455927,0.151745068,0.143074581
E01020140,0.1,0.082706767,0.119705341,0.106813996,0.096296296
E01020141,0.063739377,0.079452055,0.10738255,0.114401077,0.106612686
E01020142,0.096296296,0.12039801,0.145650049,0.197073171,0.189453125
E01020143,0.141201264,0.176899063,0.185903984,0.209989806,0.202661208
E01020144,0.02295082,0.029874214,0.050847458,0.035493827,0.027820711
E01020145,0.077562327,0.086675291,0.11026616,0.134007585,0.127226463
E01020146,0.022727273,0.03142329,0.058076225,0.036231884,0.027272727
E01020147,0.102923977,0.144927536,0.166120219,0.212649945,0.205689278
E01020148,0.104477612,0.132264529,0.15913556,0.223091977,0.216962525
E01020149,0.078039927,0.097605893,0.122965642,0.164259928,0.156079855
E01020150,0.125490196,0.131953428,0.153358682,0.163291139,0.15648855
E01020151,0.099873578,0.091463415,0.118705036,0.113908873,0.105642257
E01020152,0.132784959,0.141242938,0.161504425,0.164261931,0.156492786
E01020153,0.096308186,0.116535433,0.146153846,0.237288136,0.231007752
E01020154,0.054298643,0.063953488,0.089184061,0.068181818,0.059047619
E01020155,0.046025105,0.076305221,0.106090373,0.105882353,0.096078431
E01020156,0.13202934,0.122685185,0.126553672,0.12585034,0.117178612
E01020157,0.143340858,0.178534572,0.177957533,0.234580384,0.227642276
E01020158,0.104748603,0.112418301,0.12596401,0.132220796,0.123870968
E01020159,0.101351351,0.116693679,0.18066561,0.213036566,0.203821656
E01020160,0.115942029,0.122107969,0.128140704,0.13510101,0.126262626
E01020161,0.080516899,0.084392015,0.105263158,0.103571429,0.097582811
E01020162,0.064205457,0.060240964,0.098966027,0.087020649,0.078635015
E01020163,0.037195994,0.040057225,0.063202247,0.049226442,0.03943662
E01020164,0.054908486,0.066365008,0.101920236,0.072485207,0.065281899
E01020165,0.045901639,0.042121685,0.071646341,0.05351682,0.046082949
E01020166,0.072041166,0.065326633,0.1,0.090311987,0.082236842
E01020167,0.032989691,0.028901734,0.049149338,0.037807183,0.03030303
E01020168,0.066448802,0.070378151,0.092592593,0.08127572,0.074380165
E01020169,0.135426889,0.115981735,0.13016158,0.124775583,0.118811881
E01020170,0.088580576,0.07628866,0.094034378,0.085020243,0.076064909
E01020171,0.113325031,0.114025086,0.115341545,0.118967452,0.111235955
E01020172,0.096543504,0.101925255,0.105088496,0.107658158,0.099109131
E01020173,0.088383838,0.093446602,0.1117717,0.096428571,0.087320574
E01020174,0.079062958,0.109625668,0.141361257,0.192913386,0.182414698
E01020175,0.093952484,0.118997912,0.141981614,0.196938776,0.1875
E01020176,0.105263158,0.103646833,0.146616541,0.153846154,0.147169811
E01020177,0.068515498,0.073954984,0.099212598,0.083464567,0.075829384
E01020178,0.079694323,0.103448276,0.127771911,0.171428571,0.165254237
E01020179,0.093560146,0.113207547,0.116557734,0.182115594,0.175054705
E01020180,0.114352392,0.125290023,0.141884222,0.14399093,0.136830103
E01020181,0.086727989,0.081047382,0.101343101,0.091799266,0.083333333
E01020182,0.080906149,0.094720497,0.106707317,0.094656489,0.084097859
E01020183,0.164507772,0.132911392,0.160049628,0.161691542,0.154037267
E01020184,0.103896104,0.125287356,0.136568849,0.124153499,0.117780294
E01020185,0.076400679,0.06514658,0.082670906,0.07814992,0.07028754
E01020186,0.081504702,0.084388186,0.113259669,0.117241379,0.110957004
E01020187,0.08356546,0.084210526,0.093951094,0.088688946,0.081500647
E01020188,0.122424242,0.152148664,0.148232611,0.205245154,0.197940503
E01020189,0.078698846,0.091087169,0.110364683,0.105263158,0.097302505
E01020190,0.092723005,0.101293103,0.120634921,0.102320675,0.094379639
E01020191,0.091127098,0.095343681,0.120430108,0.152688172,0.142857143
E01020192,0.081538462,0.065868263,0.085294118,0.085168869,0.077941176
E01020193,0.132216015,0.162436548,0.165016502,0.201652893,0.194029851
E01020194,0.045383412,0.044628099,0.060162602,0.037337662,0.029363785
E01020195,0.106206897,0.122282609,0.117489987,0.112149533,0.105898123
E01020196,0.146948941,0.143031785,0.179856115,0.184652278,0.177884615
E01020197,0.107773852,0.096601073,0.112280702,0.117957746,0.108963093
E01020198,0.107858243,0.12539185,0.165644172,0.136503067,0.12962963
E01020199,0.13437058,0.124487004,0.136912752,0.131543624,0.125168237
E01020200,0.089579525,0.076350093,0.100364964,0.1023766,0.095238095
E01020201,0.095447871,0.06993007,0.080932785,0.072802198,0.063360882
E01020202,0.084415584,0.076923077,0.089960887,0.073011734,0.064136126
E01020203,0.047858942,0.039119804,0.06122449,0.044417767,0.037214886
E01020204,0.041347626,0.057453416,0.092846271,0.059270517,0.050458716
E01020205,0.11237785,0.134493671,0.139318885,0.183925811,0.171073095
E01020206,0.11048951,0.097260274,0.10738255,0.092866756,0.086369771
E01020207,0.120728929,0.094808126,0.095132743,0.082039911,0.073170732
E01020208,0.082851638,0.090909091,0.112932605,0.110707804,0.100548446
E01020209,0.069692058,0.058732612,0.095454545,0.08623298,0.078907436
E01020210,0.070993915,0.05631068,0.079847909,0.074427481,0.066921606
E01020211,0.065250379,0.084892086,0.130127298,0.117231638,0.110325318
E01020212,0.085828343,0.105263158,0.128107075,0.13001912,0.120921305
E01020213,0.068253968,0.062404871,0.090909091,0.086567164,0.077961019
E01020214,0.094117647,0.07204611,0.093220339,0.087447109,0.080736544
E01020215,0.048821549,0.035294118,0.057471264,0.049342105,0.039538715
E01020216,0.107604017,0.115107914,0.152974504,0.153954802,0.145892351
E01020217,0.145065398,0.112956811,0.148148148,0.148148148,0.140676118
E01020218,0.153954802,0.137075718,0.170731707,0.174582798,0.167525773
E01020219,0.10483871,0.080552359,0.09255079,0.087104072,0.079455165
E01020220,0.080291971,0.096774194,0.11754386,0.096830986,0.088339223
E01020221,0.154829545,0.147945205,0.140939597,0.165322581,0.157894737
E01020222,0.051282051,0.057657658,0.081415929,0.061837456,0.055062167
E01020223,0.082010582,0.085190039,0.104516129,0.128534704,0.12160414
E01020224,0.187725632,0.156424581,0.202925046,0.193784278,0.186813187
E01020225,0.194304858,0.155088853,0.187004754,0.200317965,0.192675159
E01020226,0.067761807,0.065979381,0.078629032,0.080645161,0.073022312
E01020227,0.132420091,0.107088989,0.127218935,0.131462334,0.124444444
E01020228,0.119435396,0.10688592,0.124874119,0.119312437,0.112462006
E01020229,0.079062958,0.101298701,0.135376756,0.124358974,0.116219668
E01020230,0.11198946,0.089005236,0.117948718,0.108695652,0.100257069
E01020231,0.076923077,0.062215478,0.09375,0.074183976,0.067164179
E01020232,0.0726979,0.069230769,0.11746988,0.096676737,0.087878788
E01020233,0.086805556,0.072093023,0.099201824,0.080773606,0.071917808
E01020234,0.073333333,0.097087379,0.142180095,0.115689382,0.108108108
E01020235,0.140547264,0.153049482,0.196388262,0.177727784,0.168361582
E01020236,0.051236749,0.05045045,0.077738516,0.053097345,0.044404973
E01020237,0.107028754,0.118721461,0.149031297,0.214925373,0.207772795
E01020238,0.061302682,0.057761733,0.0795053,0.069148936,0.06227758
E01020239,0.081132075,0.073741007,0.091549296,0.093474427,0.086879433
E01020240,0.080736544,0.074820144,0.101265823,0.102816901,0.094632768
E01020241,0.111801242,0.121372032,0.150259067,0.180285344,0.174252276
E01020242,0.043478261,0.039800995,0.060457516,0.047154472,0.04091653
E01020243,0.08952381,0.101167315,0.156190476,0.200381679,0.191570881
E01020244,0.052303861,0.059090909,0.084695394,0.080237741,0.073025335
E01020245,0.110320285,0.117403315,0.150943396,0.15188172,0.143243243
E01020246,0.099118943,0.102941176,0.12704918,0.185185185,0.177319588
E01020247,0.107086614,0.093088858,0.124481328,0.11634349,0.108333333
E01020248,0.098853868,0.071724138,0.094466937,0.093243243,0.082767978
E01020249,0.090909091,0.056962025,0.080495356,0.073094868,0.063763608
E01020250,0.073342736,0.058741259,0.094520548,0.083906465,0.077241379
E01020251,0.051863857,0.060810811,0.084437086,0.084577114,0.07807309
E01020252,0.041411043,0.050075873,0.070044709,0.059612519,0.052316891
E01020253,0.033898305,0.032626427,0.054140127,0.041533546,0.033707865
E01020254,0.107913669,0.114384749,0.151360544,0.149152542,0.137989779
E01020255,0.092409241,0.074829932,0.098169717,0.089700997,0.080267559
E01020256,0.067001675,0.077170418,0.105678233,0.075471698,0.06793049
E01020257,0.064777328,0.054158607,0.074003795,0.057034221,0.047619048
E01020258,0.151041667,0.151271754,0.17259552,0.173455979,0.166007905
E01020259,0.144424132,0.216962525,0.191489362,0.238372093,0.229126214
E01020260,0.133226324,0.112654321,0.149773071,0.157099698,0.148260212
E01020261,0.103578154,0.103321033,0.126811594,0.106498195,0.09800363
E01020262,0.105263158,0.130268199,0.147940075,0.202626642,0.19245283
E01020263,0.060648801,0.074125874,0.112175103,0.145205479,0.136798906
E01020264,0.121338912,0.120516499,0.16994382,0.150704225,0.142857143
E01020265,0.083447332,0.055627426,0.085025381,0.07750953,0.069885642
E01020266,0.114323259,0.098408104,0.117563739,0.107954545,0.0997151
E01020267,0.121351767,0.087087087,0.097058824,0.085294118,0.076696165
E01020268,0.07615894,0.054462935,0.068249258,0.063703704,0.056631893
E01020269,0.135451505,0.126890756,0.159240924,0.144389439,0.135874068
E01020270,0.051546392,0.044594595,0.066225166,0.059602649,0.051724138
E01020271,0.116385911,0.108069164,0.162429379,0.151558074,0.144680851
E01020272,0.078947368,0.093231162,0.127819549,0.111389237,0.103015075
E01020273,0.068027211,0.092682927,0.12599681,0.172248804,0.164536741
E01020274,0.123287671,0.158273381,0.160493827,0.210526316,0.201058201
E01020275,0.13832853,0.142241379,0.198033708,0.181434599,0.173239437
E01020276,0.056195965,0.052706553,0.075418994,0.062761506,0.054698457
E01020277,0.067207416,0.091732729,0.134743875,0.117056856,0.109497207
E01020278,0.093603744,0.106544901,0.135820896,0.129657228,0.122754491
E01020279,0.114699332,0.08195122,0.112810707,0.106017192,0.09683605
E01020280,0.193284936,0.204507513,0.25,0.205086136,0.198027938
E01020281,0.05918619,0.050122249,0.075630252,0.06235012,0.055421687
E01020282,0.088639201,0.098062954,0.120853081,0.118138425,0.110846246
E01020283,0.064162754,0.050520059,0.082969432,0.081513828,0.074561404
E01020284,0.097926267,0.096812279,0.125581395,0.110465116,0.105017503
E01020285,0.078335373,0.096698113,0.129479769,0.120231214,0.113689095
E01020286,0.093930636,0.155619597,0.202531646,0.211565585,0.203677511
E01020287,0.098591549,0.142433234,0.175362319,0.215942029,0.206695779
E01020288,0.133144476,0.178717599,0.18875502,0.229639519,0.222520107
E01020289,0.113737075,0.180087848,0.148571429,0.17167382,0.159025788
E01020290,0.090379009,0.12244898,0.126162019,0.168,0.16064257
E01020291,0.095826893,0.176204819,0.202941176,0.213235294,0.203840473
E01020292,0.113496933,0.159159159,0.179675994,0.213549337,0.206489676
E01020293,0.103975535,0.135610766,0.140386572,0.203252033,0.195519348
E01020294,0.067714631,0.085787452,0.109296482,0.178030303,0.17193426
E01020295,0.098507463,0.106569343,0.135251799,0.175035868,0.168587896
E01020296,0.101180438,0.15408805,0.184899846,0.232307692,0.223420647
E01020297,0.11369509,0.117870722,0.14516129,0.135403727,0.128268991
E01020298,0.079396985,0.068930041,0.078629032,0.065392354,0.055611729
E01020299,0.063318777,0.054487179,0.081589958,0.072402938,0.06197479
E01020300,0.07523511,0.062992126,0.088803089,0.074646075,0.065721649
E01020301,0.086137281,0.136363636,0.181708785,0.222222222,0.212560386
E01020302,0.084671533,0.128571429,0.150070126,0.173913043,0.164788732
E01020303,0.083217753,0.120155039,0.155414013,0.194656489,0.187022901
E01020304,0.122311828,0.101449275,0.122739018,0.124513619,0.117035111
E01020305,0.174157303,0.155555556,0.186932849,0.194192377,0.187956204
E01020306,0.048923679,0.044692737,0.065693431,0.051094891,0.043956044
E01020307,0.080838323,0.102373887,0.129360465,0.11516035,0.108029197
E01020308,0.095238095,0.135546335,0.153324288,0.176630435,0.17053206
E01020309,0.089201878,0.147877013,0.18651363,0.229226361,0.221902017
E01020310,0.103919781,0.08863026,0.102022867,0.08355321,0.07678729
E01020311,0.096608428,0.122933884,0.144883485,0.188259109,0.181262729
E01020312,0.102710414,0.111716621,0.131016043,0.116154873,0.107238606
E01020313,0.100931677,0.108895706,0.139849624,0.128935532,0.120845921
E01020314,0.102803738,0.14516129,0.175539568,0.219512195,0.211815562
E01020315,0.09733124,0.101644245,0.119359534,0.127007299,0.117302053
E01020316,0.099737533,0.1159601,0.120437956,0.115995116,0.106487148
E01020317,0.069767442,0.104790419,0.118768328,0.144117647,0.136764706
E01020318,0.136429608,0.156028369,0.175487465,0.167364017,0.159217877
E01020319,0.113043478,0.175965665,0.165266106,0.183473389,0.17721519
E01020320,0.101208459,0.163487738,0.193891102,0.218085106,0.208
E01020321,0.101947308,0.132904609,0.154574132,0.221174004,0.212025316
E01020322,0.100274725,0.140586797,0.165865385,0.193742479,0.188178528
E01020323,0.113496933,0.157099698,0.156804734,0.186666667,0.179791976
E01020324,0.097597598,0.138032305,0.148201439,0.195965418,0.187861272
E01020325,0.127853881,0.176911544,0.206140351,0.289897511,0.282352941
E01020326,0.108508015,0.124013529,0.139534884,0.143015521,0.136666667
E01020327,0.043062201,0.038694075,0.065632458,0.051190476,0.043010753
E01020328,0.117908788,0.106029106,0.117346939,0.106014271,0.098159509
E01020329,0.078313253,0.09352518,0.093088858,0.108450704,0.098591549
E01020330,0.101571947,0.094847775,0.134482759,0.136781609,0.130334487
E01020331,0.121710526,0.162037037,0.201515152,0.285930408,0.279635258
E01020332,0.144186047,0.13125,0.166326531,0.17875383,0.1724846
E01020333,0.082278481,0.073053892,0.083333333,0.069411765,0.062426384
E01020334,0.075334143,0.079861111,0.098751419,0.08399546,0.077448747
E01020335,0.09439528,0.088662791,0.107142857,0.10128388,0.092857143
E01020336,0.09771987,0.075079872,0.106416275,0.103448276,0.095761381
E01020337,0.08,0.083194676,0.117263844,0.105519481,0.097879282
E01020338,0.070121951,0.061494797,0.08542247,0.078066914,0.071828358
E01020339,0.094614265,0.145027624,0.207317073,0.264227642,0.255434783
E01020340,0.10787172,0.157024793,0.166666667,0.219512195,0.213315217
E01020341,0.093699515,0.10982659,0.117397454,0.108757062,0.100852273
E01020342,0.090634441,0.095096582,0.126822157,0.116788321,0.108187135
E01032628,0.091245376,0.116040956,0.139043382,0.17352614,0.166480447
E01032657,0.046479836,0.065891473,0.064968153,0.072335025,0.064968153
E01032658,0.046479836,0.081730769,0.093050648,0.095631641,0.087367178
E01033232,0.04876161,0.029733959,0.047619048,0.047546012,0.04
E01033233,0.107692308,0.097125867,0.10531401,0.104247104,0.095238095
E01033234,0.04876161,0.041401274,0.049921997,0.042121685,0.0296875
E01033235,0.10816777,0.07755102,0.110519308,0.111702128,0.102941176
E01033236,0.10816777,0.105354059,0.129848229,0.138747885,0.128595601
E07000040,0.093245316,0.091428853,0.110225058,0.112624301,0.104915117
E07000041,0.108817937,0.106910809,0.1311564,0.123096814,0.115182739
E07000042,0.088702352,0.104814354,0.12760462,0.144064842,0.136252403
E07000043,0.100688951,0.110062359,0.135676718,0.138868392,0.131302521
E07000044,0.092814288,0.101757802,0.12150521,0.131910941,0.124139359
E07000045,0.096140028,0.092871639,0.118036481,0.116698075,0.10871601
E07000046,0.096957563,0.114432346,0.140161175,0.149578174,0.141804286
E07000047,0.098606693,0.116286019,0.137524065,0.151605207,0.143912989
E10000008,0.097296791,0.102628477,0.125455065,0.129502725,0.121713845
E06000026,0.101758383,0.102783422,0.134000713,0.128055464,0.120284604
E06000027,0.11437247,0.098357694,0.127779744,0.116437033,0.10823119
IMDQ1,0.10792462,0.12766844,0.154847672,0.145266772,0.13758935
IMDQ2,0.112808843,0.115918842,0.144479735,0.145556982,0.137816997
IMDQ3,0.101767407,0.106797089,0.131225147,0.139389221,0.131433921
IMDQ4,0.090353496,0.083193378,0.107261424,0.106617581,0.098839572
IMDQ5,0.081179362,0.067704873,0.089968861,0.081397935,0.073361596
E02003122,0.069484241,0.060047765,0.095986622,0.097324415,0.089657488
E02003123,0.067946824,0.077624309,0.109396155,0.101433595,0.093970668
E02003124,0.066115702,0.080499855,0.103870233,0.103418803,0.0946255
E02003125,0.063546423,0.080645161,0.095905172,0.099316301,0.092352092
E02003126,0.054082715,0.062562396,0.089576547,0.087593618,0.078181223
E02003127,0.08042539,0.097151899,0.11771995,0.113727921,0.106065319
E02003128,0.064182195,0.079047378,0.100471347,0.097270471,0.089641434
E02003129,0.099074788,0.086025281,0.115583075,0.112525809,0.104699378
E02003130,0.09063303,0.112312445,0.142177018,0.123782731,0.116395223
E02003131,0.059516232,0.067858225,0.102016607,0.097951915,0.089583333
E02003132,0.09808542,0.092910234,0.115966387,0.105941704,0.097945398
E02003133,0.079748511,0.081402831,0.112511818,0.103089533,0.094680177
E02003134,0.093839542,0.152812168,0.164994811,0.144736842,0.137043478
E02003135,0.099151104,0.130798969,0.175765226,0.159191409,0.15060241
E02003136,0.088840399,0.07125961,0.100406268,0.089643168,0.082678311
E02003137,0.117395594,0.08755045,0.116229408,0.114120511,0.106324473
E02003138,0.136713736,0.10994441,0.166212534,0.174228675,0.166009105
E02003139,0.042544732,0.041476408,0.068503351,0.06147541,0.053103964
E02003140,0.0958456,0.073246431,0.101400731,0.093009119,0.085164835
E02003141,0.13151991,0.122169563,0.188840093,0.184047496,0.177431907
E02003142,0.096292482,0.106723319,0.145583558,0.130999021,0.12244898
E02003143,0.06534906,0.063179547,0.094019551,0.087557604,0.078567302
E02003144,0.272609819,0.229645094,0.252779403,0.25,0.243465492
E02003145,0.144745763,0.13611731,0.163118347,0.164057608,0.15657358
E02003146,0.218767507,0.181342873,0.241435123,0.252091768,0.244318182
E02003147,0.037471396,0.080640782,0.105010661,0.089504529,0.082642418
E02003148,0.086719637,0.121561668,0.143385553,0.139312146,0.131820166
E02003149,0.194782609,0.183434722,0.223013321,0.218031279,0.211205903
E02003150,0.121990085,0.134958572,0.161012975,0.166379715,0.158687804
E02003151,0.086544536,0.065499547,0.092981937,0.080425784,0.072743468
E02003152,0.097369752,0.07985348,0.107972229,0.091910005,0.083393415
E02003153,0.082829504,0.063951821,0.09468952,0.082561078,0.074753173
E02003154,0.096279373,0.101148692,0.121401752,0.107879925,0.100407907
E02003155,0.146314222,0.114220877,0.13729128,0.132789318,0.124487514
E02003156,0.069068323,0.060717797,0.08604483,0.074957821,0.0672147
E02003157,0.139526911,0.130374957,0.163017851,0.146761134,0.138747885
E02003158,0.126461988,0.101954772,0.137438979,0.128474831,0.120195931
E02003159,0.165807219,0.141953341,0.191934858,0.164664859,0.155400155
E02003161,0.18268467,0.15815351,0.178944549,0.173051165,0.166263115
E02003163,0.101577438,0.081266241,0.10349618,0.10328856,0.095957249
E02003164,0.11575,0.081875792,0.107302534,0.098511166,0.090456018
E02003165,0.112796834,0.091257179,0.121363779,0.105625,0.096865204
E02003166,0.071973828,0.076631767,0.097992143,0.086756993,0.07793345
E02003167,0.141952391,0.135152838,0.179267509,0.159845725,0.152524168
E02003168,0.078516229,0.065155807,0.095590503,0.085775995,0.078376704
E02003169,0.084927066,0.064918452,0.08979975,0.081869511,0.073247406
E02003170,0.11559711,0.096947549,0.131833474,0.118811881,0.108929702
E02003171,0.098400241,0.086423445,0.117130307,0.101843723,0.093474427
E02004129,0.087124464,0.118297176,0.136964357,0.16993988,0.161705551
E02004130,0.074632095,0.072708827,0.086898839,0.085989376,0.078921079
E02004131,0.049492901,0.045254305,0.063921569,0.05455259,0.046887313
E02004132,0.084581773,0.104257168,0.131877482,0.17802385,0.170467503
E02004133,0.098687808,0.101229401,0.111852232,0.110996917,0.103759011
E02004134,0.09281329,0.113181504,0.142277797,0.164078325,0.156271186
E02004135,0.104365424,0.112338362,0.128205128,0.145425701,0.137364094
E02004136,0.087254318,0.079759863,0.100196464,0.096267191,0.089195273
E02004137,0.1193086,0.135454916,0.133839393,0.140743703,0.132665331
E02004138,0.086944288,0.07306434,0.087305838,0.076552463,0.068706388
E02004139,0.089917355,0.078205128,0.094938699,0.086792453,0.078914141
E02004140,0.111366246,0.090469099,0.103032517,0.094422166,0.087083791
E02004141,0.087633088,0.085949765,0.098076923,0.103315343,0.095752896
E02004142,0.109056425,0.105400697,0.114712154,0.11329628,0.105488851
E02004143,0.059819413,0.051393413,0.074902378,0.064584812,0.056267806
E02004144,0.083621285,0.066644887,0.089772363,0.078525641,0.070485999
E02004145,0.107356565,0.092369478,0.108816781,0.107939633,0.100098782
E02004146,0.077796327,0.080280344,0.111215245,0.1009375,0.093387653
E02004147,0.169714469,0.143107477,0.184240688,0.178325688,0.170886076
E02004148,0.079345851,0.076990122,0.091324201,0.091609589,0.083595763
E02004149,0.091224419,0.080302485,0.10594861,0.101020767,0.091937765
E02004150,0.117269348,0.120942945,0.160869565,0.148111,0.140745717
E02004151,0.085818624,0.078900709,0.101537569,0.089565217,0.082000582
E02004152,0.238198758,0.233290071,0.241576605,0.227200508,0.220203952
E02004153,0.050353086,0.055739681,0.0821513,0.082669029,0.074985181
E02004154,0.17747858,0.159914712,0.191343284,0.189439141,0.180809595
E02004155,0.071874072,0.084383241,0.113662457,0.104674505,0.095594587
E02004156,0.122226624,0.141663269,0.142628526,0.147,0.140333266
E02004157,0.125371165,0.099318403,0.117122852,0.117553361,0.109974425
E02004158,0.130952381,0.11706175,0.163458776,0.148850575,0.14092219
E02004159,0.067595459,0.057782149,0.079518072,0.07178993,0.063315611
E02004160,0.09157754,0.083173385,0.112888053,0.100940439,0.09219635
E02004161,0.101052632,0.141224729,0.152829647,0.123240448,0.115983843
E02004162,0.066929134,0.06304153,0.100498096,0.087709006,0.080023536
E02004163,0.096258298,0.086206897,0.112684544,0.113088058,0.10462655
E02004164,0.105106224,0.151248681,0.168674699,0.239078087,0.231593502
E02004165,0.079297821,0.069754307,0.089626556,0.092772085,0.084467908
E02004166,0.085877863,0.109838998,0.12592073,0.17380618,0.167019027
E02004167,0.078491335,0.092693917,0.117943866,0.116587678,0.109597719
E02004168,0.124079529,0.129353234,0.160795256,0.1562609,0.148705388
E02004169,0.078611898,0.089273591,0.109484193,0.128333333,0.119946542
E02004170,0.072364317,0.071794872,0.099733649,0.093444082,0.08496732
E02004171,0.09632107,0.12300123,0.142127404,0.14921781,0.141045002
E02004172,0.078431373,0.115050924,0.137254902,0.174074074,0.165553081
E02004173,0.0931612,0.132362674,0.154619125,0.189101524,0.180961663
E02004174,0.088522589,0.08543578,0.113271344,0.103778906,0.096920034
E02004175,0.147826087,0.152945767,0.187595712,0.168711656,0.16084453
E02004176,0.129695532,0.140568682,0.17196702,0.189167975,0.180637544
E02004177,0.125564218,0.128205128,0.138241923,0.129226146,0.122502827
E02004178,0.093506494,0.106099656,0.128583474,0.135443038,0.128010139
E02004179,0.090959821,0.083224628,0.105168884,0.105343902,0.09758603
E02004180,0.092145678,0.137079608,0.161666667,0.197664721,0.188545151
E02004181,0.085523735,0.082357386,0.113956941,0.112634309,0.105576208
E02004182,0.095812633,0.108724832,0.152352748,0.149588138,0.141110377
E02004183,0.101123596,0.085223116,0.11501254,0.112943707,0.105073768
E02004184,0.076832845,0.085345774,0.110602799,0.103420415,0.095816464
E02004185,0.085989933,0.07436096,0.088973384,0.085551331,0.078214422
E02004186,0.073463268,0.079886686,0.103026937,0.093585115,0.086701979
E02004187,0.114749871,0.138057872,0.164258189,0.172363987,0.166183575
E02004188,0.11077956,0.157671958,0.176856649,0.216384376,0.208102493
E02004189,0.051845707,0.062575211,0.086546027,0.094302554,0.086424625
E02004190,0.111111111,0.128061375,0.144466917,0.169942197,0.162507255
E02004191,0.111284047,0.112903226,0.130434783,0.12462908,0.116728625
E02004192,0.109896972,0.115615616,0.126433402,0.155771496,0.147754137
E02004193,0.057738224,0.058546571,0.086912886,0.074141049,0.066505441
E02004194,0.120722076,0.143483023,0.161949122,0.192060086,0.184786509
E02004195,0.092896175,0.099668996,0.124729632,0.120086549,0.111592633
E02004196,0.100165837,0.119114437,0.146222086,0.16162542,0.153680982
E02004197,0.090247453,0.089128967,0.102547139,0.102284012,0.095016611
E02004198,0.094809689,0.093546284,0.111892583,0.104758863,0.097850497
E02004199,0.084752475,0.110858011,0.136802974,0.186825456,0.178225205
E02004200,0.092909535,0.103144172,0.111152835,0.12979684,0.121601208
E02004201,0.09178744,0.11313394,0.141705558,0.186253712,0.177021277
E02004202,0.080469897,0.084883721,0.112250712,0.116140051,0.108888254
E02004203,0.120778705,0.145941623,0.156531973,0.188945512,0.179709005
E02004204,0.088604479,0.087144921,0.101582802,0.099007561,0.091771401
E02004205,0.086315013,0.08160394,0.116936875,0.102139406,0.094085092
E02004206,0.10724365,0.10813253,0.140159339,0.123966942,0.11578324
E02004207,0.071892925,0.077011494,0.102968809,0.10112782,0.092830189
E02004208,0.089900759,0.067403002,0.086594505,0.078589281,0.070712695
E02004209,0.06847796,0.063505042,0.089986649,0.079903795,0.071371076
E02004210,0.11575466,0.113852556,0.154810496,0.139480595,0.13147877
E02004211,0.094698233,0.08437706,0.107950873,0.104395604,0.096241089
E02004212,0.083860093,0.072373541,0.095001908,0.089312977,0.081226054
E02004213,0.076481836,0.075436115,0.093721145,0.082564576,0.074108384
E02004214,0.13685735,0.120648052,0.159945781,0.156165312,0.149015614
E02004215,0.127563577,0.113322502,0.139896373,0.14501992,0.137490008
E02004216,0.074428274,0.067507117,0.091198726,0.08685259,0.078368653
E02004217,0.122028986,0.124066628,0.144225352,0.138669673,0.131712832
E02004218,0.099118018,0.079858379,0.105465743,0.111925897,0.102901354
E02004219,0.088878964,0.089911355,0.105371901,0.112536202,0.105437941
E02004220,0.091293047,0.089657381,0.122257053,0.110483365,0.101950913
E02004221,0.088278388,0.075061382,0.090502409,0.074965612,0.066597654
E02004222,0.122328666,0.129134412,0.162115451,0.13870633,0.131670132
E02004223,0.086965722,0.087776201,0.120771986,0.111000597,0.103813136
E02004224,0.112170927,0.15,0.172202166,0.212612613,0.205276473
E02004225,0.107041107,0.101195219,0.126122608,0.121283255,0.114207221
E02004226,0.093546284,0.129340554,0.155986246,0.193125,0.185696361
E02004227,0.08864779,0.133368477,0.155078832,0.199120765,0.191229891
E02004228,0.095782702,0.147641832,0.164941569,0.194239786,0.184899329
E02004229,0.103122967,0.139086595,0.161965688,0.193370166,0.18558506
E02004230,0.08617483,0.083882564,0.103915219,0.10085269,0.092865566
E02004231,0.114422369,0.158422939,0.176739283,0.201125176,0.193582511
E02004232,0.114924798,0.160117517,0.18689233,0.252608852,0.24566474
E02004233,0.091924079,0.08506482,0.109350514,0.103466295,0.096452909
E02004234,0.087962963,0.112011791,0.127797834,0.141308276,0.133333333
E02004235,0.100218659,0.109905495,0.127310062,0.121575342,0.1124871
E02006840,0.121180628,0.101782263,0.133641521,0.125393825,0.11648027
TOWN01,0.122028986,0.124066628,0.144225352,0.138669673,0.131712832
TOWN02,0.101273885,0.113447285,0.126631079,0.14067142,0.133095132
TOWN03,0.084388862,0.090426339,0.118776037,0.118315309,0.110624533
TOWN04,0.099975778,0.104649808,0.131831694,0.127300789,0.11964685
TOWN05,0.089693479,0.087637841,0.109698235,0.114421252,0.106816451
TOWN06,0.087142692,0.109485864,0.133875977,0.15232072,0.144560198
TOWN07,0.080847384,0.093321041,0.112995484,0.133065327,0.125012602
TOWN08,0.098460292,0.114053741,0.134469697,0.162909642,0.154635258
TOWN09,0.092197523,0.09233475,0.1251257,0.110648082,0.102608445
TOWN10,0.106384817,0.105977239,0.131112674,0.126622344,0.118728675
TOWN11,0.098453432,0.088960739,0.111705019,0.106901708,0.09908599
TOWN12,0.100175747,0.115573595,0.142258538,0.155620805,0.148296172
TOWN13,0.091683138,0.139583333,0.159382284,0.196994017,0.188469418
TOWN14,0.073878304,0.082740635,0.099976777,0.110981987,0.103206997
TOWN15,0.131385905,0.135755741,0.160703231,0.145546885,0.1377684
TOWN16,0.076950532,0.084255262,0.107400304,0.110324757,0.102621971
TOWN17,0.09127789,0.102309441,0.120117302,0.138950827,0.131371395
TOWN18,0.120512821,0.155615697,0.18013245,0.292328042,0.286284953
TOWN19,0.123489228,0.149812734,0.162375197,0.190651261,0.182631579
TOWN20,0.091493435,0.086749064,0.10966736,0.108981024,0.100916235
TOWN21,0.099934377,0.126538256,0.148345878,0.171011197,0.163331578
TOWN22,0.081977571,0.086688702,0.108605953,0.122788915,0.115299335
TOWN23,0.095311961,0.086137954,0.100735895,0.092171924,0.084262295
TOWN24,0.099786268,0.087443657,0.097548648,0.088669951,0.081084505
TOWN25,0.114127523,0.146366254,0.170403587,0.188600864,0.181606131
TOWN26,0.097331116,0.108050687,0.128874025,0.137800253,0.130139542
TOWN27,0.103452284,0.089255259,0.11771263,0.10864473,0.100559284
TOWN28,0.096047022,0.112391053,0.135730928,0.151823072,0.144159271
TOWN29,0.114931448,0.121579602,0.13741621,0.142349116,0.134556575
DIV1,0.099625234,0.100902003,0.133883058,0.125769173,0.117983446
DIV2,0.098676749,0.10350523,0.12012228,0.123854036,0.116182573
DIV3,0.079523251,0.08552381,0.100540944,0.105989923,0.098744613
DIV4,0.109537024,0.124242424,0.153638085,0.15862069,0.151437093
DIV5,0.103609049,0.122350192,0.147222222,0.160235448,0.151902887
DIV6,0.098277276,0.112606905,0.13202858,0.145186335,0.137721755
DIV7,0.10928484,0.114944463,0.151304922,0.14337628,0.135829054
DIV8,0.084381779,0.102928693,0.12450634,0.142232403,0.134892462
DIV9,0.081040614,0.080226608,0.107168459,0.089980283,0.081445523
DIV10,0.092980522,0.106974305,0.127440904,0.13869863,0.131032114
DIV11,0.11287478,0.124857143,0.136986301,0.150531617,0.142295818
DIV12,0.108865586,0.105859094,0.130641749,0.122398589,0.114710568
DIV13,0.103448276,0.102126469,0.137211855,0.142268608,0.134398237
DIV14,0.106063807,0.114494519,0.138562612,0.136997212,0.129341317
DIV15,0.074572864,0.097211464,0.122080881,0.136104784,0.128024386
DIV16,0.078122436,0.101734283,0.127695111,0.150805716,0.143292219
DIV17,0.08924437,0.097885196,0.115278326,0.11909001,0.111243308
DIV18,0.094640617,0.100942588,0.125650932,0.137241727,0.129848229
DIV19,0.095567376,0.086023352,0.113617236,0.103384408,0.095575819
DIV20,0.15989954,0.153866525,0.170339642,0.164504411,0.156428943
DIV21,0.088443396,0.084565619,0.113929785,0.122818944,0.115533318
DIV22,0.095807346,0.083731663,0.103492885,0.105186621,0.097145637
DIV23,0.093256059,0.090644902,0.116030812,0.117279456,0.109636574
DIV24,0.071172555,0.067980296,0.09618173,0.090177134,0.082282574
DIV25,0.064123377,0.067918623,0.087522992,0.080890253,0.072979215
DIV26,0.068123692,0.08450097,0.106041403,0.1043515,0.096671613
DIV27,0.100232116,0.134969325,0.149059624,0.162059295,0.153846154
DIV28,0.084781838,0.080689185,0.107530473,0.10033389,0.091168091
DIV29,0.095928872,0.123964452,0.143131179,0.152369703,0.143724097
DIV30,0.136291285,0.140518668,0.163659329,0.159653242,0.152091255
DIV31,0.100980561,0.111017944,0.132971729,0.142481512,0.134542457
DIV32,0.072801636,0.077265686,0.106641366,0.101711027,0.093785742
DIV33,0.082188295,0.082602339,0.101836394,0.096420048,0.088425593
DIV34,0.083882095,0.077279753,0.103088102,0.094408244,0.086235741
DIV35,0.104726417,0.095584018,0.116257266,0.116776007,0.108123355
DIV36,0.096581356,0.090528995,0.121498662,0.119871566,0.112403795
DIV37,0.095766543,0.115353698,0.136408437,0.158495767,0.15056313
DIV38,0.093649259,0.104452319,0.120786092,0.128174123,0.120527592
DIV39,0.083765457,0.091807641,0.110966057,0.122875817,0.115039282
DIV40,0.079727564,0.079960707,0.11303678,0.100866218,0.09358082
DIV41,0.09789259,0.094221647,0.110477398,0.109513742,0.101187951
DIV42,0.105539359,0.092064823,0.111674431,0.11399177,0.106189821
DIV43,0.09606632,0.086813187,0.095964264,0.08592547,0.078301158
DIV44,0.109163203,0.127417713,0.141430948,0.17434703,0.166221629
DIV45,0.069916957,0.067673087,0.091141833,0.086445013,0.080102696
DIV46,0.099791014,0.126106978,0.136876846,0.12523884,0.11826269
DIV47,0.142206609,0.144189765,0.16154751,0.153403894,0.146210333
DIV48,0.1025,0.100456621,0.127911143,0.134946237,0.127988495
DIV49,0.099696049,0.089256198,0.115871614,0.114795167,0.106546476
DIV50,0.088100896,0.101294219,0.122697313,0.151463869,0.143633277
DIV51,0.111188689,0.125,0.148209004,0.16516023,0.15727003
DIV52,0.094920282,0.117064545,0.148507981,0.165972222,0.158279645
DIV53,0.088932039,0.103615356,0.121826484,0.144789762,0.137172199
DIV54,0.129315447,0.115376761,0.134226845,0.12415034,0.115569823
DIV55,0.10675563,0.097039796,0.112713983,0.113758647,0.106502026
DIV56,0.084160381,0.097176384,0.122529644,0.128666547,0.120692766
DIV57,0.120263591,0.108087536,0.131279178,0.133631952,0.125655431
DIV58,0.100760729,0.12539443,0.150336474,0.179690652,0.172115644
CHSCTAXE,0.09893704,0.095495142,0.107928561,0.106558166,0.098889425
CHSCTBARNSTAPLE,0.090993562,0.100566394,0.130845157,0.132683288,0.124791086
CHSCTBIDEFORD,0.089946809,0.089025756,0.115734266,0.107142857,0.099604189
CHSCTBRAUNTON,0.115480226,0.118837646,0.142684916,0.141783105,0.134139403
CHSCTCREDITON,0.086738852,0.108926204,0.130769231,0.142903611,0.135390633
CHSCTCULLOMPTON,0.08413144,0.100553434,0.122986488,0.140519878,0.132602193
CHSCTDAWLISH,0.101442207,0.093473115,0.124718207,0.112489222,0.104436905
CHSCTEXETERCHALL,0.082365175,0.080036701,0.110053972,0.107912673,0.099816055
CHSCTEXETERSYCAMORE,0.12833004,0.12937051,0.148695536,0.140322204,0.132607603
CHSCTEXMOUTH,0.098453432,0.088960739,0.111705019,0.106901708,0.09908599
CHSCTHONITON,0.077208828,0.083542538,0.103266812,0.115253078,0.107657472
CHSCTIVYBRIDGE,0.086192351,0.094538657,0.1174892,0.121751653,0.114111155
CHSCTKINGSBRIDGE,0.09127789,0.102309441,0.120117302,0.138950827,0.131371395
CHSCTNABBOT,0.093704568,0.083457399,0.10749729,0.104556075,0.096479846
CHSCTOKE,0.104708363,0.128904938,0.149756861,0.171732147,0.163733994
CHSCTSMOLTON,0.107781138,0.138764783,0.163488792,0.188941874,0.181747673
CHSCTTAVISTOCK,0.090283038,0.10116501,0.122726686,0.131475389,0.123842817
CHSCTTEIGN,0.098333479,0.1059959,0.123701843,0.128172908,0.120480915
CHSCTTIVERTON,0.097462203,0.113989637,0.136908122,0.157297026,0.149600352
CHSCTTORRINGTON,0.098262193,0.1340625,0.155860063,0.184611848,0.176683062
CHSCTTOTNES,0.107865818,0.115605864,0.133702963,0.145884493,0.137814666
Eastern,,,,,
Northern,,,,,
Southern,,,,,
Western,,,,,
