Area,2013,2014,2015,2016
E92000001,,,,
E12000009,,,,
E01015023,,,,
E01015024,,,,
E01015025,,,,
E01015026,,,,
E01015027,,,,
E01015028,,,,
E01015029,,,,
E01015030,,,,
E01015031,,,,
E01015032,,,,
E01015033,,,,
E01015034,,,,
E01015035,,,,
E01015036,,,,
E01015037,,,,
E01015038,,,,
E01015039,,,,
E01015040,,,,
E01015041,,,,
E01015042,,,,
E01015043,,,,
E01015044,,,,
E01015045,,,,
E01015046,,,,
E01015047,,,,
E01015048,,,,
E01015049,,,,
E01015050,,,,
E01015051,,,,
E01015052,,,,
E01015053,,,,
E01015054,,,,
E01015055,,,,
E01015056,,,,
E01015057,,,,
E01015058,,,,
E01015059,,,,
E01015060,,,,
E01015061,,,,
E01015062,,,,
E01015063,,,,
E01015064,,,,
E01015065,,,,
E01015066,,,,
E01015067,,,,
E01015068,,,,
E01015069,,,,
E01015070,,,,
E01015071,,,,
E01015072,,,,
E01015073,,,,
E01015074,,,,
E01015075,,,,
E01015076,,,,
E01015077,,,,
E01015078,,,,
E01015079,,,,
E01015080,,,,
E01015081,,,,
E01015082,,,,
E01015083,,,,
E01015084,,,,
E01015085,,,,
E01015086,,,,
E01015087,,,,
E01015088,,,,
E01015089,,,,
E01015090,,,,
E01015091,,,,
E01015092,,,,
E01015093,,,,
E01015094,,,,
E01015095,,,,
E01015096,,,,
E01015097,,,,
E01015098,,,,
E01015099,,,,
E01015100,,,,
E01015101,,,,
E01015102,,,,
E01015103,,,,
E01015104,,,,
E01015105,,,,
E01015106,,,,
E01015107,,,,
E01015108,,,,
E01015109,,,,
E01015110,,,,
E01015111,,,,
E01015112,,,,
E01015113,,,,
E01015114,,,,
E01015115,,,,
E01015116,,,,
E01015117,,,,
E01015118,,,,
E01015119,,,,
E01015120,,,,
E01015121,,,,
E01015122,,,,
E01015123,,,,
E01015124,,,,
E01015125,,,,
E01015126,,,,
E01015127,,,,
E01015128,,,,
E01015129,,,,
E01015130,,,,
E01015131,,,,
E01015132,,,,
E01015133,,,,
E01015134,,,,
E01015135,,,,
E01015136,,,,
E01015137,,,,
E01015138,,,,
E01015139,,,,
E01015140,,,,
E01015141,,,,
E01015142,,,,
E01015143,,,,
E01015144,,,,
E01015145,,,,
E01015146,,,,
E01015147,,,,
E01015148,,,,
E01015149,,,,
E01015150,,,,
E01015151,,,,
E01015152,,,,
E01015153,,,,
E01015155,,,,
E01015156,,,,
E01015157,,,,
E01015158,,,,
E01015159,,,,
E01015160,,,,
E01015161,,,,
E01015162,,,,
E01015163,,,,
E01015164,,,,
E01015165,,,,
E01015166,,,,
E01015167,,,,
E01015168,,,,
E01015169,,,,
E01015170,,,,
E01015171,,,,
E01015172,,,,
E01015173,,,,
E01015174,,,,
E01015175,,,,
E01015176,,,,
E01015177,,,,
E01015178,,,,
E01015179,,,,
E01015180,,,,
E01015181,,,,
E01015182,,,,
E01015183,,,,
E01015184,,,,
E01015185,,,,
E01015186,,,,
E01015187,,,,
E01015188,,,,
E01015189,,,,
E01015190,,,,
E01015191,,,,
E01015192,,,,
E01015193,,,,
E01015194,,,,
E01015195,,,,
E01015196,,,,
E01015197,,,,
E01015198,,,,
E01015199,,,,
E01015200,,,,
E01015201,,,,
E01015202,,,,
E01015203,,,,
E01015204,,,,
E01015205,,,,
E01015206,,,,
E01015207,,,,
E01015208,,,,
E01015209,,,,
E01015210,,,,
E01015211,,,,
E01015212,,,,
E01015213,,,,
E01015214,,,,
E01015215,,,,
E01015216,,,,
E01015217,,,,
E01015218,,,,
E01015219,,,,
E01015220,,,,
E01015221,,,,
E01015222,,,,
E01015223,,,,
E01015224,,,,
E01015225,,,,
E01015226,,,,
E01015227,,,,
E01015228,,,,
E01015229,,,,
E01015230,,,,
E01015231,,,,
E01015232,,,,
E01015233,,,,
E01015234,,,,
E01015235,,,,
E01015236,,,,
E01015237,,,,
E01015238,,,,
E01015239,,,,
E01015240,,,,
E01015241,,,,
E01015242,,,,
E01015243,,,,
E01015244,,,,
E01015245,,,,
E01015246,,,,
E01015247,,,,
E01015248,,,,
E01015249,,,,
E01015250,,,,
E01015251,,,,
E01015252,,,,
E01015253,,,,
E01015254,,,,
E01015255,,,,
E01015256,,,,
E01015257,,,,
E01015258,,,,
E01015259,,,,
E01015260,,,,
E01015261,,,,
E01015262,,,,
E01015263,,,,
E01015264,,,,
E01015265,,,,
E01015266,,,,
E01015267,,,,
E01015268,,,,
E01015269,,,,
E01015270,,,,
E01015271,,,,
E01019886,0.237672542,0.270653906,0.215861129,0.190028838
E01019887,0.299607012,#,0.237672542,0.311660948
E01019888,#,0.289766586,#,0.289766586
E01019889,0.236635676,0.289055362,0.253999937,0.307448782
E01019890,0.239965859,0.180828565,0.234087242,0.180388157
E01019891,0.248001024,0.158583431,0.145804141,0.282819171
E01019892,0.184062489,0.143871857,0.122741994,0.178118928
E01019893,0.18106841,0.207742696,0.165438024,0.195976335
E01019894,0.25437292,#,#,0.108301974
E01019895,0.258478702,0.233260489,0.233260489,0.233260489
E01019896,0.233260489,0.258478702,#,0.108301974
E01019897,0.210843693,0.236635676,0.240755548,0.191656926
E01019898,0.246036046,0.229142937,0.108301974,0.195139355
E01019899,0.253999937,0.251293464,#,0.239965859
E01019900,0.25898814,0.134639482,0.167706426,0.180388157
E01019901,0.216771913,0.210843693,0.212509539,0.074977448
E01019902,0.239809417,0.194227924,0.223016325,0.210064683
E01019903,0.153498556,0.202330045,0.196090795,0.202330045
E01019904,0.223276695,0.215903034,0.248001024,0.201997786
E01019905,0.158769742,0.153477773,0.208809939,0.17169211
E01019906,0.28705736,0.158130175,#,0.265014437
E01019907,0.26930602,0.191656926,0.174789274,0.216771913
E01019908,0.226430896,0.199634943,0.20875822,0.143092008
E01019909,0.239809417,0.216771913,0.215903034,0.190982133
E01019910,0.190028838,0.202330045,0.210064683,0.172244946
E01019911,0.194077249,#,0,#
E01019912,0.180828565,0.145804141,0.265014437,0.121840276
E01019913,#,#,#,0
E01019914,0.223276695,0.162571275,0.206942956,0.188273038
E01019915,0.180828565,0.190028838,0.177337962,0.195139355
E01019916,0.22804215,#,0.239965859,0.26930602
E01019917,0.176363212,0.201824967,0.194808933,0.163428531
E01019918,0.21509223,0.265014437,0.251293464,0.18879512
E01019919,#,0.187456391,0.278447742,0.150001778
E01019920,0.220270784,0.156687995,0.223349791,0.179535297
E01019921,0.146435561,0.18106841,0.185523059,0.199905931
E01019922,0.210204129,0.202803131,0.248871451,0.193529038
E01019923,0.257024188,0.289766586,0.277130234,0.229209521
E01019924,0.251293464,0.17169211,0.239965859,0.237672542
E01019925,0.251293464,0.20553518,0.108301974,#
E01019927,0.282862934,#,#,0.282862934
E01019928,0.22804215,0.282819171,0.18106841,#
E01019929,0.219422103,0.253489889,0.212509539,0.219422103
E01019930,#,#,0.278447742,0.218145974
E01019931,0.18879512,0,#,0.25437292
E01019932,0.20553518,#,0.270653906,0.216771913
E01019933,#,0.240755548,#,#
E01019934,0.239457413,0.287116056,0.199905931,0.20203199
E01019935,0.24902172,0.218145974,0.194077249,#
E01019936,#,0.139246846,#,0.975
E01019937,0.210064683,0.191656926,0.158769742,0.223016325
E01019938,0.239809417,0.251293464,0.172244946,0.233260489
E01019939,0.108301974,0.215903034,0.057335355,0.180388157
E01019940,0.08122574,0.152269591,0.103067742,0.11675742
E01019942,0.178725783,0.190078095,0.190028838,0.16443231
E01019943,0.142666003,0.16443231,0.187456391,0.131500943
E01019944,0.148114696,0.165514578,0.124068488,0.094534603
E01019945,0.143092008,0.239809417,0.188745194,0.215903034
E01019946,0.233260489,0.258478702,0.24902172,0.088610119
E01019947,0.270653906,0.258478702,0.216771913,0.25437292
E01019948,0.234087242,0.307448782,0.246036046,0.233260489
E01019949,0.11675742,0.258478702,#,0.201824967
E01019950,0.20553518,0.251293464,0.229142937,0.145804141
E01019951,0.202330045,0.199905931,0.18879512,0.167186377
E01019952,0.21509223,0.265014437,0.216771913,0.26930602
E01019953,0.156687995,0.263723101,#,0.212509539
E01019954,0.202291325,0.174009708,0.21905985,0.187007072
E01019955,0.253489889,0.20553518,0.174009708,0.267471986
E01019956,0.108301974,0.233260489,0.08122574,0.08122574
E01019957,#,#,#,#
E01019958,0.17169211,0.234087242,0.18879512,0.163428531
E01019959,0.216771913,#,0.26930602,0.139246846
E01019960,#,0.25437292,0.162455922,0.134639482
E01019961,0.218145974,0.134639482,#,#
E01019962,0.170504577,0.153477773,0.106765996,0.143092008
E01019963,0.289766586,0.180388157,0.158986984,0.08122574
E01019964,#,#,#,0
E01019965,0.26930602,#,0.190028838,0.150001778
E01019966,#,0.108301974,0,#
E01019967,0,#,0.08122574,#
E01019968,0.195139355,0.234087242,0.180388157,0.201824967
E01019969,0.167186377,0.234087242,0.216771913,#
E01019970,0.088610119,0.22804215,0.21509223,0.167706426
E01019971,0,#,#,0.234087242
E01019972,0.307448782,0.291477032,0.287116056,0.21509223
E01019973,0.155919363,0.226002685,0.216771913,0.236635676
E01019974,#,0.25437292,#,0.229544427
E01019975,0.249712095,0.211288018,0.223276695,0.274120636
E01019976,0.216771913,0.194077249,0.190028838,0.212509539
E01019977,0.18106841,0.256741428,0,0.215903034
E01019980,0.234087242,0.208809939,0.265014437,0.202330045
E01019981,0.183248587,0.277130234,0.230542609,0.299607012
E01019982,0.18879512,0.239965859,#,#
E01019983,0.239809417,0.229142937,0.253999937,0.158986984
E01019984,0.162455922,0.229544427,0.177337962,0.156687995
E01019985,0.234693229,0.206942956,0.243949524,0.247983897
E01019986,0.177337962,0.218145974,0.233260489,0.246036046
E01019987,#,#,0.289055362,0
E01019988,0.142787897,0.227327744,0.194227924,0.147026266
E01019989,0.21509223,0.24902172,0.233260489,#
E01019990,0.277130234,0.229209521,0.108301974,0.18106841
E01019991,0.263723101,#,0.247983897,0.251293464
E01019992,0.239809417,0.202868409,0.17169211,0.210374572
E01019993,0.121840276,0.246036046,0.270653906,0.158986984
E01019994,#,#,#,0.194077249
E01019995,0.289766586,0.088610119,#,0.24902172
E01019996,0,#,#,0
E01019997,#,0.258478702,#,#
E01019998,0.25437292,#,0.194077249,0.216771913
E01019999,0.289766586,0,#,0.097471421
E01020000,0.253999937,0.287116056,0.219422103,0.229544427
E01020001,0.233260489,#,0.147026266,0
E01020002,0.253489889,0.240755548,0.243949524,0.190982133
E01020003,0.202330045,0.234721867,0.150001778,0.142787897
E01020004,0.145804141,0.199880755,0.212509539,0.21509223
E01020005,0.172801569,0.19396507,0.183820558,0.190078095
E01020006,0.176363212,0.189177154,0.172441645,0.124068488
E01020007,#,#,#,0.139246846
E01020008,0.312913972,0.218145974,#,0.216771913
E01020009,0.08122574,0.167706426,0.201824967,0.201824967
E01020010,0.189645638,0.23356459,#,0.223276695
E01020011,0.299607012,#,0.246036046,0.24902172
E01020012,0.215903034,0.20475332,0.206942956,0.234693229
E01020013,#,0.263723101,0.289055362,#
E01020014,0.21905985,0.226002685,0.219639422,0.210374572
E01020015,0.219281147,0.185157415,0.213346504,0.220270784
E01020016,#,0.707598226,#,#
E01020017,#,#,#,#
E01020018,#,0.311660948,#,#
E01020019,#,#,#,#
E01020020,#,0,#,0.218145974
E01020021,#,#,0,#
E01020022,#,#,0.707598226,#
E01020023,0.152269591,0.18879512,0.064980236,0.167186377
E01020024,0.24902172,0.088610119,#,0
E01020025,0.24902172,#,0.24902172,#
E01020026,0.194808933,0.199905931,0.155919363,0.184062489
E01020027,0.210064683,0.158130175,0.18879512,0.174789274
E01020029,0.190028838,#,0.256741428,0.253999937
E01020030,0.180388157,#,0.229544427,0.167706426
E01020031,0.201997786,0.190982133,#,#
E01020032,0.223016325,0.253999937,#,#
E01020033,0.195569761,0.210064683,0.21905985,0.143871857
E01020035,0.088610119,#,0.142666003,0.170504577
E01020036,0.202868409,0.190028838,0.208809939,0.226002685
E01020037,0.179535297,0.21905985,0.26377516,0.267471986
E01020038,0.158130175,0.156687995,0.267471986,0.199880755
E01020039,0.207742696,0.205950057,0.270653906,0.246036046
E01020040,0.139246846,#,0.25437292,#
E01020041,0.210718366,0.223349791,0.231222262,0.282819171
E01020042,0.187456391,0.180388157,0.240755548,0.060918888
E01020043,0.188745194,0.178725783,0.165438024,0.115593984
E01020044,0.145804141,0.177337962,0.240755548,0.139246846
E01020045,0.153498556,0.11395771,0.158769742,0.083488777
E01020046,0.246036046,0.109486396,0.087651473,0.195139355
E01020047,0.202330045,0.217789479,0.239965859,0.236635676
E01020048,0.187456391,0.253489889,0.251960339,0.227327744
E01020049,0.108301974,0.265014437,0.28705736,0.289766586
E01020050,0.251293464,#,0.163428531,0.167706426
E01020051,0.240755548,0.246036046,0.208809939,0.201824967
E01020052,#,0.231222262,0.218531193,0.278447742
E01020053,0.202803131,0.253489889,0.242789182,#
E01020054,0.269639459,0.210374572,0.152269591,0.210843693
E01020055,0.229544427,0.229142937,0.201824967,0.124068488
E01020056,0.124405398,0.124068488,0.155919363,0.094534603
E01020057,0.227327744,0.20875822,0.20875822,0.208809939
E01020058,0.176363212,0.202330045,0.210374572,0.069621791
E01020059,0.149066467,0.20553518,0.165438024,0.153498556
E01020060,0.253489889,0.212509539,#,0.20553518
E01020061,0.153498556,0.187007072,0.176885041,0.179535297
E01020062,0.107307785,0.195139355,0.142666003,0.158986984
E01020063,0.115593984,0.159633289,0.153477773,0.165514578
E01020064,0.201997786,0.184062489,0.149645984,0.165438024
E01020065,0.218531193,0.229544427,0.236036833,0.263723101
E01020066,0.18804477,0.145231834,0.179965885,0.128522819
E01020067,0.206942956,0.19701521,0.185874268,0.206273953
E01020068,0.167186377,0.158986984,#,0.145804141
E01020069,0.142666003,0.11675742,0.219422103,0.08122574
E01020070,0.21509223,0.14102912,0.180283179,0.117929063
E01020071,0.191656926,0.246036046,0.172904882,0.142787897
E01020072,0.179535297,0.180828565,0.239965859,0.134639482
E01020073,0.246036046,0.21509223,0.229544427,0.190982133
E01020074,0.094534603,0.158583431,0.136012622,0
E01020075,0.054149999,0.106260752,0.131688536,0.156687995
E01020076,0.196090795,0.239809417,0.227327744,0.158030908
E01020077,0.167186377,0.145804141,0.190982133,0.109486396
E01020078,0.247983897,0.202330045,0.269639459,0.229544427
E01020079,0.265465072,#,0.251960339,0.253999937
E01020080,0.13848552,0.258478702,0.265014437,0.312913972
E01020081,#,0.287116056,0.240755548,0.312913972
E01020082,0.17169211,#,#,#
E01020083,0.194227924,0.210374572,0.162571275,0.184062489
E01020084,0.174009708,0.277130234,0.251960339,0.145804141
E01020085,0.26930602,0.193529038,0.196090795,0.251293464
E01020086,0.18106841,0.208809939,0.311660948,0.236635676
E01020087,0.194808933,0.246036046,0.236635676,0.167706426
E01020088,0.227327744,0.219422103,0.237672542,0.195976335
E01020089,0.194227924,0.210374572,0.180283179,0.142787897
E01020090,0.21905985,0.278447742,0.216771913,0.167706426
E01020091,0.253999937,#,0.253489889,0.097471421
E01020092,#,0,0.21509223,0.312913972
E01020093,0.311660948,0.227327744,0.229142937,0.229544427
E01020094,0.162455922,#,#,0.18879512
E01020095,0.227362129,0.253999937,0.240755548,0.243949524
E01020096,0.251960339,0.270653906,0.253489889,0.291477032
E01020097,0.194227924,0.25898814,0.173878888,0.142787897
E01020098,0.162652534,0.191656926,0.102683275,0.142787897
E01020099,0.194077249,#,0.289055362,0.25437292
E01020100,0.229544427,0.26930602,0.218145974,#
E01020101,0.256741428,0.257024188,0.210064683,0.210843693
E01020102,0.178552894,0.22804215,0.18879512,0.176363212
E01020103,0.217789479,0.205705866,0.213876822,0.178909486
E01020104,#,#,#,#
E01020105,0.249712095,0.20553518,0.253489889,0.236635676
E01020106,#,0.24902172,0.174789274,#
E01020107,0.215903034,0.282819171,0.177337962,0.299607012
E01020108,0.172244946,0.210843693,0.210718366,0.158583431
E01020109,0.180828565,0.201824967,0.064980236,0.212509539
E01020110,0.265465072,0.229786968,0.219422103,0.159283311
E01020111,0.219422103,0.299607012,0.26377516,0.231222262
E01020112,0.227327744,#,0.22482995,0.251960339
E01020113,0.269639459,0.194077249,0.25898814,0.267471986
E01020114,0.233260489,0.265465072,0.277130234,0.277130234
E01020115,0.216771913,#,0.269639459,0.233260489
E01020116,0.202868409,0.237672542,0.240755548,0.142666003
E01020117,0.210843693,0.249712095,0.229209521,0.253999937
E01020118,0.210374572,#,0.165514578,0.223276695
E01020119,0.253999937,#,0.218145974,0.234087242
E01020120,0.199905931,0.157498888,0.167186377,0.163428531
E01020121,0.194227924,0.199880755,0.20203199,0.22804215
E01020122,0.210843693,0.26930602,0.218531193,0.216771913
E01020123,0.253999937,#,0.240755548,0.307448782
E01020124,0.155919363,0.201824967,#,#
E01020125,0.194077249,0.194077249,0.26930602,0.194077249
E01020126,#,#,0.306663648,#
E01020127,0.202803131,#,0.25437292,0.124068488
E01020128,0.124068488,0.18955494,0.210843693,0.176363212
E01020129,0.257024188,0.208809939,0.21905985,0.28705736
E01020130,0.195976335,0.201997786,0.215903034,0.265465072
E01020131,0.210374572,0.246036046,0.202291325,0.269639459
E01020132,0.210843693,0.207742696,#,0.240755548
E01020133,0.210843693,0.229209521,0.234087242,0.179535297
E01020134,0.25898814,#,#,0.287116056
E01020135,0.263723101,#,0.243949524,0.142666003
E01020136,0.229142937,0.253999937,0.226002685,0.167706426
E01020137,0.229786968,0.223016325,0.201824967,#
E01020138,0.210683589,0.199880755,0.201374651,0.177031048
E01020139,0.208809939,#,0.265465072,0.306663648
E01020140,0.195139355,0.311660948,0.28705736,0.265014437
E01020141,0.207037432,0.193959041,0.20475332,0.170504577
E01020142,0.15741165,0.196090795,0.127832302,0.14102912
E01020143,0.180283179,0.187456391,0.21509223,0.18879512
E01020144,0.24902172,#,#,#
E01020145,0.312913972,0.287116056,0.289766586,#
E01020146,#,#,#,#
E01020147,0.146435561,0.239965859,0.195139355,0.147026266
E01020148,0.202330045,0.11675742,0.233260489,0.26930602
E01020149,0.258478702,#,0.28705736,0.278447742
E01020150,0.223016325,0.239809417,0.156687995,0.267471986
E01020151,0.194077249,#,#,0.258478702
E01020152,#,#,0.233260489,0.24902172
E01020153,#,#,#,#
E01020154,0.257024188,0.274120636,0.248001024,0.251960339
E01020155,0.28705736,#,#,#
E01020156,0.215903034,0.174789274,0.239965859,0.212509539
E01020157,0.131325102,0.282819171,0.146435561,0.174789274
E01020158,0.180828565,0.155919363,0.145804141,0.16443231
E01020159,0.13848552,0.145804141,0.289766586,0.130881584
E01020160,0.115423835,0.177337962,0.168145154,0.155919363
E01020161,0.145768564,0.17347926,0.215861129,0.226002685
E01020162,0.124068488,0.167368042,0.199880755,0.179535297
E01020163,0.183947492,0.199021972,0.177031048,0.106765996
E01020164,0.137014716,0.188745194,0.251293464,0.172904882
E01020165,0.156687995,0.218531193,0.148114696,0.218531193
E01020166,0.150001778,0.183510116,0.180828565,0.142666003
E01020167,0.122185179,0.196090795,0.083488777,0.083488777
E01020168,0.16443231,0.20475332,0.172904882,0.190028838
E01020169,0.131325102,0.16129189,0.18955494,0.152269591
E01020170,0,0.278447742,0.258478702,0.312913972
E01020171,0.162455922,0.210843693,0.167706426,#
E01020172,0.097359895,0.210843693,0,0.108301974
E01020173,0.158130175,#,0,0.180388157
E01020174,0.289055362,0.229544427,0.11675742,0.130881584
E01020175,0.180388157,0.145804141,0.147026266,0.156687995
E01020176,0.097359895,0.108301974,0.212509539,0.158986984
E01020177,0.21509223,0.270653906,0.194227924,0.265014437
E01020178,0.210374572,0.25437292,0.130881584,0.125062627
E01020179,0.194227924,0.156687995,0.167706426,0.17169211
E01020180,0.199880755,0.20203199,0.265014437,0.18106841
E01020181,0.194227924,0.240755548,0.20553518,0.188745194
E01020182,0.229544427,0.215861129,0.163428531,#
E01020183,0.240755548,0.08122574,#,0.195139355
E01020184,0.199905931,0.236635676,0.088610119,0.233260489
E01020185,#,#DIV/0!,#DIV/0!,#
E01020186,#DIV/0!,#DIV/0!,#DIV/0!,#
E01020187,0.174789274,0.258478702,#,0.139246846
E01020188,0.21905985,0.289055362,0.18106841,0.18879512
E01020189,0.229209521,0.173442351,0.174009708,0.167186377
E01020190,0.130881584,0.167186377,0.092250994,0.167186377
E01020191,0.212509539,#,#,0.121840276
E01020192,0.25437292,0.25437292,#,0.194077249
E01020193,0.218531193,0.219422103,0.180388157,0.195139355
E01020194,0.158130175,0.25437292,0.201824967,0.125062627
E01020195,0.183248587,0.195976335,0.231222262,0.158130175
E01020196,0.201824967,0.210843693,0.253999937,0.253659905
E01020197,0.212509539,0.121840276,0,0.218145974
E01020198,0.253999937,#,0.248001024,0.287116056
E01020199,0.299607012,#,0.216902688,0.223016325
E01020200,#,0,0.162455922,#
E01020201,0.174789274,#,#,0.258478702
E01020202,0.201824967,0.18879512,0.21509223,0.270653906
E01020203,0.092250994,0.269639459,0.158130175,0.20553518
E01020204,0.172904882,0.256741428,0.217789479,0.25437292
E01020205,0.064980236,0.097471421,0.134639482,0.195139355
E01020206,0.218531193,0.215903034,0.147026266,0.18879512
E01020207,0.251960339,0.239965859,0.210683589,0.242188535
E01020208,0.291477032,#,0.218531193,0.149066467
E01020209,0.210843693,0.299607012,0.289055362,0.289055362
E01020210,#,0.311660948,0.233260489,0.289766586
E01020211,0.269639459,0.239809417,#,#
E01020212,0.215000717,0.265465072,#,#
E01020213,#,0.282819171,0.306663648,0.174789274
E01020214,0.253999937,0.199880755,0.134639482,0.312913972
E01020215,0.234087242,0.121840276,0.258478702,0.08122574
E01020216,0.247983897,0.177814314,0.210718366,0.205950057
E01020217,0.312913972,0.265014437,#,0.253999937
E01020218,0.311660948,0.289055362,#,0.278447742
E01020219,0.219063616,0.195976335,0.231222262,0.143092008
E01020220,0.231222262,#,0.199905931,0.202330045
E01020221,0.188745194,0.129950883,0.215861129,0.179535297
E01020222,0.251960339,0.289766586,0.21509223,0
E01020223,0.183248587,0.216771913,0.269639459,0.217789479
E01020224,0.306663648,0.229544427,#,0.227327744
E01020225,0.277130234,0.190982133,0.287116056,0.229544427
E01020226,0.26930602,#,0.139246846,0.26930602
E01020227,0.172244946,0.25437292,0.212509539,#
E01020228,#,#,#DIV/0!,0.251960339
E01020229,0.223016325,0.287116056,0.243949524,0.227327744
E01020230,0.25437292,0.26930602,0.26930602,0.234087242
E01020231,0.253999937,0.190028838,0.217789479,0.210683589
E01020232,0.177814314,0.229209521,0.194786711,0.187456391
E01020233,0.25437292,#,0.311660948,0.253999937
E01020234,0.219281147,#,#,0.242789182
E01020235,0.282819171,0.18879512,#,0.216771913
E01020236,0.246036046,0.239965859,0.246036046,0.210843693
E01020237,0.208809939,0.145804141,0.208809939,0.21509223
E01020238,0.156687995,#,0.139246846,0.233260489
E01020239,0.190982133,0.212509539,#,0.121840276
E01020240,0.269639459,#,0.265014437,0.08122574
E01020241,0.236635676,0.215903034,0.246036046,0.233260489
E01020242,0.121840276,0.130881584,0.240755548,0.114620548
E01020243,0.139246846,#,#,0.258478702
E01020244,0.240755548,0.251293464,0.278447742,0.25898814
E01020245,0.177337962,0.195139355,0.28705736,#
E01020246,#,0.258478702,0.216771913,0.24902172
E01020247,0.312913972,0.26377516,0.291477032,0.311660948
E01020248,#,0.074977448,#,0.312913972
E01020249,0.21509223,0,0.25437292,0.233260489
E01020250,0.240755548,#,0.270653906,0.267471986
E01020251,0.229142937,0.18879512,0.282819171,0.216771913
E01020252,#,#,0.239809417,0.287116056
E01020253,0.182325317,0.195569761,0.180283179,0.227362129
E01020254,0.210064683,#,#,0.299607012
E01020255,0.253999937,0.217789479,0.257024188,#
E01020256,0.253489889,0.190982133,0.267471986,0.190982133
E01020257,0.218531193,0.190028838,0.202330045,0.20553518
E01020258,0.180283179,0.179535297,0.229142937,0.167706426
E01020259,0.233260489,#,#,0.162455922
E01020260,0.097471421,#,0.28705736,#
E01020261,#,0.194077249,#,#
E01020262,0.139246846,0.25437292,#,0.258478702
E01020263,0.251960339,0.158986984,0.251960339,0.212509539
E01020264,#,0.307448782,0.291477032,0.289766586
E01020265,0.167706426,0.167706426,0.190982133,0.147026266
E01020266,0.25437292,0.190982133,0.210843693,0.184062489
E01020267,0.218145974,0.258478702,0.311660948,0
E01020268,0.307448782,0.278447742,#,0.194077249
E01020269,0.24902172,#,#,#
E01020270,0.180388157,0.263723101,0.234721867,0.208809939
E01020271,0.204608662,0.176363212,0.220270784,0.208809939
E01020272,0.187300753,0.194773484,0.196844105,0.183820558
E01020273,0.174789274,0.17169211,0.158130175,0.180388157
E01020274,0.174789274,0.25437292,0.162455922,0.174789274
E01020275,0.246036046,#,0.265014437,0.312913972
E01020276,0.25437292,0.289055362,0.229209521,0.278447742
E01020277,0.168838931,0.185118281,0.203589483,0.191926383
E01020278,0.247983897,0.220270784,0.18106841,0.229544427
E01020279,0.172683146,0.194773484,0.18955494,0.256741428
E01020280,0.229209521,0.237672542,0.25898814,0.223276695
E01020281,0.226002685,0.177814314,0.172244946,0.152269591
E01020282,0.459258126,0.174789274,0.179535297,0.233260489
E01020283,0.277130234,#,0.190982133,0.239809417
E01020284,0.217789479,0.21905985,0.191926383,0.202868409
E01020285,0.172502238,0.236036833,0.220270784,0.229493929
E01020286,0.21509223,0.240755548,#,#
E01020287,#,0.218531193,0.223349791,0.243949524
E01020288,0.312913972,0.311660948,0.251960339,0.26377516
E01020289,0.234087242,0.201824967,0.287116056,0.246036046
E01020290,#,0.267471986,0.158986984,0.253999937
E01020291,0.233260489,0.289766586,0.218531193,0.162455922
E01020292,0.258478702,#,#,#
E01020293,0.11931304,0.183510116,0.173861876,0.210843693
E01020294,0.178552894,0.229786968,0.226002685,0.195976335
E01020295,0.253659905,0.240755548,0.312913972,0.158986984
E01020296,0.26930602,0.215903034,0.278447742,0.190028838
E01020297,0.195139355,0.26930602,0.229544427,0.311660948
E01020298,0.306663648,0.229544427,0.26930602,0.163428531
E01020299,0.265014437,0.307448782,0.229544427,0.088610119
E01020300,0.233260489,0.26930602,0.212509539,0.289055362
E01020301,0.210718366,0.247983897,0.194227924,0.227327744
E01020302,0.191656926,0.229142937,0.312913972,0.251960339
E01020303,0.219422103,0.233260489,0.134639482,0.299607012
E01020304,0.165514578,0.196090795,0.26930602,0.114620548
E01020305,0.278447742,#,0.108301974,0.229544427
E01020306,#,0.223016325,0.253999937,0.240755548
E01020307,0.227362129,0.243949524,0.21479365,0.18955494
E01020308,0.267471986,0.097359895,0.269639459,0.201824967
E01020309,0.229142937,0.21509223,0.210683589,0.177337962
E01020310,0.28705736,0.21509223,0.287116056,0.311660948
E01020311,0.210064683,0.263723101,0.180388157,0.142666003
E01020312,0.134639482,0.236635676,0.236635676,0.218145974
E01020313,0.282862934,0.299607012,#,0.291477032
E01020314,0.172904882,0.199905931,0.17169211,0.21905985
E01020315,0.289766586,0.229544427,#,0.24902172
E01020316,#DIV/0!,0.194077249,#,#
E01020317,0.258478702,#,#,0.24902172
E01020318,0.134639482,0.174789274,0.174789274,0.201824967
E01020319,0.08122574,#,0.21509223,0.234087242
E01020320,0.125062627,0.307448782,0.212509539,0
E01020321,0.177031048,0.097471421,0.20875822,0.142666003
E01020322,0.187456391,0.187456391,0.168145154,0.194227924
E01020323,0.239457413,0.248871451,0.174789274,0.265014437
E01020324,0.246036046,0.251293464,0.216771913,#
E01020325,0,0.306663648,0.180388157,0.08122574
E01020326,0.183248587,0.208809939,0.146435561,0.239809417
E01020327,0.190982133,0.177337962,0.158986984,0.177337962
E01020328,0.17573073,0.165514578,0.182325317,0.165438024
E01020329,0.246036046,0.156687995,0.251960339,0.25437292
E01020330,0.158583431,0.234721867,0.218531193,0.226002685
E01020331,0.312913972,0.226002685,0.312913972,0.246036046
E01020332,0.312913972,0.234087242,#,0.194077249
E01020333,0.22804215,0.306663648,0.253999937,0.13848552
E01020334,0.188745194,0.196090795,0.282819171,0.180388157
E01020335,0.270653906,0.233260489,#,0.121840276
E01020336,0,0.108301974,0.134639482,0
E01020337,#,#,#,#
E01020338,0.192393216,0.248001024,0.269639459,0.26930602
E01020339,0.174789274,0.246036046,0.125062627,0.240755548
E01020340,#,0.307448782,0.289766586,#
E01020341,#,0.289766586,#,0.218145974
E01020342,0.267471986,#,0.253489889,0.21509223
E01032628,0.136005282,0.18106841,0.162571275,0.137014716
E01032657,,,,
E01032658,,,,
E01033232,#,0.251293464,0.263723101,#
E01033233,0.201824967,#,0.212509539,0.194077249
E01033234,0.158130175,0.18106841,0.142666003,0.060918888
E01033235,0.218145974,0.258478702,0,0.145804141
E01033236,0.975,#,#,0.139246846
E07000040,0.026867804,0.027025875,0.027016924,0.026381507
E07000041,0.029860887,0.030852135,0.031157859,0.030378082
E07000042,0.032246443,0.033514478,0.032810988,0.032006034
E07000043,0.030541384,0.032385437,0.031344508,0.03150088
E07000044,0.031125235,0.035025254,0.033704928,0.033121578
E07000045,0.027483442,0.028451778,0.028918764,0.028175049
E07000046,0.039109705,0.040289235,0.039584203,0.040004176
E07000047,0.043584568,0.047527893,0.046770876,0.045798536
E10000008,0.011159317,0.011653685,0.011558811,0.011410901
E06000026,,,,
E06000027,,,,
IMDQ1,0.054652517,0.052435609,0.055017197,0.054854363
IMDQ2,0.022788588,0.023567113,0.023244121,0.02390235
IMDQ3,0.019364377,0.021056469,0.020289408,0.020260337
IMDQ4,0.022221063,0.022657153,0.022600199,0.021950174
IMDQ5,0.028880881,0.030164618,0.029791964,0.027168549
E02003122,,,,
E02003123,,,,
E02003124,,,,
E02003125,,,,
E02003126,,,,
E02003127,,,,
E02003128,,,,
E02003129,,,,
E02003130,,,,
E02003131,,,,
E02003132,,,,
E02003133,,,,
E02003134,,,,
E02003135,,,,
E02003136,,,,
E02003137,,,,
E02003138,,,,
E02003139,,,,
E02003140,,,,
E02003141,,,,
E02003142,,,,
E02003143,,,,
E02003144,,,,
E02003145,,,,
E02003146,,,,
E02003147,,,,
E02003148,,,,
E02003149,,,,
E02003150,,,,
E02003151,,,,
E02003152,,,,
E02003153,,,,
E02003154,,,,
E02003155,,,,
E02003156,,,,
E02003157,,,,
E02003158,,,,
E02003159,,,,
E02003161,,,,
E02003163,,,,
E02003164,,,,
E02003165,,,,
E02003166,,,,
E02003167,,,,
E02003168,,,,
E02003169,,,,
E02003170,,,,
E02003171,,,,
E02004129,0.154337313,0.151079287,0.115582539,0.161453059
E02004130,0.128970699,0.143211903,0.14788151,0.132612696
E02004131,0.124517542,0.141850821,0.130842933,0.140539243
E02004132,0.096539793,0.098687946,0.087747706,0.090120355
E02004133,0.129074745,0.139705365,0.122276269,0.135921605
E02004134,0.100983217,0.095780393,0.085206373,0.106795617
E02004135,0.137612068,0.109237092,0.140539243,0.142452354
E02004136,0.084115499,0.084939603,0.076585748,0.071902457
E02004137,0.136871545,0.12156807,0.135227397,0.102134112
E02004138,0.109948259,0.133736383,0.124339042,0.10267811
E02004139,0.114981766,0.113901306,0.116564753,0.12263877
E02004140,0.122316968,0.177031048,0.11902849,0.126033457
E02004141,0.120387538,0.129486292,0.111611415,0.126921011
E02004142,0.169480602,0.178552894,0.125978468,0.101617271
E02004143,0.115699127,0.095835141,0.132586175,0.113192879
E02004144,0.123796419,0.125271318,0.116412789,0.101668677
E02004145,0.131784654,0.142452354,0.153802235,0.113699416
E02004146,0.098134112,0.097174447,0.101262899,0.095988428
E02004147,0.116539868,0.127451906,0.120550116,0.103435671
E02004148,0.12263877,0.107854112,0.127829839,0.118574059
E02004149,0.134818643,0.173442351,0.117579052,0.104136702
E02004150,0.132116892,0.12648658,0.12136665,0.108965818
E02004151,0.09981726,0.09627052,0.09595083,0.092336527
E02004152,0.215903034,0.124405398,0.190028838,0.130881584
E02004153,0.116214903,0.102889893,0.116444139,0.112558767
E02004154,0.107622072,0.116437254,0.11147526,0.097475375
E02004155,0.099244091,0.11068829,0.117977368,0.121312134
E02004156,0.178725783,0.154337313,0.194785427,0.172441645
E02004157,0.115004568,0.131500943,0.115423835,0.094796364
E02004158,0.103586287,0.117771338,0.120436383,0.132116892
E02004159,0.092341601,0.093257237,0.086666355,0.08836231
E02004160,0.099244091,0.119092152,0.118746593,0.115262873
E02004161,0.098380182,0.099185647,0.100340311,0.103430237
E02004162,0.10178644,0.127915348,0.12358806,0.114286758
E02004163,0.123765246,0.121809021,0.118029617,0.103886376
E02004164,0.121176423,0.122621519,0.097119504,0.104734174
E02004165,0.107917521,0.104732145,0.11149355,0.10090004
E02004166,0.068468103,0.090905604,0.089841076,0.075289047
E02004167,0.115765997,0.114921605,0.107422129,0.125360681
E02004168,0.126114785,0.132720649,0.130431107,0.131450563
E02004169,0.086031618,0.092652371,0.084206531,0.083563505
E02004170,0.113985764,0.1109562,0.103781328,0.097072966
E02004171,0.095329604,0.101224313,0.097959621,0.072608698
E02004172,0.104278547,0.125986,0.133326761,0.107146463
E02004173,0.099524049,0.095729193,0.104813903,0.089743392
E02004174,0.103699555,0.113994241,0.112571481,0.106309288
E02004175,0.122626275,0.136384433,0.124979214,0.131937968
E02004176,0.145848055,0.143331675,0.136192942,0.142668115
E02004177,0.113596664,0.12483878,0.113138633,0.116884012
E02004178,0.117424429,0.140629301,0.127059619,0.113627723
E02004179,0.118879151,0.114532802,0.100752133,0.093659813
E02004180,0.12608346,0.122546405,0.137910554,0.10775763
E02004181,0.116412789,0.127854944,0.138207663,0.124917885
E02004182,0.128805542,0.129021091,0.126882977,0.114018566
E02004183,0.118171352,0.142668115,0.139947598,0.162998706
E02004184,0.089197258,0.091032549,0.096920777,0.090058969
E02004185,0.135757851,0.14630033,0.124795805,0.145086987
E02004186,0.094366301,0.101889791,0.105026842,0.110261304
E02004187,0.101355835,0.118027688,0.095414864,0.099612672
E02004188,0.111296683,0.125815932,0.118130158,0.104334484
E02004189,0.177814314,0.187029714,0.176363212,0.179535297
E02004190,0.073723902,0.111020129,0.090747356,0.105712884
E02004191,0.099265848,0.102427875,0.108462027,0.106235021
E02004192,0.127463374,0.157863029,0.135477597,0.138759052
E02004193,0.064449328,0.072813044,0.074864002,0.068814754
E02004194,0.107917521,0.124339042,0.099844426,0.118574059
E02004195,0.158336461,0.196844105,0.146648822,0.157789806
E02004196,0.085557611,0.102400657,0.097835015,0.088949171
E02004197,0.13848552,0.174009708,0.172904882,0.092250994
E02004198,0.103772805,0.103943053,0.108684224,0.105920215
E02004199,0.140424936,0.138571861,0.090042546,0.093743288
E02004200,0.104416509,0.140629301,0.078882863,0.113904162
E02004201,0.129124172,0.139271033,0.165293971,0.132037152
E02004202,0.112558767,0.108889427,0.124017088,0.104330791
E02004203,0.102813926,0.107773144,0.117532358,0.110176283
E02004204,0.085897732,0.102845132,0.091451242,0.088789789
E02004205,0.115328898,0.123765246,0.112677602,0.112734203
E02004206,0.13960593,0.157844602,0.170923363,0.129756275
E02004207,0.110341515,0.124331683,0.116564753,0.127678494
E02004208,0.114609434,0.114958581,0.117195229,0.09531819
E02004209,0.093723585,0.093389305,0.098748586,0.107688499
E02004210,0.120895254,0.120242884,0.122220075,0.124331683
E02004211,0.122741994,0.123085201,0.150638341,0.155482529
E02004212,0.132484715,0.132484715,0.127915348,0.103773037
E02004213,0.120387538,0.130842933,0.131636573,0.120387538
E02004214,0.151137004,0.132992488,0.156567303,0.141038568
E02004215,0.120975587,0.117424429,0.132992488,0.131228747
E02004216,0.135757851,0.131020403,0.145086987,0.137665285
E02004217,0.10847616,0.116166176,0.110534866,0.113901306
E02004218,0.161525618,0.135991744,0.1533544,0.157954394
E02004219,0.113185563,0.140539243,0.143133983,0.11943229
E02004220,0.132560734,0.16727238,0.12608346,0.145231834
E02004221,0.17347926,0.145231834,0.161453059,0.145581049
E02004222,0.154146027,0.127896048,0.121088266,0.127896048
E02004223,0.078092722,0.084522974,0.084833343,0.091795056
E02004224,0.144727003,0.14065008,0.159880293,0.133713227
E02004225,0.123188088,0.125571809,0.128898211,0.10119793
E02004226,0.124937729,0.115835768,0.121088266,0.119541807
E02004227,0.090448324,0.105400811,0.098259633,0.105542488
E02004228,0.125061607,0.125953471,0.133786414,0.137917675
E02004229,0.097953539,0.116463888,0.098687946,0.093962361
E02004230,0.101925282,0.104701272,0.1125797,0.111020129
E02004231,0.117644498,0.145848055,0.106746375,0.127726533
E02004232,0.119872494,0.12996753,0.124795805,0.127045274
E02004233,0.090558556,0.10449299,0.111048203,0.088949171
E02004234,0.148324454,0.164269711,0.153922139,0.154348948
E02004235,0.161525618,0.135921745,0.163876909,0.178725783
E02006840,,,,
TOWN01,0.10847616,0.116166176,0.110534866,0.113901306
TOWN02,0.105231661,0.10247476,0.096756461,0.119589478
TOWN03,0.043080969,0.044178867,0.04638494,0.045149864
TOWN04,0.053019478,0.054661932,0.052994816,0.054548963
TOWN05,0.094569947,0.098137618,0.084939603,0.08141286
TOWN06,0.060400899,0.0654312,0.067078077,0.060538584
TOWN07,0.054537659,0.057635473,0.054296634,0.048148017
TOWN08,0.112462614,0.133247417,0.106451113,0.106490291
TOWN09,0.084447408,0.090617688,0.089149015,0.081209876
TOWN10,0.027693104,0.028355259,0.028661524,0.028122885
TOWN11,0.044607654,0.044724401,0.046294295,0.041824892
TOWN12,0.095956392,0.090279717,0.094989457,0.085448066
TOWN13,0.074525557,0.080537769,0.079369364,0.084460475
TOWN14,0.072666868,0.077457756,0.076416788,0.076837802
TOWN15,0.068922047,0.074632644,0.069037427,0.070967249
TOWN16,0.045376486,0.051965415,0.05304597,0.048436988
TOWN17,0.064916986,0.072551976,0.06283093,0.062516898
TOWN18,#,#,0.306663648,#
TOWN19,0.129452307,0.124483838,0.140099533,0.122316968
TOWN20,0.035702265,0.037334217,0.038415139,0.037589766
TOWN21,0.05732564,0.065251774,0.059363834,0.059205534
TOWN22,0.064234376,0.064765803,0.057956277,0.060106863
TOWN23,0.089298997,0.094473029,0.097380023,0.083933578
TOWN24,0.078776105,0.081479893,0.076179679,0.079326447
TOWN25,0.080178769,0.095599073,0.080016786,0.079515464
TOWN26,0.063233631,0.066011911,0.070869997,0.066573999
TOWN27,0.078192003,0.078766442,0.077520075,0.074138029
TOWN28,0.049535019,0.050126996,0.048325017,0.050007976
TOWN29,0.060373826,0.071104576,0.066977507,0.07356215
DIV1,0.074365898,0.081740006,0.088264909,0.084983831
DIV2,0.083923688,0.093983452,0.092226252,0.088477347
DIV3,0.115765997,0.111239532,0.113611017,0.12786588
DIV4,0.082346093,0.083782944,0.086901105,0.081253188
DIV5,0.075114239,0.079960251,0.083458666,0.082010726
DIV6,0.12046461,0.127463374,0.139556224,0.119872494
DIV7,0.082376212,0.079960251,0.082580053,0.084860126
DIV8,0.097396885,0.107866274,0.101693109,0.10483568
DIV9,0.075148599,0.091654088,0.082096023,0.088953355
DIV10,0.094569947,0.098137618,0.084939603,0.08141286
DIV11,0.094473029,0.089050408,0.080082154,0.098958379
DIV12,0.079780289,0.082618793,0.085534368,0.079639915
DIV13,0.089540762,0.095893692,0.08640349,0.0871907
DIV14,0.093192403,0.098050728,0.096578431,0.087854918
DIV15,0.077922816,0.090871786,0.085609958,0.080013109
DIV16,0.073306651,0.072338885,0.081483807,0.063285657
DIV17,0.085454852,0.084976219,0.081436167,0.067237574
DIV18,0.100870296,0.124937729,0.102352588,0.105879293
DIV19,0.090146964,0.097480929,0.092701677,0.085605976
DIV20,0.115835768,0.1430689,0.100736366,0.100673068
DIV21,0.099148023,0.098338623,0.113138633,0.094425689
DIV22,0.090990794,0.0873635,0.099195166,0.084334016
DIV23,0.053260977,0.052871182,0.054347954,0.048844467
DIV24,0.079980789,0.082255673,0.082136397,0.08711571
DIV25,0.0761283,0.084040934,0.082254374,0.083342851
DIV26,0.091848261,0.095994701,0.096706271,0.102572436
DIV27,0.077994569,0.097223369,0.079299212,0.080174275
DIV28,0.073819756,0.086358323,0.086474631,0.087809966
DIV29,0.074525557,0.080537769,0.079369364,0.084460475
DIV30,0.083707905,0.089952172,0.084150582,0.087170595
DIV31,0.09167538,0.099148023,0.110050879,0.107146463
DIV32,0.064449328,0.072813044,0.074864002,0.068814754
DIV33,0.084697782,0.085448066,0.077347507,0.074989437
DIV34,0.077786006,0.07895464,0.082625205,0.086726689
DIV35,0.095667835,0.088749556,0.089952063,0.082989585
DIV36,0.087131541,0.087752853,0.099684924,0.096296162
DIV37,0.106925901,0.1109562,0.09981726,0.103856845
DIV38,0.079412823,0.082874093,0.08502387,0.084697782
DIV39,0.071839547,0.074804011,0.068708498,0.068289128
DIV40,0.085146113,0.079746882,0.082187366,0.076320981
DIV41,0.07485827,0.092364578,0.074169737,0.076416848
DIV42,0.084258168,0.087256599,0.091588112,0.076389934
DIV43,0.084307962,0.089068596,0.085042768,0.083983791
DIV44,0.063194294,0.091942182,0.075534893,0.081185177
DIV45,0.090348516,0.10371685,0.091439864,0.093257237
DIV46,0.137665285,0.148000521,0.164586331,0.125780535
DIV47,0.102748094,0.091231465,0.108023987,0.082980411
DIV48,0.090558556,0.10449299,0.111048203,0.088949171
DIV49,0.087478621,0.084112311,0.08464622,0.077894147
DIV50,0.082432626,0.080230622,0.078333362,0.08111932
DIV51,0.087752853,0.095092045,0.089973345,0.095164767
DIV52,0.087131541,0.086069003,0.088792866,0.077931655
DIV53,0.08244492,0.085628966,0.089143981,0.091539841
DIV54,0.093481956,0.105026842,0.088547349,0.082466232
DIV55,0.098338623,0.096002821,0.078263289,0.093021345
DIV56,0.061055349,0.063929178,0.061224074,0.060035792
DIV57,0.080072108,0.079821384,0.081988598,0.085914356
DIV58,0.100156647,0.097078412,0.104149049,0.108975407
CHSCTAXE,0.051559711,0.053111625,0.051358211,0.052934625
CHSCTBARNSTAPLE,0.048069421,0.049541391,0.051732627,0.049517959
CHSCTBIDEFORD,0.047649496,0.048633058,0.048165774,0.050056027
CHSCTBRAUNTON,0.055087774,0.05887974,0.053260899,0.054335103
CHSCTCREDITON,0.06011232,0.070446897,0.068851077,0.063787093
CHSCTCULLOMPTON,0.048996085,0.0508658,0.048795223,0.045448458
CHSCTDAWLISH,0.060008725,0.060522726,0.059671523,0.056975531
CHSCTEXETERCHALL,0.03774613,0.037943252,0.039375224,0.038295126
CHSCTEXETERSYCAMORE,0.0415175,0.043630814,0.042590189,0.041622605
CHSCTEXMOUTH,0.044607654,0.044724401,0.046294295,0.041824892
CHSCTHONITON,0.051010324,0.051430334,0.049962593,0.049842519
CHSCTIVYBRIDGE,0.042702957,0.049991408,0.050568044,0.046775152
CHSCTKINGSBRIDGE,0.064916986,0.072551976,0.06283093,0.062516898
CHSCTNABBOT,0.036757256,0.038977244,0.039716804,0.038992514
CHSCTOKE,0.054175912,0.058964161,0.056652396,0.056774724
CHSCTSMOLTON,0.072060766,0.08421529,0.072818893,0.068701294
CHSCTTAVISTOCK,0.062186374,0.064176909,0.068407018,0.06482647
CHSCTTEIGN,0.075128089,0.084860126,0.078498188,0.083390231
CHSCTTIVERTON,0.05101359,0.050193154,0.04913956,0.050792632
CHSCTTORRINGTON,0.056946095,0.058817244,0.058583,0.058264221
CHSCTTOTNES,0.068014682,0.074117464,0.070275119,0.070738717
Eastern,0.016011311,0.016482206,0.01638279,0.016025967
Northern,0.024017426,0.025158564,0.024508521,0.024709508
Southern,0.025878446,0.027494357,0.027229019,0.026927757
Western,0.032489948,0.035529043,0.036278878,0.034179301
