Area,IMD,Income`,Employ,Health,Educ,Barr,Crime,Env,<16,60+
E92000001,,,,,,,,,,
E12000009,,,,,,,,,,
E01015023,3752,5219,2098,4655,3709,4857,11888,14154,5576,9949
E01015024,15921,18267,14489,18106,11737,17118,5378,22451,14768,23755
E01015025,26928,30147,28481,30559,17843,29897,3960,31737,32043,29377
E01015026,4709,4872,4452,6163,3184,9542,6043,13306,6319,5580
E01015027,17007,18548,16604,18392,15416,17707,3521,26943,15802,26693
E01015028,2465,2409,2661,1426,1650,9525,9696,20497,3075,5076
E01015029,12546,11951,12913,9430,9897,15308,8841,23576,10250,23276
E01015030,1911,3315,1227,5590,303,2209,15963,21259,4903,6713
E01015031,10787,15575,13026,26520,8289,2877,15870,2217,22662,10575
E01015032,7924,15025,14043,10400,5934,5415,10577,491,15351,3579
E01015033,29655,31033,27089,28769,19662,24486,21415,22420,29319,30653
E01015034,26625,24904,26585,32002,13844,17248,28314,18222,29732,19708
E01015035,24827,24789,26262,16749,18909,20574,25862,14629,21191,27526
E01015036,22384,21260,18565,30598,14070,13889,28944,15943,30127,14216
E01015037,13546,13068,10822,13972,11107,11699,22195,14315,16119,12078
E01015038,22947,24035,23521,26655,15167,11145,17424,18713,23661,24409
E01015039,17788,20573,27735,5987,10752,30361,29596,5434,11011,14545
E01015040,2560,2521,1859,4440,2545,7385,16692,5042,3520,4671
E01015041,7682,8266,8999,11973,7192,9889,29151,669,5699,12224
E01015042,10925,9068,10000,13135,6277,23605,28047,5660,7577,17715
E01015043,1517,990,1182,6555,1789,4090,15266,5831,758,7505
E01015044,3607,7420,4281,13879,1975,878,20178,907,8286,8191
E01015045,1439,2050,2463,5172,2074,194,11512,3004,597,5838
E01015046,356,1075,300,1873,47,1638,11301,8527,4159,1328
E01015047,1422,1813,2015,2657,2111,1496,7702,6347,2321,5578
E01015048,909,1318,547,4238,842,11074,10743,1674,563,5600
E01015049,18927,24779,28238,21742,12431,8359,17500,4407,19783,14035
E01015050,9943,19233,19506,15543,4354,4819,9657,1225,10623,9194
E01015051,17072,23644,26089,24410,9077,10654,9272,4684,10493,15858
E01015052,6331,12866,13316,8954,1737,5127,10778,1065,7018,7559
E01015053,4835,11438,10541,5009,5527,368,7092,1923,5714,8402
E01015054,10444,18231,25813,6805,3574,5362,7981,5988,5220,4069
E01015055,3728,4060,2167,5055,2578,10430,11427,16162,4951,7263
E01015056,10160,10798,9765,16483,8661,6683,14014,6764,8088,13089
E01015057,2414,2507,3321,5939,913,1432,18726,8898,1552,3312
E01015058,3102,3437,2932,3727,2622,2710,13662,14987,3331,5205
E01015059,9393,11190,10928,8566,10708,3424,24098,5003,8379,16066
E01015060,8309,10006,7904,11215,4933,10342,17247,4731,9723,11587
E01015061,8649,9727,9349,13433,7878,3185,22107,4610,8507,13633
E01015062,13155,21465,21003,19828,9529,1495,14556,4999,15797,15548
E01015063,8036,7697,9347,5724,4918,16874,14064,9086,5920,9307
E01015064,27861,29810,26389,29386,18263,18754,21775,17560,28743,29551
E01015065,20199,19102,20324,18235,11617,30586,10064,23488,31952,9599
E01015066,21342,23822,25376,14715,16771,19987,8307,19993,20220,25958
E01015067,27191,29561,19110,23314,17501,27106,26578,25515,29242,32204
E01015068,23763,27917,19657,14718,15685,28334,16175,26836,28845,28469
E01015069,10126,12564,10716,4963,4797,20799,22484,9427,15935,11067
E01015070,13792,15225,13027,17163,7979,16540,6017,22769,16153,10813
E01015071,12635,13398,13256,17567,7801,19673,8651,8081,15595,11845
E01015072,4483,4478,4130,2767,3801,11133,23689,6818,4410,8759
E01015073,4004,4802,3561,1544,4194,18187,7455,13244,4645,6377
E01015074,3898,4194,2499,5090,2524,6804,12559,21305,4614,6443
E01015075,3266,3491,3215,4774,2530,7340,14865,4517,2799,5338
E01015076,16743,18334,15542,12676,13660,17602,26321,8090,15202,23405
E01015077,11798,11805,12133,11478,6360,13511,15724,14963,11698,13177
E01015078,919,796,810,716,2567,7222,15092,6556,609,3211
E01015079,17332,18159,14707,12262,10407,20181,25072,18578,15916,23147
E01015080,704,481,2161,152,2683,4507,5887,6402,467,2913
E01015081,5978,4966,4596,5279,4498,9797,18694,19111,5939,7106
E01015082,3933,4819,2134,6303,1414,7520,17230,22977,4640,6753
E01015083,2573,3478,2223,4702,1269,1025,16412,22617,2350,8470
E01015084,7951,10369,5791,7591,5167,5411,21919,15651,11404,15240
E01015085,9575,11607,9178,10271,7136,4108,27974,8276,12295,14186
E01015086,3749,4174,3440,4618,2720,4471,11769,13493,6590,6257
E01015087,2631,2909,2791,1104,1374,9324,15240,20237,1467,5397
E01015088,1704,1148,1603,1848,1990,6996,12790,17968,780,3814
E01015089,9654,12156,10165,7974,5416,7635,20303,10145,18038,9585
E01015090,23381,21504,20926,20511,16620,24677,19967,19624,14888,30732
E01015091,16399,19416,15098,11039,14403,19142,6678,25266,16984,23536
E01015092,13168,13665,18553,9943,5913,21323,4356,29532,8299,9124
E01015093,7712,9737,7802,4356,4006,7970,15105,21654,18971,4254
E01015094,7434,11484,9233,6145,5792,1002,11408,22422,15783,7917
E01015095,8462,11401,9526,6500,5915,5528,8282,17367,13531,11329
E01015096,6273,7399,6744,3308,5763,6660,6862,23607,7275,9635
E01015097,24850,27478,20899,23388,12637,31416,19470,19208,26787,27824
E01015098,25315,23774,23262,27806,18664,24082,31264,8960,25750,17806
E01015099,21821,24330,25527,27545,18089,7132,31310,5925,26067,25047
E01015100,20059,21374,16726,29794,14665,13843,30003,6971,22092,21081
E01015101,29651,30211,26143,31989,19603,22523,26954,19358,31993,28491
E01015102,18411,19356,16166,23718,14835,20441,30390,3894,18907,21827
E01015103,21810,20832,21366,27213,14224,21385,31840,6384,22480,12193
E01015104,27329,27879,23542,26551,19136,27860,32682,10729,27715,26037
E01015105,27881,26808,26411,28390,19565,25943,32396,10557,26954,24582
E01015106,17342,16706,15926,20984,14369,8439,27908,11546,16339,23078
E01015107,19101,20894,19114,15092,11458,26747,8622,23630,19837,23949
E01015108,25440,26788,26060,19769,17275,21181,15301,22910,26144,23029
E01015109,19173,18627,20225,16167,15823,21787,10488,16226,14545,19602
E01015110,27057,29439,27972,22081,21302,28691,7419,26422,23557,31296
E01015111,24051,26021,21931,19714,14822,30036,18929,15683,22909,26739
E01015112,19956,18528,15906,23470,6988,29572,29687,20779,21216,17999
E01015113,23913,30391,26622,17059,14398,22037,12385,17015,30581,27873
E01015114,25337,24850,24162,21449,14768,25207,31259,14568,23724,23805
E01015115,7849,7778,6093,8767,3343,19777,13109,16972,17864,5850
E01015116,19063,19850,15815,17465,12157,29992,8694,27249,17242,27811
E01015117,21375,21458,20932,12928,16398,31222,13390,20737,17377,25409
E01015118,26784,27521,23615,24835,21548,28555,18481,14333,27783,27388
E01015119,25892,29083,26701,23279,20444,31469,5776,22409,25367,26833
E01015120,21955,22264,15684,22577,9690,25765,26812,27833,26328,20754
E01015121,28504,28382,23833,24515,17896,23932,31415,23729,27660,30214
E01015122,22496,24004,21615,17621,14287,24723,24268,12485,24425,23613
E01015123,16210,17296,16263,18200,7017,18564,24911,9621,23973,17567
E01015124,25503,25772,21785,22803,16893,19643,26533,20801,27459,27218
E01015125,23736,24765,17319,19582,18314,27510,16452,25780,26498,29541
E01015126,28676,27365,24578,27020,17923,23769,27189,26025,30014,27919
E01015127,20423,17418,16188,23899,10917,24993,26905,19389,17115,19879
E01015128,24122,24547,21968,23100,17284,26654,12256,20376,24775,23415
E01015129,14657,14540,16591,8970,12976,27575,6228,17376,15052,15622
E01015130,28974,30312,28637,19606,21322,29220,14131,30633,28392,29947
E01015131,30221,30462,27722,29508,14781,30497,23845,29336,29187,31372
E01015132,18764,16126,14199,17313,10350,27114,27259,22812,22735,12927
E01015133,29623,29025,25320,27118,20505,29827,19654,28089,25859,30939
E01015134,22737,21303,21229,21565,13420,21345,27076,16215,25114,21215
E01015135,13371,14101,9441,13948,7558,24108,21438,12948,15658,17495
E01015136,19182,18615,16810,17537,14936,22020,28622,8910,17266,19391
E01015137,24580,20502,20826,25366,15915,30570,30198,14943,22277,20227
E01015138,19998,19056,19245,21772,12747,27124,17480,10975,18946,24131
E01015139,14541,14534,11303,14424,8149,18979,20955,17514,15867,16137
E01015140,27643,29838,24125,19529,17507,22574,26207,26610,30657,30796
E01015141,27780,29205,24786,25315,17436,26189,14648,29334,31008,28910
E01015142,12757,13375,12063,15251,7749,11337,15170,13715,9554,16872
E01015143,7797,9617,8194,8977,4471,3335,23880,9804,8543,13690
E01015144,3001,4862,3028,4007,2541,2433,21144,3222,4661,12992
E01015145,522,165,1338,1846,1270,953,4187,25107,284,3925
E01015146,1955,2118,2959,1429,2701,631,12358,23200,821,10767
E01015147,12308,16567,11210,10505,7724,6929,27718,10885,21717,15984
E01015148,6594,9196,8792,6179,4535,1834,6504,23226,10663,6781
E01015149,1376,1461,1048,2690,984,3679,16921,14124,1029,4255
E01015150,8468,9583,6064,8996,6063,15042,25593,5565,4779,19090
E01015151,1848,4180,2525,6823,1162,316,12312,2633,5831,3697
E01015152,406,658,704,3156,517,935,9878,3109,299,1312
E01015153,764,1153,505,3398,1222,1249,13534,6287,4810,692
E01015155,154,226,72,1874,202,2390,9646,7407,1443,795
E01015156,3532,5443,4384,19910,1415,2978,11369,846,2975,5695
E01015157,5594,7238,5533,19464,2842,2070,16918,4021,3461,7903
E01015158,4771,8715,7235,17260,3042,196,13765,2107,7531,8512
E01015159,7676,8668,6392,4660,4322,19751,21095,10491,9019,11509
E01015160,27915,27900,21175,25677,16901,27691,27122,26745,22489,30503
E01015161,9093,10328,8951,5692,6774,25329,3989,21527,10092,15308
E01015162,6874,6962,5897,6049,5099,13955,7577,18170,6760,8437
E01015163,14190,13669,12094,16215,7696,19188,11037,24239,11860,15745
E01015164,15890,19009,14253,11295,9620,29499,5563,30763,21261,15409
E01015165,23062,17853,22436,18918,15559,28894,17049,28364,16103,19575
E01015166,7378,7338,5844,3744,6034,16968,12823,22538,8288,10321
E01015167,8819,9280,8499,14407,8113,4963,27088,3622,8272,13334
E01015168,6609,8301,5462,13690,5547,5971,25054,1793,6588,13153
E01015169,12523,16291,17755,18387,9410,18292,10122,1255,13386,13559
E01015170,5608,5095,3617,17131,3101,8468,21276,5746,6333,6628
E01015171,6202,9150,6804,23680,2579,1983,23780,1814,11095,8531
E01015172,8190,10763,7294,24385,6665,6104,25457,721,15944,11227
E01015173,11610,14948,13636,28397,8161,2126,29453,2943,14634,17303
E01015174,15010,15190,14090,22217,9358,15520,30590,4417,13266,21611
E01015175,11411,12107,11134,23429,7549,11129,26463,2320,13657,13492
E01015176,5596,5661,4646,5413,3069,16454,21980,6668,4194,5483
E01015177,13065,14514,15482,17772,13268,12295,27712,1152,10844,14149
E01015178,12431,15445,15913,19531,8718,6854,24708,2123,13020,13257
E01015179,13443,18806,19562,19441,9028,8869,16041,1759,16984,11880
E01015180,1878,3838,2758,7320,2727,683,8836,619,6163,3224
E01015181,5036,6775,7626,12589,7384,1903,15534,230,9469,11702
E01015182,2966,4278,5243,5366,2129,2180,10663,2003,2790,4910
E01015183,10935,10392,8785,14077,5348,10868,24455,16205,12063,11622
E01015184,18921,17844,10769,20195,12887,25729,24772,25387,24255,19385
E01015185,9995,9495,8604,12426,8234,11679,24335,5803,14422,8495
E01015186,4142,5407,3198,6168,4858,14596,25422,439,4977,8547
E01015187,19626,16724,18881,17593,12826,19738,25392,16974,19097,18337
E01015188,14355,11369,11699,11120,10849,22503,20216,22132,10633,13986
E01015189,9400,8552,8837,11143,9538,13671,27661,2811,7326,9232
E01015190,5177,7768,3453,7853,6071,6636,3591,11180,7597,13904
E01015191,16388,12218,13524,9862,16752,19106,20349,31441,9643,16551
E01015192,5066,3107,4170,4582,5650,7632,20989,18454,1263,11026
E01015193,9421,11422,8019,7569,9274,3141,27299,14552,14990,12316
E01015194,5491,6154,4287,3091,7764,6739,9590,18509,4975,12923
E01015195,8012,6503,6919,6830,9285,19842,9129,11270,6251,7165
E01015196,1316,1313,920,1380,1986,4938,21073,10857,1343,4026
E01015197,28003,24295,20889,26421,21778,28339,21864,32115,25784,26218
E01015198,21344,20551,15285,18493,11318,25027,32092,25691,21688,22073
E01015199,27454,28434,22432,28664,17987,19479,19226,28874,26820,29826
E01015200,17241,13130,14055,10113,14344,30861,28083,20827,12299,14761
E01015201,22428,17354,16536,26023,17260,23599,25655,21951,16495,20785
E01015202,15815,13968,13306,11406,14690,18596,26554,13474,14447,14436
E01015203,21422,20702,17077,18863,13175,24312,19360,26616,20784,21748
E01015204,9675,9989,8941,13235,11162,7625,23708,3166,10149,13759
E01015205,14123,13256,11929,11399,13460,13118,23806,13300,11742,13723
E01015206,7390,8858,7625,8597,8848,1978,24652,5693,7818,11873
E01015207,16985,15895,14925,19070,15454,15943,26215,7368,19639,13034
E01015208,29268,28706,23361,29283,21751,20382,27497,25644,27372,29666
E01015209,8223,9961,6581,23086,3448,2546,27318,9175,14374,12544
E01015210,4956,3247,3361,11342,4862,7054,26177,6844,2100,4178
E01015211,23267,19285,21700,15682,17459,24133,26376,23719,24115,15882
E01015212,9597,8297,8581,15958,9226,9222,29863,3370,9359,8361
E01015213,13952,13829,12130,10719,14617,10114,29445,10597,13590,19664
E01015214,2691,3025,2669,9877,3786,3295,27435,223,2655,4146
E01015215,13938,12725,14703,11138,11472,13061,19472,12763,14257,10182
E01015216,5614,5803,4048,9337,8039,5741,26587,2365,7129,7139
E01015217,800,1990,752,4103,2373,386,17915,580,3725,2524
E01015218,5683,5583,4397,8750,4930,12599,27740,2276,7543,7006
E01015219,8595,6925,4850,15932,4214,13909,22435,20570,9038,9403
E01015220,17563,16974,15090,15532,12383,12445,26383,20035,17287,17605
E01015221,15167,13759,13381,13537,12655,21177,15319,13985,13234,13303
E01015222,17878,16240,12885,17344,17149,12593,19892,26815,19218,17281
E01015223,23711,20940,21001,18004,20725,26727,18921,20320,21076,18039
E01015224,15903,14307,11318,17834,12182,23385,30444,9238,19311,11299
E01015225,15255,11810,11553,15771,12967,19022,24826,15995,16344,13215
E01015226,20359,21617,13761,21296,15873,22138,10751,31929,27493,23658
E01015227,24804,22906,21352,20830,23289,20566,17866,22637,28519,19659
E01015228,7732,7986,5079,8535,7168,8975,28177,7907,13022,8543
E01015229,6251,6666,3901,12158,4580,3121,27823,11676,12761,5089
E01015230,23445,23526,17222,20928,17016,29744,12808,31425,25531,23920
E01015231,219,708,233,4443,615,500,19806,314,1113,1792
E01015232,1338,3724,1599,5805,2908,69,13537,512,3483,6808
E01015233,1958,3590,1341,5598,3486,2668,22943,510,4607,5258
E01015234,5517,5855,6186,6942,4045,15085,26851,929,8216,4042
E01015235,7166,9141,6052,10509,7296,13140,8755,3101,13132,11540
E01015236,12674,17295,11188,18040,13371,4600,9650,11194,21759,20709
E01015237,13458,12506,13112,14642,11084,9514,27069,8869,11680,11923
E01015238,9428,9769,7019,12524,4890,14137,26665,8321,13911,10055
E01015239,5887,4777,4243,14649,2728,15780,24867,4636,11519,4506
E01015240,6742,5740,4647,9493,4192,15596,27388,7242,6167,7996
E01015241,11178,9316,7472,11673,12496,12595,30645,10351,13413,9064
E01015242,5855,4682,6148,5277,6939,7399,29077,4312,6004,5236
E01015243,18334,12898,17893,16158,16540,17819,27922,15367,8485,14397
E01015244,16894,14607,12629,15773,11336,25497,21674,20317,16581,15851
E01015245,6987,7429,3387,5498,5477,25742,10157,26205,7968,13152
E01015246,16427,13165,9697,20689,13031,21531,30929,17138,17297,16924
E01015247,11356,8646,9341,11645,14246,9518,23886,11885,10305,9213
E01015248,7028,5952,6490,6648,5844,18543,26078,3839,5374,6203
E01015249,7652,6175,4631,8924,4157,23536,16900,21334,13286,2998
E01015250,22272,16693,19514,19026,18607,26830,21416,22647,18993,13908
E01015251,24791,21909,19561,27685,12053,24647,29516,26768,25800,17044
E01015252,16718,12944,14430,11742,14292,20038,21417,25177,11868,16250
E01015253,21904,17651,21720,21249,19529,26428,6970,31918,16241,14812
E01015254,17433,13746,15277,17865,11436,11268,29970,26545,12994,15742
E01015255,401,975,370,4905,779,560,14918,1103,3349,2131
E01015256,439,1779,392,7888,613,147,10478,626,2355,5340
E01015257,928,1240,375,2139,1285,5712,14748,8324,1084,5115
E01015258,10371,8508,8290,12237,12116,11306,21891,7699,9192,11170
E01015259,5209,6265,5255,7057,6088,2977,27982,2234,6372,5631
E01015260,849,2421,385,7559,1506,1049,22002,271,6572,4887
E01015261,2357,4516,2028,9701,4321,342,24401,572,8051,8342
E01015262,5562,6899,5773,4371,5450,1192,28923,12753,5867,10498
E01015263,1759,1409,1390,2491,3045,3169,17236,12031,1076,4453
E01015264,19065,16421,14871,13519,15695,23586,21389,26185,11653,21237
E01015265,10045,7741,7577,8803,8578,11697,22160,22732,2093,15515
E01015266,1095,1280,2121,854,1017,3859,11651,7069,1690,1128
E01015267,1993,5660,833,16012,2601,19,14016,2776,11822,10097
E01015268,12456,12705,7164,23332,11242,8307,17552,16191,9201,20928
E01015269,12720,12946,8289,24942,7821,19090,27803,5379,20145,14747
E01015270,6340,9513,5220,16451,3959,2552,15107,4975,10845,13058
E01015271,24167,24747,19986,28594,15888,18303,13181,28638,19989,29365
E01019886,15059,16063,14271,15755,25234,21279,4319,7717,17523,20314
E01019887,14877,11903,13619,10895,14253,16843,22101,16274,10013,18445
E01019888,17896,14901,15928,18430,19304,16755,24667,9303,13423,19039
E01019889,25416,24108,21598,16526,27169,28798,18289,19128,23668,25452
E01019890,25191,20360,25463,24898,30733,24044,17257,10347,19726,19901
E01019891,17168,23426,25982,24970,29486,29759,2332,878,23821,21387
E01019892,21456,23492,23213,21318,25990,29199,4154,10931,25349,21160
E01019893,19600,22069,22076,18732,26362,28389,5155,6138,20644,24827
E01019894,30490,27133,25452,28211,28806,30392,21408,24755,22056,29773
E01019895,29319,28927,27285,26014,29662,28807,13674,18952,24125,31554
E01019896,28165,24331,25202,23060,26083,19241,26216,24924,22894,27971
E01019897,19321,15291,16913,12276,18658,24837,25101,18589,19180,12935
E01019898,23543,27041,26161,22572,30160,28012,4284,10019,26667,28441
E01019899,20381,17204,15367,15520,22178,28699,17311,20151,16979,20026
E01019900,27159,25227,24683,27523,30413,31912,12134,12893,20594,29520
E01019901,16041,26299,27304,24527,31091,31874,805,533,26312,26733
E01019902,14557,18067,19902,15582,24937,25732,1308,4444,18431,18953
E01019903,19592,25689,23985,18364,28129,32163,3430,4063,25236,28227
E01019904,15696,11880,12226,7720,15283,25655,31272,23061,17397,9084
E01019905,31369,29012,24155,25882,31350,32014,22596,32804,29088,30271
E01019906,28192,23080,24630,19121,21161,28239,32813,29107,25986,18112
E01019907,27360,27587,22962,12138,26064,24505,29608,29649,29444,24751
E01019908,24184,20971,21811,8542,29599,31486,19656,31322,19027,21587
E01019909,29927,26778,26681,19526,29183,32183,24542,24080,25222,30092
E01019910,24262,19744,18917,23397,22961,23747,29572,15753,22762,21936
E01019911,26278,21098,18529,20147,25358,28461,25922,30998,22004,22931
E01019912,19438,14078,15487,20145,21521,22113,29442,11282,18195,14107
E01019913,26066,27853,19098,22734,23639,25092,13849,26784,27407,30528
E01019914,6641,6472,4698,3102,9308,9908,18374,17238,8443,8282
E01019915,25417,22184,19049,22929,25207,26951,23584,18236,24311,24992
E01019916,9802,12324,13057,12876,16100,2897,29383,817,14239,9765
E01019917,18469,19412,17587,15996,19739,12588,31969,6016,23296,18721
E01019918,10311,13967,9725,16907,20731,1348,27924,2189,15757,17123
E01019919,12371,12049,14398,8623,17692,12987,29146,2567,15762,8772
E01019920,18839,16603,14158,13226,20190,26290,16461,21404,16152,19318
E01019921,25375,22148,21317,18213,25773,16156,31372,23303,25087,20161
E01019922,9251,8152,6153,4177,10854,19429,28718,15571,15507,4827
E01019923,16410,13997,13990,5092,17840,28171,27257,24703,13914,16196
E01019924,15047,14800,14859,5237,25630,14284,17356,15368,16694,13474
E01019925,29328,26422,24417,19298,27235,32614,25597,25618,30572,21049
E01019927,10647,8089,9182,6497,12003,13677,25332,15322,9079,7539
E01019928,16988,14988,15273,6888,20111,22188,17211,26079,12101,21842
E01019929,24852,19871,20646,16671,25057,29156,20204,27366,18876,18794
E01019930,23920,19556,21406,16701,27359,28372,10690,30738,17359,23435
E01019931,30728,30673,29221,26318,27949,25775,13084,32603,29745,29682
E01019932,11018,9486,7929,12842,12904,11499,16858,12703,12352,8589
E01019933,16852,13808,13586,13206,20616,18349,26844,11565,14920,13858
E01019934,24379,21686,18421,17011,22206,23339,23056,30570,24995,23893
E01019935,20940,25630,24854,25500,27975,29543,4568,3573,22849,28136
E01019936,17933,17818,15689,23018,21157,20509,13562,5886,20781,22554
E01019937,26680,23067,22717,25073,30993,25423,10956,25564,21937,24143
E01019938,16609,27038,27598,23380,30304,32036,427,1471,29268,25971
E01019939,26416,30897,28729,29743,30252,31612,2986,14201,30052,31715
E01019940,28138,31501,24415,30851,28249,32740,6741,18488,31263,32078
E01019942,20897,18841,14051,20776,24635,16532,20716,20516,23445,18840
E01019943,31092,26578,26088,24612,29803,31879,26324,29433,27818,23308
E01019944,25840,20768,24306,27093,25519,24924,29774,9083,23323,18664
E01019945,18474,23134,20874,20423,29863,28108,2416,5369,22974,25925
E01019946,27443,23607,18704,24011,24428,31898,22464,30351,15229,31315
E01019947,14414,14384,13827,17543,15761,17495,29075,2098,18954,14469
E01019948,21744,19984,11819,13416,23217,27962,32080,30154,23477,25517
E01019949,27951,21554,24366,21609,27760,31854,18799,28208,25247,22880
E01019950,15251,11198,8864,12141,12999,27231,31488,27015,12195,14057
E01019951,26253,30086,22979,26796,27648,23902,9502,14516,28973,31832
E01019952,26866,22222,21059,18422,25884,30795,22907,29054,22996,23655
E01019953,22208,18712,14639,18614,24030,23602,18523,31267,13437,26834
E01019954,16080,13251,11760,7420,22067,25884,17907,25801,10478,22076
E01019955,19984,15826,14825,17466,17595,29290,26824,16773,21190,17234
E01019956,25362,22454,25149,26239,22487,23263,30386,7624,23328,21227
E01019957,31405,31725,30866,30010,29736,19445,16827,28631,27988,32163
E01019958,28520,23503,20871,25900,26244,28954,27861,25712,23044,26802
E01019959,18715,24244,21633,21521,28841,32566,6349,1455,23302,28172
E01019960,22872,28601,29104,25122,30703,32392,5685,2608,27776,28691
E01019961,24250,28328,27602,28097,31329,24164,5765,6124,26789,29203
E01019962,23741,26202,25857,28077,31310,27024,10070,3621,26236,24823
E01019963,31036,26560,27472,29016,30491,32148,32154,15609,30137,21937
E01019964,27761,32714,32824,24165,32174,29491,5302,11634,29120,32054
E01019965,26285,22570,22187,25334,27518,22941,25225,13840,24538,22801
E01019966,24679,27338,27055,23521,27591,28144,9664,6805,23708,29597
E01019967,17209,27645,29627,23353,28357,29378,1665,596,25880,29148
E01019968,25905,22642,19358,21866,19836,26809,26335,27316,25879,22231
E01019969,21946,20729,20550,17096,21819,19956,25323,10894,22179,18486
E01019970,24798,22815,24004,20271,15656,27297,17288,24701,24531,19303
E01019971,17481,17859,20236,15297,20968,9994,11262,11522,11014,16495
E01019972,11970,13556,12747,10755,16977,10936,13139,4190,12480,15019
E01019973,20469,19452,17688,16596,20077,24622,15974,14752,23764,18538
E01019974,15364,14144,11802,14104,16897,17033,12067,19395,13378,18069
E01019975,7098,8299,7745,3379,10591,4307,22024,7048,9025,10208
E01019976,23585,19641,23859,19906,18277,21657,16056,24897,23147,17361
E01019977,19854,17858,17322,11591,22271,21410,23213,16494,15471,22881
E01019980,11206,9710,12528,8304,16456,18822,6895,9037,8499,8110
E01019981,12592,11956,11756,8967,16370,7532,16227,17535,9864,22196
E01019982,14042,12911,15250,13930,20207,15178,7022,9038,8615,19957
E01019983,27337,23903,23031,16550,24831,26696,26476,29071,22395,28696
E01019984,28741,28071,28660,17039,21694,27418,21061,28712,26034,27572
E01019985,8268,8948,6692,5045,6812,7424,20100,20949,11829,8088
E01019986,28098,28743,28053,28597,22928,13343,26109,15871,30603,24079
E01019987,18322,18866,25629,17690,12993,18698,22403,3579,19108,8231
E01019988,21162,19142,21622,18960,19508,13823,27265,11520,21048,16568
E01019989,23296,25471,24847,24229,19782,17562,30924,4413,24768,23480
E01019990,5079,5705,5430,4089,11900,8980,2321,7398,7040,7659
E01019991,8610,9121,10531,6185,11474,9167,6982,8043,8271,10552
E01019992,13634,14156,12784,10587,13920,9662,17155,14095,14970,15146
E01019993,27403,29934,28519,18982,24894,25813,7746,29212,30898,22087
E01019994,14504,17550,17001,29572,12843,3830,18940,3731,18455,10837
E01019995,2584,3787,2566,15435,906,2239,14227,2104,8310,2186
E01019996,15787,20956,21120,25653,9798,11400,14716,2417,26590,9720
E01019997,17908,24326,26173,26599,14864,11957,17933,1108,23017,13459
E01019998,28461,25049,22434,24778,25840,24498,20923,30892,24412,24468
E01019999,31524,30511,28811,31785,27724,29666,20952,21167,28313,27812
E01020000,9714,9940,7097,9213,8955,16389,14711,10601,14784,7703
E01020001,29099,30396,27756,30692,25689,27348,8461,24167,29430,31358
E01020002,12617,10747,9869,9255,15021,14985,12276,25252,10299,15275
E01020003,26201,19646,19531,25023,25915,25102,25953,25315,15295,27786
E01020004,30764,30549,25009,24846,26081,28794,30684,22518,29978,31993
E01020005,7125,7210,5264,5817,9163,8778,17179,9606,9114,10191
E01020006,14516,15898,16933,11792,17844,10133,12433,7081,14591,13198
E01020007,16676,25153,27597,26086,7783,8511,15341,2254,25469,4793
E01020008,20605,25402,25382,20327,24049,15805,20063,2164,18531,17547
E01020009,24545,26885,25300,31543,18355,15541,28685,5706,27618,19672
E01020010,6843,6294,7492,2250,10634,12722,18260,7609,3889,12596
E01020011,22833,25752,19865,16107,23818,17055,14377,19613,23842,30641
E01020012,10624,11670,8595,3878,10301,19708,21440,15305,16167,12756
E01020013,12446,13425,13696,8479,8368,21914,23033,5649,19315,7901
E01020014,4029,5743,4505,1740,5886,9327,15379,2559,5721,6548
E01020015,2395,2580,3075,206,5732,10517,16834,5474,2012,3295
E01020016,4908,6706,4816,12384,3112,4321,9773,3605,6229,4384
E01020017,12440,16447,18700,17180,20478,11823,7759,568,11349,11704
E01020018,6274,10632,8525,15271,7363,777,11168,1579,7723,8923
E01020019,23623,29649,32356,28924,25982,16506,14042,2051,12553,23368
E01020020,13437,22050,25623,29019,12298,929,14366,1779,16045,12439
E01020021,19473,27346,22072,29890,10891,11689,17875,4406,27205,19109
E01020022,8490,13903,14806,13866,4970,1622,13269,2923,12842,1814
E01020023,25110,25488,22049,31575,22423,22081,8042,21339,28776,23319
E01020024,30829,30998,28664,32224,25562,25243,22914,17364,32320,26025
E01020025,18646,21258,20406,30194,11602,19388,15543,4100,22881,18237
E01020026,28821,31125,27851,15162,25480,30288,22134,19986,32058,29327
E01020027,21106,20605,16505,18819,24694,17649,22517,12234,24374,24111
E01020029,18421,18572,19270,21262,20848,6084,29048,7236,28283,11600
E01020030,10570,12647,14210,18267,9045,6316,23765,1056,12056,6901
E01020031,19395,18270,21690,20442,17354,16417,25217,5355,20873,11070
E01020032,10495,13525,9359,16756,7496,6317,23602,4228,21224,11054
E01020033,18062,14450,12168,23150,15385,25404,17303,19289,10099,20210
E01020035,25536,27132,27906,25308,22452,25764,4265,26365,26190,23484
E01020036,12492,12795,12292,9265,13809,8062,13354,17416,13757,15150
E01020037,6555,5475,7547,4459,8413,9023,19903,5296,4390,6807
E01020038,28621,25029,24765,25914,25197,29347,20559,21524,20962,28888
E01020039,6177,5843,5740,3550,6540,17408,12151,9018,6215,4457
E01020040,14635,15635,14582,13534,13617,7464,15551,15121,17039,16466
E01020041,12421,12983,12991,5790,16245,13683,25159,6630,14785,12522
E01020042,30195,26734,28733,17494,28373,30124,26952,27176,24792,28822
E01020043,19877,16355,15253,20229,21624,25907,22996,10909,17739,18038
E01020044,21407,25876,30068,29789,31448,32305,4337,1538,25582,28196
E01020045,22345,24328,22354,26313,23545,28442,13516,4289,24638,26748
E01020046,15762,22160,28014,19131,29075,31726,1186,983,26257,19574
E01020047,20918,22195,23837,15340,27749,16520,7103,14567,23217,22372
E01020048,8161,10562,7993,12067,22034,1464,23243,1382,11245,18749
E01020049,13962,22612,29885,17391,29605,28568,227,835,20626,27202
E01020050,15788,19902,19769,14827,26619,24901,11479,757,25207,19907
E01020051,24225,24484,25436,12889,26601,18447,13475,24304,21330,26821
E01020052,10258,12633,7840,7251,13878,6707,21392,9272,20243,13712
E01020053,12136,9804,12356,3144,24039,14012,23954,16076,10402,14471
E01020054,25381,19820,21390,15414,25832,27356,24760,28741,19308,19698
E01020055,12099,11505,12026,4138,15117,22381,30282,7662,13221,10790
E01020056,18506,26714,24953,26298,28356,28314,2738,1407,29988,27791
E01020057,13091,11216,13544,5299,15619,27882,25289,7964,11583,10148
E01020058,26765,23402,25199,15640,24896,31711,20139,23615,24380,19962
E01020059,18771,24019,22818,22973,29735,23631,6168,1711,25486,25067
E01020060,15677,12214,12403,13406,21582,22662,30871,6448,17048,11921
E01020061,23478,18571,16418,15727,26410,29474,29220,22431,17535,20573
E01020062,31757,26736,30467,23098,31321,30819,24614,31788,23542,26549
E01020063,19354,14161,15057,18869,22283,30333,16958,15147,15514,14918
E01020064,20194,19011,19640,11029,22157,30093,22263,9611,23642,14095
E01020065,11598,11936,11687,4675,21238,10348,22153,7799,12890,15678
E01020066,24414,25328,28366,17120,31338,28469,2935,26698,21071,31458
E01020067,7267,6159,6139,2453,11393,11654,19830,17336,8080,4710
E01020068,15350,21648,24657,24348,26485,30540,1021,1063,25217,19648
E01020069,18724,26042,26712,24033,28418,31885,3496,1058,26643,24808
E01020070,12712,19424,21098,22636,26647,29688,437,650,20025,23544
E01020071,20553,18945,22100,21139,29590,25688,23983,2166,16545,22083
E01020072,14201,23442,24771,21040,26204,32245,183,1344,25622,24129
E01020073,9384,14917,11090,9561,22677,28927,733,1752,20653,18077
E01020074,20158,29301,30058,27418,29742,28762,2841,1266,30911,27189
E01020075,22454,25032,26452,24746,26224,31454,13861,2103,26843,24724
E01020076,14944,20251,20325,16831,25460,27885,2434,1778,27238,17258
E01020077,14503,25041,26524,21803,28029,32525,351,591,26948,27004
E01020078,9236,9234,7581,7350,12716,19261,28189,2393,14485,8872
E01020079,7631,6926,4707,3854,9718,15363,18062,21445,9537,7283
E01020080,23989,27801,29812,22539,29028,30780,3732,8938,26490,28810
E01020081,11299,11714,14149,7048,14428,20710,6218,7057,13571,11824
E01020082,15150,21441,21521,13002,24979,32666,5572,700,21269,23838
E01020083,17595,21235,19031,15279,29179,27698,4503,4907,19084,24588
E01020084,14862,14407,13574,9292,13250,28322,6756,27431,12062,18779
E01020085,22617,24745,24921,14689,20793,30062,3775,32701,26053,17385
E01020086,26430,23480,24978,21211,19732,24362,17170,29073,23348,26992
E01020087,12276,20076,23839,15323,21348,30239,760,521,27374,19301
E01020088,14227,19159,27440,19880,25831,24382,1145,862,18450,22733
E01020089,26090,22019,22749,20190,24688,27465,28159,15727,26384,16708
E01020090,29324,25981,26808,24581,25039,30409,18528,25034,29726,21287
E01020091,24908,25959,27994,13468,24758,28310,13831,14491,25463,25513
E01020092,27038,24478,21553,17330,20191,31846,26907,29818,30775,23857
E01020093,16096,14097,17112,16190,14783,17417,24678,5653,19193,10364
E01020094,1770,2726,1780,5037,889,3563,16178,3105,5554,3087
E01020095,7573,9562,8154,5335,6369,9985,21347,3842,15547,6600
E01020096,7092,10679,6255,8078,4962,2097,23368,10069,12516,13639
E01020097,12857,23083,24750,15336,27456,29875,436,478,24271,23419
E01020098,14120,18904,16754,20308,25542,30833,4213,652,19255,21302
E01020099,15963,18010,14278,13079,17109,23904,14327,6208,20862,23774
E01020100,11603,14500,17730,13339,18739,19917,1705,2691,17192,16812
E01020101,13638,11891,11226,12478,12894,24749,15987,10831,11814,17758
E01020102,24904,22391,26140,15742,19596,32091,10626,31377,18943,22717
E01020103,4102,3655,3839,1192,4827,9241,20225,19257,5962,3289
E01020104,6613,6981,11787,1526,6040,16877,3610,20462,6650,3538
E01020105,20336,17675,15956,11495,15348,29930,25240,28971,20121,20598
E01020106,22504,20070,18480,23505,15929,32318,10183,28745,25122,19620
E01020107,25281,19581,19633,18905,19428,30899,28496,30369,13887,26118
E01020108,18996,23450,25100,14735,25760,20477,4320,6974,22018,23891
E01020109,22848,28852,28748,25263,27986,22964,13978,1620,26878,26864
E01020110,23320,26100,29309,12895,22268,28661,4838,23283,24885,18872
E01020111,3837,5409,4724,2533,4026,1831,17610,8419,10694,3539
E01020112,1576,2348,2092,5952,1646,2874,17989,352,1970,3801
E01020113,3919,5986,4213,7652,5014,1221,22256,1549,6136,10587
E01020114,8673,10785,8288,8796,9314,6311,17483,4763,13325,14172
E01020115,15246,21921,18614,12182,15830,26067,4864,4288,29867,18477
E01020116,10737,11015,9107,10373,11608,13966,27208,3790,15792,10007
E01020117,14472,18980,15465,11474,17155,21151,3808,9298,25670,18079
E01020118,9524,8818,8607,6022,9894,21634,10409,12637,10669,9477
E01020119,17073,21129,20705,20592,20549,28090,2363,5877,21273,24789
E01020120,25851,27851,25471,25577,20515,22220,10681,18755,29847,25323
E01020121,19541,21341,23069,18902,19929,21127,11621,5266,24266,20422
E01020122,15120,21660,25343,18175,23911,23133,750,3065,19319,22580
E01020123,13238,11757,11074,6712,10626,20170,26287,21311,9467,17733
E01020124,19873,21027,18865,19570,15637,15161,17299,13594,26469,21221
E01020125,28657,25432,22810,23056,22787,30511,23786,29263,24505,25854
E01020126,12584,18589,19861,10403,21539,14825,5807,985,22240,17574
E01020127,13678,25511,27358,23113,24973,27308,268,386,29946,26600
E01020128,26446,27728,20723,28153,18490,12122,29979,25614,30913,27428
E01020129,11746,9797,9889,10544,6657,16725,22571,21605,9774,10719
E01020130,11685,13541,11312,18222,5698,16372,27475,3053,18403,6815
E01020131,10310,19435,19590,13721,22247,25880,246,371,22589,20189
E01020132,19715,19315,20530,15286,17262,22470,15705,11545,21673,16979
E01020133,25753,27437,27622,26800,22666,29407,4024,23875,26105,30417
E01020134,10366,9270,10301,5247,8010,26432,14242,14793,8989,9919
E01020135,11666,11103,10031,7020,6948,23534,23596,16535,15523,10020
E01020136,18687,15631,16734,13108,15273,31620,22650,14128,12183,17885
E01020137,14491,13720,16130,8402,14166,23273,26051,5200,11076,15836
E01020138,11495,16430,17479,12345,20713,30210,2413,636,20540,17952
E01020139,6586,8337,7015,4267,4396,8624,21359,6288,8896,7308
E01020140,13052,18932,14247,13924,9145,3179,14256,15966,16957,22154
E01020141,5736,4653,6769,2804,6496,6841,9791,25373,4925,5043
E01020142,17320,20483,26695,23146,28212,32214,1965,1886,22036,20009
E01020143,15727,19516,23156,26502,26740,25961,2729,873,20222,22854
E01020144,31364,28436,28412,25996,22810,29012,29193,31260,28992,27698
E01020145,17747,22915,21054,15918,18396,22218,4547,8070,20252,22630
E01020146,25769,24233,24386,21300,14843,20504,29555,23253,27249,18291
E01020147,16271,22763,23435,27699,24515,30307,1874,1038,24025,26404
E01020148,15666,20627,17563,25420,21234,25225,5764,1221,21920,22379
E01020149,13704,16189,18842,15152,15175,27762,2517,4656,17388,17119
E01020150,19890,17687,18515,24380,20957,28671,13240,7026,21546,22103
E01020151,28659,25502,29585,26413,27385,19275,17315,21181,19085,29406
E01020152,16539,16549,17969,16017,23312,20154,31604,1280,18890,15929
E01020153,16146,20459,16554,22409,22702,23428,7059,1978,16931,24630
E01020154,19603,16832,21148,11459,17985,28881,13042,18991,15813,10378
E01020155,8003,6349,5126,7518,6567,28306,20679,10422,6802,7905
E01020156,22986,22154,20748,28271,30040,28369,10447,6878,25037,21754
E01020157,14099,21154,20885,28875,29052,25960,716,748,26248,22008
E01020158,24269,19177,20210,28079,25527,25033,31035,8484,17518,23583
E01020159,18528,25811,27390,30543,22004,26048,2888,1501,30917,22526
E01020160,18626,21289,21439,26609,24707,18743,4785,4767,22747,21299
E01020161,18112,14093,14487,19234,17317,16632,27140,14790,15905,15029
E01020162,28509,26903,24814,21468,25453,32177,16097,25934,26672,25595
E01020163,29212,25329,24096,25984,27435,30564,15541,31623,23637,30946
E01020164,21741,16163,16434,24736,17349,27915,28762,16063,19934,13028
E01020165,31382,25668,30972,23737,25834,32067,29822,27671,23058,26593
E01020166,30740,29052,28891,26073,23279,29379,22193,26433,28193,29413
E01020167,32540,31051,29487,28827,26543,32008,28921,32645,31333,30976
E01020168,18019,16335,13752,13541,24247,20794,12897,19314,13507,24417
E01020169,20842,18501,19339,22937,22348,20715,21387,7415,20492,15802
E01020170,24621,20935,17544,23312,24062,27391,25903,17676,22900,20550
E01020171,25695,26262,24165,30293,28856,31461,8333,9889,29289,26950
E01020172,19337,19105,22231,24041,23400,21685,10952,3828,19977,20449
E01020173,27195,21089,24989,23019,23415,28030,31001,16748,26237,20232
E01020174,14731,21901,18854,25102,29254,31984,382,2327,23956,25814
E01020175,18887,21220,23091,24892,27158,29053,5263,2394,24739,22493
E01020176,22232,16917,19472,28850,21201,19850,32531,8624,21742,20207
E01020177,14326,9551,10628,15354,11779,17327,29071,20987,10144,13386
E01020178,19037,21436,25594,22614,25797,32257,4382,2640,17886,26751
E01020179,18970,21938,25923,28071,27970,30353,1599,4058,18370,25101
E01020180,11567,8110,6807,17776,12638,11910,28171,15220,11227,13600
E01020181,18184,14223,10791,20508,14874,21976,27636,25629,17728,13943
E01020182,14627,11196,12808,17712,20898,24516,6562,11959,12120,14181
E01020183,12868,11991,8906,24078,13894,12137,30522,3982,14079,18985
E01020184,11940,9323,7444,28721,14217,11613,26872,5214,17491,9626
E01020185,30042,26281,22066,30062,23605,32651,30728,24158,27067,30381
E01020186,28766,32264,28272,31654,29225,30203,7463,14158,31076,32633
E01020187,18520,15377,13971,20241,19409,25212,17082,13157,15993,18097
E01020188,17002,22913,25359,27400,28729,31477,666,2478,20107,30426
E01020189,11232,10832,8563,12991,12840,22305,6870,11264,16410,10641
E01020190,25691,18319,20770,28613,24089,32212,30379,13108,16659,22088
E01020191,13637,17503,18281,16618,10687,17128,6192,4032,10485,23993
E01020192,24996,22066,22586,25770,24814,31848,9557,18594,24393,21055
E01020193,20702,22653,21016,27647,21942,32405,21665,1456,25142,25622
E01020194,30755,27290,27456,27895,29222,28172,19725,26811,24705,28030
E01020195,16703,17966,19290,12966,21858,28546,5201,7293,19134,18637
E01020196,12758,9210,13852,15722,12893,10321,29521,6132,10163,9849
E01020197,24226,21339,25160,24611,21463,22480,12099,17064,23138,21708
E01020198,10407,8001,9208,12372,14357,15922,26314,3079,9307,8725
E01020199,13010,10583,15112,11343,16393,13436,19890,5614,9423,16452
E01020200,25452,22191,22569,30358,25229,32030,9945,16054,20390,24480
E01020201,25242,22989,18674,28552,22590,31742,10812,25848,22625,26277
E01020202,19532,16064,14775,20787,15919,30602,18072,16859,18826,17994
E01020203,31235,28968,24617,30113,26053,31055,23739,30443,32024,27913
E01020204,17369,14769,14543,9347,17440,24242,28199,16523,16696,12669
E01020205,20019,30399,27965,30290,24636,22985,2461,2361,30618,29626
E01020206,21947,16782,18559,20560,22176,28728,32533,9330,13848,17775
E01020207,16959,16012,19527,20299,22329,19819,3085,12967,17790,12631
E01020208,13183,8906,12831,6833,13093,23088,21804,21287,11781,6433
E01020209,18799,16858,20701,11784,20193,18725,14718,14985,16175,15597
E01020210,30056,30729,29704,22743,26799,24593,13619,30186,31652,29184
E01020211,5751,4119,5001,3445,6956,15587,23614,8797,5119,3864
E01020212,7029,6203,4975,4247,5787,15968,28995,13209,4891,9057
E01020213,14216,12016,11607,8728,15899,25545,14901,17838,9725,14603
E01020214,19931,20446,15443,13070,25332,22921,14404,17045,17782,21766
E01020215,28443,30563,27002,26982,25064,30389,5609,32510,31907,28490
E01020216,6361,6613,5368,5741,7214,5115,13486,13480,6496,6361
E01020217,11419,11925,11899,12323,11713,14365,29158,1924,13390,9545
E01020218,7428,8521,9654,7511,7391,4469,24049,2708,11857,3934
E01020219,20765,19834,18522,22140,20585,14707,11716,20777,19342,22362
E01020220,15020,12299,14617,13047,13638,27864,14405,10434,14080,11990
E01020221,16804,20108,17896,17988,19105,28449,5854,4708,19417,21203
E01020222,30178,29834,27370,27377,23784,31076,21542,18998,30904,24144
E01020223,16599,17670,15835,21386,18886,23553,8011,5486,20251,18358
E01020224,15575,14217,18617,15101,15728,23366,29340,1935,14537,12152
E01020225,9242,11012,9603,10431,11784,4563,24101,3036,18067,6408
E01020226,17362,17065,20788,28672,17615,3755,8476,19371,23840,15669
E01020227,18280,16247,14826,17067,14779,17812,25466,16180,18175,16940
E01020228,7764,6621,5471,17839,11042,10987,16539,2639,8770,7175
E01020229,7143,13466,5651,17539,11872,9444,2290,1432,19059,20292
E01020230,18998,19017,12655,20407,20642,13990,24290,14366,20646,19111
E01020231,19483,21404,15757,18029,17419,13378,17430,17963,26128,21536
E01020232,15316,14543,14435,13572,20406,25045,5040,13824,14043,18020
E01020233,22179,24661,20125,24182,27705,18370,5954,15956,21379,28890
E01020234,12815,13341,11365,6890,17341,28179,12963,7608,14247,14612
E01020235,13402,13822,11233,21761,18567,17702,10080,3637,17997,13865
E01020236,27959,28207,29621,24404,23923,31538,8239,21727,29933,25155
E01020237,16990,22444,22832,30067,25119,25093,2065,1841,21731,26491
E01020238,24991,18160,16773,26100,22934,32450,24890,25457,26740,14657
E01020239,28083,23788,26621,26524,24846,32431,18778,16145,21480,25547
E01020240,23696,18025,20306,21501,20254,29705,25010,17114,18093,15473
E01020241,18682,24462,20704,25780,25194,18713,10740,1547,22795,28496
E01020242,32589,31637,32238,29884,27424,30341,28274,26067,31851,31432
E01020243,19267,20733,23707,24021,25436,30480,2505,6767,21746,22247
E01020244,17249,14229,12576,18922,13573,26967,30890,10262,18385,12037
E01020245,20899,26631,25399,29251,25686,21364,6706,2605,24820,26076
E01020246,18053,19909,27376,27670,27850,13971,3975,2844,14090,23651
E01020247,12326,9400,8950,14392,15758,8527,30653,12476,11975,9339
E01020248,25084,21215,21752,25665,21441,22420,18450,21371,25459,18303
E01020249,22834,20334,22285,18468,16586,14281,27832,22517,19538,20748
E01020250,24180,22689,21293,14596,21144,29456,25175,17410,28011,19322
E01020251,23571,26806,24622,25375,23438,25758,3877,17521,29939,24891
E01020252,11597,10187,9085,11601,12065,16236,10580,17692,11930,9744
E01020253,30673,25371,28946,20890,25471,31666,29178,30191,24148,18640
E01020254,11943,9732,10661,6312,12027,25072,29631,9718,12646,7675
E01020255,18699,15638,14553,14565,15846,22926,32022,15781,15036,16893
E01020256,14981,17635,18820,15330,21530,7740,5573,8520,18830,16678
E01020257,29423,27179,27401,24532,21069,25922,23545,26649,28090,22836
E01020258,21240,20538,23173,20141,27629,26425,28652,2066,17778,22359
E01020259,14612,24359,29991,26923,29399,29630,168,434,19744,27983
E01020260,26122,20878,21621,24336,20554,27808,29558,19176,15819,26876
E01020261,24140,23459,27331,28012,25097,24071,4718,16445,23721,23342
E01020262,12014,18139,18905,22638,17680,24966,498,1626,12562,24860
E01020263,19627,20092,21481,16270,15549,32261,25749,3877,26002,19254
E01020264,8960,9221,6330,14003,11476,22388,17095,1791,10063,9519
E01020265,26641,19517,19309,25128,22835,29865,27670,29327,16434,25124
E01020266,26440,24924,20806,26649,26355,23832,21384,15214,27368,24730
E01020267,21507,21058,15763,30353,20573,19114,10590,19588,24619,21527
E01020268,22138,18024,15189,26294,17530,29437,14108,30544,15213,26196
E01020269,5053,6043,3947,11200,6762,3963,22016,1494,6499,6223
E01020270,23773,20740,16198,17737,26577,28746,15818,31663,23336,21135
E01020271,11348,9997,9799,15917,11477,17621,19974,4053,13660,7123
E01020272,6797,4496,6025,7278,9247,9347,22829,7110,2311,8974
E01020273,21964,20340,22196,25765,28888,30006,15529,3591,23178,22747
E01020274,18155,29211,28582,30052,28700,21352,1418,1235,30681,29937
E01020275,12524,15005,10247,9394,15312,27294,18139,3267,15164,19042
E01020276,16508,19339,9922,11447,10298,25611,23529,24600,26758,20880
E01020277,4894,4157,3081,2151,5678,21099,19346,15688,4749,8043
E01020278,14289,22259,17923,11622,16910,28286,1595,6357,24806,19485
E01020279,12082,10774,11447,5163,15680,18594,19891,13044,8095,16813
E01020280,3424,4997,3021,6084,5111,6523,21529,363,6100,8317
E01020281,25529,26123,20893,18656,25466,26406,10843,30118,29426,26116
E01020282,7169,8383,6448,6443,7545,7133,13994,7597,15286,8347
E01020283,15254,14589,12953,9076,14328,25999,18357,13846,15211,15849
E01020284,11723,11477,9714,11135,9613,16896,29770,6147,14953,11308
E01020285,8750,7286,9234,3083,13186,21615,20155,6825,7804,7799
E01020286,8426,14441,12461,14708,16955,31373,250,508,16405,17001
E01020287,11601,21524,17741,13261,19541,25885,1002,911,23011,28112
E01020288,12394,18916,18703,12687,23581,27700,2750,550,20969,18515
E01020289,10563,20533,15735,13399,22377,30705,494,483,22384,22919
E01020290,11183,18090,18887,13942,21998,31316,114,1734,22483,17876
E01020291,11761,18098,18108,16117,22614,30131,1363,488,20043,20066
E01020292,11696,11646,16888,11113,22205,30873,8843,518,12233,16915
E01020293,10889,16191,14303,13250,18180,12004,4263,1323,15763,19389
E01020294,7334,6857,7358,5513,9263,10426,26767,3465,5568,11128
E01020295,16739,24030,24503,17033,21113,30179,1247,4668,22593,25338
E01020296,15567,22886,22236,19430,23268,30732,2618,1073,24343,25153
E01020297,5503,3714,3553,5964,5685,22246,29990,5538,8280,3970
E01020298,22749,20099,21422,14410,14504,24636,26975,25586,20388,22184
E01020299,16061,14552,10789,14237,13852,30563,15654,18873,18293,15659
E01020300,21958,22635,14866,19786,20022,28038,11918,26771,26043,26452
E01020301,14750,20246,21285,12555,24650,31114,4531,1024,23846,20551
E01020302,11777,17492,18171,13306,18072,32693,1220,1381,16509,23204
E01020303,15322,19323,22542,16058,24859,32427,3670,1143,18504,21698
E01020304,17631,14915,18440,15310,17480,17206,21414,9676,17412,12709
E01020305,10627,9712,10109,11841,12981,10941,31318,2779,8013,14741
E01020306,26257,26026,22031,14071,21974,28545,20640,31578,29438,22161
E01020307,10870,8686,8957,6971,12791,19052,20553,12155,8329,13575
E01020308,13932,20973,24131,16856,24909,31746,729,1251,21931,22058
E01020309,11811,18923,19429,14368,23644,27633,923,736,18008,21352
E01020310,10291,12778,4929,13148,13489,24137,6845,10562,19006,18458
E01020311,12700,20312,16760,15946,18929,30332,1372,1654,21969,24820
E01020312,18445,21270,20153,27160,19896,18511,5589,5999,23172,23446
E01020313,9924,7758,7219,12666,9391,24817,30805,3924,9540,10634
E01020314,12068,20348,20627,16592,23917,32002,225,1060,24120,20298
E01020315,19123,17212,19945,28691,15202,29608,9076,7643,20160,16869
E01020316,27591,30291,30187,31992,27808,29330,8945,7977,28985,31276
E01020317,22844,26882,20265,25174,20587,28989,19085,4659,27519,27467
E01020318,22443,19363,21900,25703,27434,27880,28465,3171,21129,24975
E01020319,13994,21872,22557,27676,25749,27117,844,500,17647,24916
E01020320,11337,19713,16445,23477,20384,28683,542,466,22612,21161
E01020321,12704,13844,12931,15242,19492,25913,12735,1124,19244,13283
E01020322,11665,17493,18916,18199,23713,29658,312,1180,19175,19084
E01020323,9057,15764,14865,9621,12506,11850,1092,2651,12289,21900
E01020324,15521,23340,24117,25643,22743,30567,862,1457,20033,24228
E01020325,14982,22058,25709,21765,23765,27809,1990,524,20892,24429
E01020326,17562,16645,16080,13986,24603,28796,27210,3028,15849,19795
E01020327,21198,17006,16128,15819,21213,23720,20632,28113,17051,22910
E01020328,13012,11215,9768,13164,16067,15981,20074,9806,12603,16395
E01020329,16890,15740,19998,19055,16118,17841,8919,8773,19860,13540
E01020330,12824,10750,10513,13152,19376,11920,24787,6455,14451,12628
E01020331,14479,19785,22516,21052,20818,22278,3149,894,18824,21329
E01020332,14910,14356,12883,20747,16647,14380,28982,3179,16335,15480
E01020333,25264,22777,22920,25341,24569,17111,15519,22176,18720,28595
E01020334,12797,12300,10624,12152,9604,12639,23128,14153,13884,14199
E01020335,19224,19331,11265,22269,13450,18244,27681,22447,24800,21718
E01020336,32064,31939,28150,31104,23769,32055,25739,26990,28494,32291
E01020337,11891,11384,6042,14437,12545,26513,13667,14678,17659,14529
E01020338,18484,15107,17477,15333,18712,28344,9036,20729,19983,12783
E01020339,13942,20229,22825,21246,26142,32456,909,770,22369,19154
E01020340,14842,18850,16896,17176,17902,28087,12886,882,17586,21375
E01020341,22966,28338,23490,31316,21937,26181,5901,7114,30206,27866
E01020342,14904,13490,11777,9853,11947,25778,29448,12598,14960,14497
E01032628,21216,27820,27422,27807,30730,25641,3083,3294,28430,28865
E01032657,14962,17823,24359,11831,12711,7748,15911,4807,2360,17842
E01032658,2255,2539,3431,7433,1154,2675,9297,3557,169,2113
E01033232,23467,23860,24516,12640,19516,30475,10967,25215,22994,18330
E01033233,27634,32324,32638,30411,30069,28117,1633,27327,21237,31347
E01033234,27796,25154,25658,25271,26102,29818,9798,28378,21173,26859
E01033235,28658,23563,27079,27963,23915,31806,30263,12278,24391,23530
E01033236,28005,25493,26932,29892,24611,32321,16869,12230,28894,26222
E07000040,21840,21533,20479,19663,24964,24861,17520,15924,21686,23464
E07000041,17825,18748,18910,18074,17127,16635,16382,13068,17257,18272
E07000042,17548,19218,19786,15925,24319,24815,13928,9395,20027,20668
E07000043,15630,17403,17438,14013,16469,21478,13401,12270,18454,18525
E07000044,20207,19795,20155,23399,22577,25585,15583,11582,20757,21737
E07000045,18464,18022,17586,19405,19282,21851,16824,12846,18519,19258
E07000046,12901,15677,14258,11994,16790,24227,12013,8019,16575,18618
E07000047,16613,18329,17589,19867,19690,24173,13481,7977,19034,20764
E10000008,18100,18829,18516,18043,20310,22609,15360,12098,19137,20444
E06000026,13244,14540,13254,14417,8950,14164,17416,13401,13756,16748
E06000027,11576,10858,9059,13051,9710,13245,21804,13424,11498,13676
IMDQ1,3462,4328,3594,6538,3440,5417,16049,7747,4364,6243
IMDQ2,10226,11767,11108,11526,12004,14905,17162,7820,12880,13505
IMDQ3,16528,18189,18566,17889,18762,22376,13682,9928,18552,19381
IMDQ4,23154,22602,21883,21789,21835,25162,17779,17266,23108,23312
IMDQ5,28702,27558,26472,25448,24759,27887,20315,24321,26997,27687
E02003122,23338,25685,20332,21967,13863,29703,13391,27138,24206,27203
E02003123,9568,10302,8724,7601,7519,18646,10077,20039,9946,14309
E02003124,9794,8916,8770,9571,6514,14473,11273,20073,8934,11444
E02003125,7431,9041,6146,9037,4753,7684,15324,20991,7874,13338
E02003126,13645,15208,14604,10381,9378,14986,11280,23829,15008,15666
E02003127,6303,7905,6476,5776,4409,5817,17691,16303,7158,10613
E02003128,7935,8970,7529,9276,4687,9220,13699,18010,11140,8288
E02003129,18053,18301,17709,18252,11854,20567,12274,18389,19309,19193
E02003130,7124,8131,6812,7333,5305,7361,19906,11497,5355,14829
E02003131,11671,13786,11459,7224,7607,16157,13834,17374,15196,13967
E02003132,15693,16212,13943,15880,10623,17688,23219,13695,15972,17751
E02003133,18082,19031,17115,14495,13430,16486,19303,17918,15877,22836
E02003134,5422,5418,5342,4998,5404,10303,16126,8980,4366,9779
E02003135,7101,7885,11519,5588,5201,12440,19109,8749,3527,8202
E02003136,23013,23542,18762,21455,13803,22983,25166,21331,26435,24725
E02003137,26244,26345,24365,29907,16525,17796,24363,18975,28936,23909
E02003138,23426,23438,22554,28149,17065,18626,31367,7793,24788,20136
E02003139,24105,26457,23921,20145,17105,29306,10182,21982,22997,27634
E02003140,23720,25060,22320,20950,14503,26086,23133,15802,25529,24338
E02003141,7208,8654,6923,15889,4892,7292,24840,2715,8246,11581
E02003142,6663,7449,6599,8884,5212,8011,17954,7933,6113,9481
E02003143,19019,19399,18829,15320,13288,24622,12359,20962,19894,18998
E02003144,12781,19596,20417,19280,7872,6477,12328,2539,16930,10721
E02003145,11292,13105,12785,21538,7627,11286,22469,3474,11820,14815
E02003146,11929,15146,15344,19015,9426,6846,22813,3045,12017,13975
E02003147,1092,1439,1295,3944,1318,3419,11246,5338,1883,4611
E02003148,6260,9701,13176,8711,4114,3434,10210,3533,2041,6456
E02003149,5893,9285,10227,10696,4588,3723,12407,1118,7790,7302
E02003150,3668,5554,4067,12623,2550,1998,15297,3798,6396,6047
E02003151,25475,24002,21243,24909,14866,27271,24941,25102,24443,25230
E02003152,20190,19668,17268,19948,12957,24938,21995,16186,20550,21592
E02003153,23825,24319,22596,18734,16652,25568,17113,22431,25025,24925
E02003154,7191,6459,5871,5798,6514,8419,20012,15867,3621,12276
E02003155,10283,11073,9051,15011,7975,11001,21824,8241,14660,11093
E02003156,18084,14445,15763,16820,13536,21946,20503,25741,15628,13531
E02003157,4868,4952,3970,7773,5857,5772,21689,4830,5781,7288
E02003158,10427,8126,8884,10663,9935,13419,28783,9297,8952,9534
E02003159,7093,6878,6389,9785,7115,8806,25235,4531,8019,7373
E02003161,1083,2458,920,6902,2150,353,17305,709,4745,5248
E02003163,11264,12859,7350,21723,8097,9569,17758,11086,14566,18032
E02003164,17883,16962,13301,17497,14755,20566,20944,19683,21714,17116
E02003165,13519,13181,11478,12521,12269,12913,23763,12125,12740,15346
E02003166,7331,6897,5968,5947,8177,10017,15713,16780,6027,11527
E02003167,3683,4934,2989,7547,3822,5640,19364,2738,6662,6711
E02003168,16514,14916,13710,16034,13368,17266,20577,20325,16298,14828
E02003169,23549,21113,17702,22413,16506,25245,25492,26183,20130,23849
E02003170,12596,11457,9794,13234,9251,17135,24464,13177,12294,13671
E02003171,11809,9954,8382,12136,10246,19625,22786,15547,11446,12730
E02004129,16007,23932,25456,20550,27901,29127,1038,2341,24551,24049
E02004130,16301,13888,12241,12922,17201,17037,22566,18569,15929,15244
E02004131,23897,20982,21235,16307,24973,26351,15472,29045,18670,23775
E02004132,23125,26769,25993,25244,30087,29205,9467,6476,27359,26575
E02004133,18703,18030,17249,16546,22805,21888,14605,11507,17252,22158
E02004134,19513,23747,23738,20514,27452,29975,3828,5520,23641,24544
E02004135,22897,23931,22891,24802,27699,26989,10004,9545,22374,26809
E02004136,26348,25511,22990,26426,27595,27232,17514,18525,26768,25815
E02004137,23358,25806,25037,25582,29561,25926,10012,9619,24743,27026
E02004138,21118,18093,15455,17957,20715,26705,26708,22113,18952,22095
E02004139,21314,17522,15438,15401,22422,27500,21580,25687,16683,22706
E02004140,28512,25961,25110,27398,26255,23958,24911,21059,24195,27568
E02004141,24781,24048,23295,24400,30430,28274,13538,15234,25050,24206
E02004142,25882,28037,28559,23910,30236,27242,10193,11645,26348,27470
E02004143,26234,23533,21488,17075,24217,27970,28513,29060,25566,21469
E02004144,26201,22253,21655,17619,26952,29144,24732,25594,21758,24887
E02004145,26695,23726,22954,22183,25642,25598,21852,21848,21513,27155
E02004146,17151,15312,14275,9455,20295,20528,24163,19958,17760,14842
E02004147,12472,14262,13449,13612,18511,7053,29513,2750,17188,13979
E02004148,18397,16709,13006,16145,19120,20181,21217,18181,16536,20709
E02004149,28423,30834,30644,29829,28630,27708,7625,26655,25346,29480
E02004150,13038,15581,16776,12797,12579,13176,9412,10749,14278,11320
E02004151,17751,16115,14234,14899,17793,17222,20587,19060,14879,20687
E02004152,16542,23386,24257,25554,13929,8468,15390,2429,18949,15517
E02004153,17629,16387,16858,12130,18082,19033,15760,18732,14381,20701
E02004154,19665,21876,23292,20169,18515,15148,21719,4692,20420,15630
E02004155,13263,13343,13373,11500,12754,11514,17145,12380,13720,13110
E02004156,8270,11283,11025,17427,9617,5051,11717,2189,10460,6996
E02004157,23028,24857,22720,30182,18082,19980,14527,12613,28175,20854
E02004158,13348,14399,14806,16448,13101,8024,24783,4802,17697,10107
E02004159,25879,25608,24557,20445,23863,27185,14919,22275,24571,26116
E02004160,18375,16625,16181,14182,18824,18476,16790,18534,16521,19412
E02004161,8763,8821,9234,5709,9784,13270,19770,6495,8222,10236
E02004162,20363,19473,19172,17057,19121,18773,18519,15784,19112,19146
E02004163,20786,19263,17432,19565,18789,24902,20065,16078,18215,22971
E02004164,15103,22232,25527,18064,28153,29123,4046,787,25075,22991
E02004165,23366,24682,26821,16559,28989,23435,6463,20177,22307,26799
E02004166,20524,22322,23387,23401,25890,30143,11404,6766,23893,21800
E02004167,10188,10098,9265,4398,17279,10540,21692,12449,12297,12427
E02004168,8961,9710,8431,8122,15587,12684,19616,7202,12095,11980
E02004169,22834,23418,23583,20726,26738,27974,16043,10986,24429,23485
E02004170,19655,16711,18260,10387,20629,27345,25079,17523,17069,15465
E02004171,20002,21816,22780,24119,27524,27856,13830,4163,22072,24045
E02004172,13326,19929,19427,15330,24839,30224,1976,1452,24336,20604
E02004173,16106,21860,22302,20896,27806,29679,2519,2204,22049,23140
E02004174,20029,17313,17071,12758,22858,23594,27946,15377,17979,18545
E02004175,6705,9263,7442,7010,7044,8365,14940,4341,12654,9801
E02004176,13508,15912,15876,12183,17650,20655,9761,5168,17763,19070
E02004177,9698,11231,9256,8966,10955,14377,16326,6647,13869,12636
E02004178,23287,25658,26588,20604,26108,24288,11354,11342,25660,23739
E02004179,23655,22955,24781,15947,21707,27049,18284,18460,25084,19230
E02004180,17802,23981,26791,22745,23844,24614,3942,6482,25724,24819
E02004181,16244,16746,16824,13575,13712,21757,13768,14104,17130,17110
E02004182,6485,8041,6997,6148,5425,6026,15253,12142,9813,9422
E02004183,16485,16696,13666,13802,12897,16085,22787,18052,16803,19874
E02004184,14441,14189,14292,12551,10441,17763,18659,20265,14156,14790
E02004185,21339,19568,18661,18276,17956,30202,17396,23430,19485,23171
E02004186,19609,21185,22682,16639,19683,25134,7992,18382,21384,21665
E02004187,13404,17235,18102,11965,18249,27073,12732,6518,17928,18251
E02004188,12596,18353,19149,15870,22495,30424,2502,606,22055,19538
E02004189,21938,23190,23266,19369,18162,24751,15264,16218,23899,21054
E02004190,16614,18455,18660,25441,22712,21720,11974,6484,21281,19967
E02004191,13830,10884,9270,21650,15162,16333,24236,12867,14300,13884
E02004192,20732,21715,20419,25584,26686,28101,11876,8116,22015,24091
E02004193,26672,23170,23618,23823,22899,27734,23999,24238,23496,22756
E02004194,17464,19370,23307,24675,25691,29023,5344,2944,21295,21624
E02004195,19147,17188,19208,16029,19793,23884,20393,13476,14342,19611
E02004196,21341,21270,22835,28643,24109,28728,17174,6369,21740,23773
E02004197,25266,24547,21417,27728,25200,29675,15233,14711,23862,27472
E02004198,16898,15382,14330,16748,19972,21241,14054,12499,17124,17650
E02004199,17765,21489,22719,24141,27267,31022,3569,2463,22033,24908
E02004200,21497,20711,24305,25204,25061,26679,13412,7682,20983,22129
E02004201,17335,22028,23348,22986,21564,27382,8339,3328,23539,23470
E02004202,22484,23147,22432,25193,22643,25103,19647,11012,23565,22272
E02004203,19770,23764,25549,25474,27537,27083,13014,2188,22502,25615
E02004204,21603,20699,19290,21601,20529,28302,17170,12888,21316,21116
E02004205,14960,16910,11922,17379,17490,15410,11948,11515,19219,19881
E02004206,14092,14667,11844,18071,18722,18474,11317,7455,15764,16728
E02004207,20071,19982,20102,21009,20449,27669,14408,13817,20696,21214
E02004208,24222,20948,17647,25144,22965,26227,18203,25153,22095,23959
E02004209,21204,18562,18948,15356,18112,25411,25018,19641,20187,15995
E02004210,7823,7208,6461,11793,9560,12620,20693,3700,7229,7791
E02004211,24866,23396,23130,27221,23288,28259,11593,19332,23337,25420
E02004212,20514,18949,19962,16539,20128,19380,14940,21337,18206,19415
E02004213,19524,19926,21266,20248,21428,18279,9088,13622,18876,20295
E02004214,9881,9587,11103,9466,10293,14149,26511,3868,11058,7120
E02004215,12525,12406,11758,14776,12496,7996,17903,13114,14730,12803
E02004216,17667,17557,14567,13342,18549,23902,15582,20126,14761,19847
E02004217,15159,13246,16213,15022,17326,18081,18556,7529,13539,15436
E02004218,19505,17376,19516,21173,19976,14859,21210,15375,17535,17531
E02004219,24506,21773,21712,26534,23617,32266,18341,14773,24504,21820
E02004220,12784,13114,8645,10463,11273,26592,21662,13593,16622,15166
E02004221,18083,18241,13274,15545,15769,25461,15374,20589,21695,22037
E02004222,11841,12987,9513,10376,12578,13322,15858,12307,16217,14892
E02004223,10893,11255,10502,6699,12494,21535,18708,10384,11296,13443
E02004224,14158,19542,20583,15081,22513,29826,3731,1789,20325,21743
E02004225,16218,14539,14909,11978,16245,18999,22896,13824,15495,15308
E02004226,13365,20514,20215,15600,21904,30178,1664,1272,21393,24154
E02004227,10671,15406,15431,12411,18157,21853,7078,1511,14655,18872
E02004228,11416,18370,17323,13605,21631,31137,1515,955,21234,19639
E02004229,13378,16718,15942,17404,22061,28187,10641,1483,18838,18235
E02004230,15778,13466,13583,15049,18140,17266,19012,13230,15115,16260
E02004231,14704,19313,20349,20980,22883,24794,7383,1740,18161,22837
E02004232,14093,20254,21373,19110,21582,27605,4637,840,20361,21763
E02004233,18993,17737,15571,19732,17114,20982,19917,17588,19302,20585
E02004234,19020,22980,19641,23005,19297,27852,13702,6489,22477,24362
E02004235,19336,19870,19883,25648,18703,25719,13098,6495,20522,21791
E02006840,15742,14718,12866,18217,12838,13182,27508,12837,15052,17313
TOWN01,15159,13246,16213,15022,17326,18081,18556,7529,13539,15436
TOWN02,19683,21363,20706,20478,25136,23520,10923,8448,20330,24736
TOWN03,16046,17039,16910,14525,14592,19977,14568,16801,17389,18996
TOWN04,13286,14731,12458,11263,14838,23362,15038,11191,15812,17909
TOWN05,24354,24046,25491,18208,22884,27054,17830,17465,25850,20472
TOWN06,16721,19653,19547,16334,25153,27632,11574,6759,21253,20765
TOWN07,20883,20729,21593,18141,24343,28850,17643,11942,21708,20381
TOWN08,18378,19322,20664,20409,23075,26150,12587,8193,17585,22711
TOWN09,14783,15634,11953,17841,17678,17907,13467,9547,17748,17637
TOWN10,18234,19422,19473,18734,18160,18087,15558,12380,18163,19430
TOWN11,21682,20346,19163,17228,23626,22619,23183,17938,20893,21835
TOWN12,15041,17322,17986,13572,19432,24099,13209,7988,17561,19852
TOWN13,10995,16695,16242,12930,19667,25889,4659,1269,17388,19223
TOWN14,18609,19701,19411,16928,23799,24762,12705,15720,19977,21093
TOWN15,10904,12990,11706,9985,12780,15238,13257,6037,14907,15286
TOWN16,23679,22847,22732,24948,22777,27189,17798,15580,23193,23897
TOWN17,18379,18909,20483,21528,24068,26513,9960,7640,19548,21476
TOWN18,12584,18589,19861,10403,21539,14825,5807,985,22240,17574
TOWN19,19686,21507,24757,23836,28524,28476,16604,2129,20310,24040
TOWN20,19141,18620,18546,18861,19138,21951,17142,14490,19101,19013
TOWN21,14633,17129,16836,17900,21309,25594,11610,4850,18344,19668
TOWN22,24707,25589,24063,25360,28403,27567,13644,13328,26463,25690
TOWN23,22575,19426,18585,20199,23873,27314,22021,18708,19066,22793
TOWN24,25020,22694,20329,22104,25499,25591,19615,22648,20866,26007
TOWN25,13353,17905,18688,13751,19834,28116,9676,4738,19330,18970
TOWN26,18067,19520,18211,21308,18219,23368,14256,10263,19835,21997
TOWN27,18512,16160,13778,20789,18003,22147,18802,16438,15807,19531
TOWN28,15777,18213,18978,14444,23845,21359,11944,8515,18699,20870
TOWN29,16977,15785,15281,23931,20769,21919,18117,10024,18715,18301
DIV1,19389,18264,17540,16985,17688,19244,19964,15142,20085,18059
DIV2,17607,16565,18455,18355,18712,21051,17899,8734,16269,18880
DIV3,19825,20227,19329,19640,24486,22249,12604,9821,19531,23794
DIV4,10707,12066,11033,9542,8889,12224,15626,12719,13139,13391
DIV5,16362,15809,15150,13724,12301,19092,19921,20616,15255,18088
DIV6,22534,23193,21781,22751,20580,26400,15408,14939,23095,24579
DIV7,11563,13480,11296,9313,13834,19203,13938,10993,14215,16352
DIV8,12570,14424,14660,10527,16966,25057,14142,5351,14905,16978
DIV9,21354,22514,22348,23932,22842,27905,15285,12873,22088,23909
DIV10,24354,24046,25491,18208,22884,27054,17830,17465,25850,20472
DIV11,20532,24579,24304,21034,28136,29479,3943,6657,24257,25765
DIV12,19624,20840,20897,21098,21773,27547,15064,6035,22134,21188
DIV13,17282,22511,23044,19515,23646,25734,5409,5357,23722,22601
DIV14,14727,19454,21617,15755,21822,22323,5690,4006,20790,21646
DIV15,18464,18798,18269,13790,24563,25735,18209,10316,19819,19906
DIV16,15887,21777,23330,21775,27471,30342,4713,1281,23243,23260
DIV17,19494,18390,18955,14851,22145,27266,20834,13579,19279,18326
DIV18,20036,19727,19861,21388,23659,26249,15616,10470,18866,22234
DIV19,14523,15782,11885,17727,18110,16952,11630,9472,17662,18119
DIV20,25590,28395,27867,27815,24720,24809,9464,22597,23573,25619
DIV21,20823,22252,22185,24743,22352,25704,15316,9367,22413,22690
DIV22,22163,19894,17252,18886,22080,22640,21505,19845,18734,23813
DIV23,21710,20334,19615,16365,23810,22240,25239,18038,21428,20242
DIV24,15181,14853,15419,12787,16249,13154,19023,13750,14341,16976
DIV25,20974,19597,18873,16838,22892,23095,17421,20972,20424,20600
DIV26,21343,20174,19966,16869,17962,29048,13777,26233,20207,22677
DIV27,14576,18121,18318,20151,23667,28559,10228,1463,19391,20135
DIV28,17354,17053,18434,15828,15515,15188,20524,11451,16744,15634
DIV29,10995,16695,16242,12930,19667,25889,4659,1269,17388,19223
DIV30,8270,10293,8381,8033,9089,11509,15665,5547,13295,11300
DIV31,22791,19690,21286,23816,21964,22859,19056,17367,20302,20493
DIV32,26672,23170,23618,23823,22899,27734,23999,24238,23496,22756
DIV33,17295,18180,17858,20136,23315,25723,9249,7900,19056,21572
DIV34,21600,20114,19827,19037,20070,24869,18066,18692,21292,19607
DIV35,15315,14679,15404,13703,15804,14896,16670,14427,14766,14219
DIV36,15164,14685,13821,14001,15595,18075,19342,14532,14811,16077
DIV37,15373,15619,10826,12946,13470,26040,18590,17011,18814,18804
DIV38,14996,16614,17141,16932,19736,22060,12346,7484,17375,19026
DIV39,24972,24665,22526,25105,28582,27085,13658,17321,25434,25521
DIV40,16076,15368,14225,12956,17005,16089,15552,17314,13934,18804
DIV41,20139,20783,24043,25628,25702,28220,11671,5444,21106,22702
DIV42,21930,20104,19543,20626,24585,27763,19929,16915,19911,23122
DIV43,24769,22638,19902,21657,24670,25616,20920,22209,20670,26229
DIV44,19838,20301,20981,27332,23922,25160,14010,8001,22522,21791
DIV45,12930,16386,17602,11941,17445,27695,11034,5497,18630,17298
DIV46,14177,16896,16119,20112,13932,11011,12621,5328,17585,14007
DIV47,15741,20433,21839,22859,14362,8837,16711,3210,17998,12130
DIV48,18993,17737,15571,19732,17114,20982,19917,17588,19302,20585
DIV49,16662,14614,12258,18989,16785,19954,19351,15263,14996,17153
DIV50,16169,17135,17283,10886,23223,17204,14451,15250,16827,20654
DIV51,14032,16525,16691,12761,22153,18684,12670,6903,17579,19232
DIV52,14653,17816,17791,13964,19349,25130,11251,6940,18254,20785
DIV53,15049,13450,13172,22936,18127,19877,18696,9819,16421,16826
DIV54,22468,21854,20357,23004,20148,24459,14961,18869,22143,23089
DIV55,19170,25151,25573,23233,29023,29465,4313,2675,25111,25541
DIV56,21487,22627,24163,21500,26120,30196,13533,9173,24180,21943
DIV57,15465,15718,15119,10126,15610,19947,17383,13160,14415,17502
DIV58,18018,20751,19114,22658,18249,25054,11982,6051,20328,22975
CHSCTAXE,22508,21312,19990,21009,24913,25376,17340,16694,20195,24650
CHSCTBARNSTAPLE,14551,16298,16248,14096,13860,17678,14293,13610,16765,18003
CHSCTBIDEFORD,15182,15767,13532,12243,14808,24144,15850,15762,16641,18840
CHSCTBRAUNTON,16245,17600,17531,13219,17182,19832,14657,10239,19458,17395
CHSCTCREDITON,17648,20246,20385,17168,24577,27631,13592,7010,21416,20918
CHSCTCULLOMPTON,20623,21360,22431,19299,25562,29104,15627,9693,21890,21652
CHSCTDAWLISH,16727,15954,13307,19406,18101,19574,15627,13056,16606,18631
CHSCTEXETERCHALL,19661,19371,18971,18086,19733,21309,17218,14368,18920,20978
CHSCTEXETERSYCAMORE,16917,19157,19564,19257,16400,14688,14505,11035,16912,16970
CHSCTEXMOUTH,21682,20346,19163,17228,23626,22619,23183,17938,20893,21835
CHSCTHONITON,21532,22441,21518,20944,25900,25922,13604,15109,23377,23046
CHSCTIVYBRIDGE,22678,21593,21939,25417,23077,26920,17646,14101,22101,23339
CHSCTKINGSBRIDGE,18379,18909,20483,21528,24068,26513,9960,7640,19548,21476
CHSCTNABBOT,18759,17569,17462,17524,18446,20537,18167,15953,17951,17887
CHSCTOKE,15412,17651,18085,18501,22364,24424,12619,4881,18649,20120
CHSCTSMOLTON,12901,17920,17747,13627,19990,28464,7819,4080,19751,19656
CHSCTTAVISTOCK,19172,20431,19344,21537,18572,24224,15410,11414,20912,22020
CHSCTTEIGN,18906,19071,19335,21233,20714,24914,15746,9793,19980,20439
CHSCTTIVERTON,15108,17893,18441,13827,23343,21073,11038,8754,18578,20588
CHSCTTORRINGTON,12550,16790,17035,13055,19926,25599,7810,3588,17405,19279
CHSCTTOTNES,17236,16375,16190,21833,20632,22973,16682,9686,17267,19851
Eastern,19165,19761,19482,18344,21705,22246,16561,12715,20213,19955
Northern,14540,16583,16044,13167,16239,22353,13266,10875,18215,17597
Southern,14963,14323,13480,16425,14680,17809,19099,13152,15407,15463
Western,15017,15954,14899,16360,11746,16875,17261,13291,15869,16823
