Area,Children & young people,Adult skills,Geographic barriers,Wider barriers,Indoor environment,Outdoor environment
E92000001,,,,,,
E12000009,,,,,,
E01015023,5534,4104,14219,8801,11256,17668
E01015024,17415,17729,3402,16978,16784,29161
E01015025,30709,28577,1549,25889,30237,27866
E01015026,6440,5951,7734,8587,8182,27795
E01015027,16680,19083,1566,23615,26516,19814
E01015028,941,3189,14202,7205,16696,22955
E01015029,4984,17584,6695,13952,22530,18557
E01015030,9135,3459,27360,6181,17381,23380
E01015031,22297,29203,18809,9052,1275,17405
E01015032,4616,22550,29307,3647,385,12337
E01015033,28425,27043,10254,24699,23436,14899
E01015034,31782,30935,17635,24264,15686,18748
E01015035,12969,20279,15336,22903,11899,17343
E01015036,30505,28862,24470,18440,13309,17659
E01015037,12689,14745,19510,13773,11007,19061
E01015038,23215,28346,8616,21995,15123,21654
E01015039,2649,13124,32537,14712,2480,30849
E01015040,5031,4117,24304,7370,2697,22889
E01015041,9195,15264,31636,14493,228,25393
E01015042,9838,17067,32286,12924,2865,26043
E01015043,9924,4298,30983,5132,3415,20083
E01015044,14705,12590,27045,8531,411,21374
E01015045,4670,5904,26687,4396,2504,9637
E01015046,1876,2556,30806,3681,7601,10528
E01015047,1375,5708,17167,4719,8016,4618
E01015048,5506,3422,26867,4072,1061,14945
E01015049,15066,29219,30168,6234,2970,14700
E01015050,8187,27715,28878,3367,1085,9057
E01015051,20138,27381,23818,3986,2975,16506
E01015052,6810,11756,28542,3822,937,9376
E01015053,2053,11883,30018,2346,1254,14508
E01015054,2627,16574,30021,2631,4430,13112
E01015055,6553,4015,11049,10867,13590,17584
E01015056,18515,13851,12716,11689,4454,16803
E01015057,3191,10910,25290,8209,5531,21579
E01015058,3634,4123,20657,6922,10881,22131
E01015059,4669,15510,22434,13705,3317,15558
E01015060,11863,10453,15715,11985,3611,11847
E01015061,8926,19513,29299,9041,3337,12980
E01015062,12977,28127,27992,5408,3862,11745
E01015063,3729,8812,12034,12406,5408,23717
E01015064,30245,26571,10475,24820,21883,8591
E01015065,15272,20491,9509,11210,18829,26276
E01015066,12101,17043,4654,18551,17222,20104
E01015067,23854,21145,14959,24844,24036,20533
E01015068,12603,16376,8983,19380,23312,25336
E01015069,3163,7951,24882,10993,7195,14947
E01015070,16220,17015,5883,11178,20331,20688
E01015071,13769,20978,8086,11337,7795,8725
E01015072,2473,3614,29113,10200,4739,15171
E01015073,1155,2990,8433,9506,9667,19837
E01015074,5662,4741,14000,9460,16579,25823
E01015075,3758,6316,16946,9326,2630,19164
E01015076,12624,12444,18037,20195,4621,23875
E01015077,11250,11521,14122,11980,12452,16863
E01015078,964,1274,24601,6459,3804,20959
E01015079,10485,14047,17297,19159,13868,25189
E01015080,402,384,15154,4188,3770,20276
E01015081,5558,5157,24978,8298,15545,21845
E01015082,8967,4429,22119,8447,16928,30589
E01015083,8555,2622,22797,7734,19347,22441
E01015084,8196,7046,22901,11480,14522,14047
E01015085,11567,9013,27435,15152,5740,16817
E01015086,4298,5217,14560,8506,9755,20562
E01015087,455,3769,20713,7820,19307,16559
E01015088,3631,1238,26916,4884,16059,17142
E01015089,7427,8639,19848,11836,6622,21045
E01015090,19187,20395,9594,23784,15257,24280
E01015091,10569,11360,5013,14331,23790,20339
E01015092,9691,10136,8250,6057,24817,30708
E01015093,3083,6405,13038,12385,16996,25743
E01015094,3941,9548,13077,9155,18231,24649
E01015095,5167,8202,6826,12842,13479,22136
E01015096,2575,4666,8501,8780,20059,23501
E01015097,26255,19301,11963,18462,14164,26625
E01015098,23710,30237,29017,20417,5709,20691
E01015099,23541,29893,28138,21255,4218,14049
E01015100,28693,28851,30885,16170,4360,18663
E01015101,32473,30247,15241,25174,18077,16724
E01015102,22490,23233,27705,18962,2628,14309
E01015103,26502,25930,29810,21901,4112,17202
E01015104,27088,24098,30460,27635,6766,23093
E01015105,26100,28673,28559,26342,8290,15009
E01015106,23706,17277,25061,16522,10655,11454
E01015107,9978,21632,4572,19536,19231,25652
E01015108,14619,24865,8141,19996,19617,22631
E01015109,13354,18527,5766,18992,11891,23178
E01015110,23103,19650,3391,22502,22125,26750
E01015111,14546,24864,9106,23204,11872,21084
E01015112,21498,23754,20119,24094,15978,26000
E01015113,13479,20211,5554,23119,16350,14248
E01015114,16659,25747,26898,22025,9668,25806
E01015115,8622,8941,16522,8354,12399,24504
E01015116,13308,21447,3917,22739,24624,23816
E01015117,8754,18586,7005,20052,16995,22888
E01015118,21938,26050,7568,26892,10200,22217
E01015119,18878,26617,2320,25352,17090,27985
E01015120,18600,25508,15409,24622,23268,28496
E01015121,28136,19758,21492,28242,18478,28140
E01015122,12098,24013,13462,23091,11171,12826
E01015123,14126,22063,22548,14496,7451,14721
E01015124,22776,21256,18981,19516,17175,22587
E01015125,18188,19654,8663,20472,21854,25567
E01015126,24942,27124,15824,24720,21196,27873
E01015127,21787,24323,16611,23026,14094,27535
E01015128,20015,24780,7013,18314,15226,27050
E01015129,4629,17095,3982,16705,11459,30505
E01015130,16297,21981,6544,22618,27866,27963
E01015131,28132,28806,9996,30049,29930,20536
E01015132,12798,21913,18638,21116,17720,27340
E01015133,25890,26295,8809,25253,24003,27572
E01015134,18885,22935,23918,16205,12220,21936
E01015135,10989,16952,15960,15980,10509,15882
E01015136,12440,23093,20062,21863,6856,14358
E01015137,22991,25898,22150,23122,9898,26372
E01015138,18178,24327,12096,15823,6566,25918
E01015139,10535,18743,17477,14110,13248,23412
E01015140,13298,26694,15055,23953,22270,26973
E01015141,22042,26889,6261,24537,25677,27921
E01015142,16462,13425,7716,20882,9373,23165
E01015143,8511,9498,18560,16347,6324,21094
E01015144,3296,5160,28320,8742,1730,20523
E01015145,2046,2299,10852,4415,21812,23757
E01015146,713,3925,18581,6964,18616,25969
E01015147,8695,12569,22393,18238,7469,19783
E01015148,4944,7767,6737,10519,20390,21748
E01015149,3114,2756,28579,6320,9102,26676
E01015150,8312,9761,29048,11817,3054,22426
E01015151,4794,9568,30546,4093,2041,10902
E01015152,3184,3514,31175,3165,2905,7834
E01015153,2537,4935,30729,4506,4966,11708
E01015155,2704,1768,29261,3315,5647,13284
E01015156,20146,18316,24273,4792,665,11415
E01015157,17703,19993,22951,7943,2046,23432
E01015158,11349,24524,25838,5520,875,28020
E01015159,4975,4585,28435,8670,6221,25730
E01015160,25850,23604,15049,25829,25149,21513
E01015161,4671,7056,6109,7578,15960,28665
E01015162,9816,3711,8874,9175,13110,26485
E01015163,15498,16067,10022,11618,19159,27881
E01015164,6172,20134,3238,18294,28125,27922
E01015165,15512,21635,9027,20458,23402,29894
E01015166,2006,7196,16519,8169,17900,25955
E01015167,12235,16138,28810,13439,1713,26102
E01015168,11133,16252,27603,11942,953,19352
E01015169,13958,22761,17558,6036,1076,9586
E01015170,16771,16401,27780,9004,3271,21116
E01015171,23546,22111,29265,10217,827,24013
E01015172,20775,26506,30720,11039,865,6725
E01015173,27914,26823,29015,16304,2127,12233
E01015174,24196,19011,24407,22123,3338,11927
E01015175,21378,23818,32322,11327,1315,17997
E01015176,3630,8192,20521,12893,4288,17544
E01015177,11960,24749,29417,13831,1037,8977
E01015178,13253,26785,31979,9989,1443,13544
E01015179,14345,24587,26112,6528,1205,13359
E01015180,5173,10292,14217,6565,938,5124
E01015181,11573,13393,22026,7509,518,4455
E01015182,3010,9585,13717,8198,1194,16581
E01015183,15776,12024,20011,15790,10360,30216
E01015184,24431,15521,15443,20952,20310,28242
E01015185,12479,12133,21369,14640,3146,23117
E01015186,4225,8998,26772,12672,124,24315
E01015187,19231,15085,14558,23286,11282,29497
E01015188,8054,15076,10365,22436,16271,29764
E01015189,9376,13048,26913,15073,1284,25559
E01015190,7527,8249,3166,13120,6696,26190
E01015191,6677,14370,12160,19389,28907,29069
E01015192,2290,9250,14643,16874,13356,26660
E01015193,7635,7522,21623,18244,10087,23675
E01015194,1850,5651,6851,14743,14458,22951
E01015195,8863,5202,5353,17790,6488,28316
E01015196,1021,2856,23856,10374,6519,25531
E01015197,25044,25817,9514,27421,31120,28043
E01015198,19562,16450,24778,27751,20655,28332
E01015199,28741,26543,7350,29117,25473,26874
E01015200,7667,13156,20466,20525,15538,27623
E01015201,26176,23901,15203,22780,16287,29105
E01015202,13046,9831,14090,26289,9159,23167
E01015203,18870,17697,8384,25900,23694,23857
E01015204,12263,13923,16654,17971,1600,22572
E01015205,14655,8728,11471,26188,8494,25818
E01015206,6721,11002,15238,21048,3806,15737
E01015207,18525,18404,15411,23417,4158,23309
E01015208,29902,26667,13218,30183,23974,20940
E01015209,25257,19613,29114,13522,6759,15838
E01015210,9304,13640,21660,16623,3798,23106
E01015211,14052,16649,13225,27575,19494,25259
E01015212,18040,13397,27669,17837,2008,17457
E01015213,9111,12457,20606,22980,6341,25366
E01015214,6591,14586,30540,12991,63,17257
E01015215,8798,13879,11131,19824,8093,25535
E01015216,6992,12453,25076,14832,1086,24746
E01015217,3238,5452,23556,8312,319,17061
E01015218,8626,8892,26015,15709,1134,21736
E01015219,16556,14573,18770,14577,16473,23788
E01015220,14560,15721,13323,27390,14868,27049
E01015221,13927,12755,9599,17055,10690,18934
E01015222,16269,17335,9942,22853,22373,27444
E01015223,22026,13836,8535,24697,15114,27256
E01015224,14766,20247,22772,23250,5290,25690
E01015225,14692,16077,17935,18130,11129,25368
E01015226,22088,19140,3746,29029,30694,27954
E01015227,19366,20870,6948,27911,18026,25873
E01015228,8970,8157,25618,16515,4930,20015
E01015229,11873,12229,28041,14648,8021,20529
E01015230,18559,21968,5001,26372,29390,28076
E01015231,6042,3421,30315,7367,282,11044
E01015232,7003,4868,16196,8822,366,13420
E01015233,5855,5503,31574,8896,346,14051
E01015234,8739,5462,30602,12393,425,21135
E01015235,11539,9483,7989,11631,1645,20802
E01015236,17325,17700,5530,18230,6990,24196
E01015237,14426,14129,19206,20193,5818,19454
E01015238,9867,15525,19139,19582,5339,19610
E01015239,21027,9658,31700,10207,2403,23540
E01015240,7371,12199,28881,13704,3999,24097
E01015241,10013,13380,29112,18651,6311,24255
E01015242,3868,7352,29711,15348,2261,22684
E01015243,18070,13675,15692,26401,11494,21220
E01015244,16169,14611,10603,24359,14288,30426
E01015245,3099,9807,6113,17408,20676,29938
E01015246,21386,18601,25920,21766,12426,25045
E01015247,12764,10460,17825,17027,6753,29955
E01015248,5737,7702,30359,11710,1971,22909
E01015249,9273,8608,11718,15670,17346,23684
E01015250,22815,14869,10544,24035,18060,25790
E01015251,29944,23750,17182,27713,23160,25422
E01015252,7721,17458,15430,16498,20133,28085
E01015253,19993,21047,2930,24375,30479,28280
E01015254,17115,17529,18793,26529,23916,23190
E01015255,2961,8319,24328,6440,562,18851
E01015256,5919,10563,12777,8674,443,13402
E01015257,1806,3235,13163,11940,5606,17884
E01015258,11144,13167,16303,16143,5371,15993
E01015259,6821,7272,28190,14750,1172,20044
E01015260,6778,8450,28453,9245,109,17355
E01015261,9254,10106,28303,11059,596,8787
E01015262,4151,4841,27396,16422,8705,22110
E01015263,1398,5064,18420,10193,8658,19175
E01015264,12347,14352,8741,28801,22244,25810
E01015265,8717,8908,14563,18415,17463,27863
E01015266,629,2209,13446,9117,3654,26722
E01015267,18747,12958,12459,11934,1597,17792
E01015268,25199,20043,11570,16634,11380,25105
E01015269,28702,20072,23532,17469,2783,24752
E01015270,15080,16948,10917,14781,2479,25797
E01015271,29032,26158,4950,27397,24857,27333
E01019886,17943,13135,2099,21714,3684,32359
E01019887,10434,11220,14004,19067,10375,30590
E01019888,18961,16863,17947,17899,5025,28702
E01019889,18954,13588,7415,27085,12875,31761
E01019890,25034,22937,7451,25016,6164,25325
E01019891,22938,25191,920,26585,250,31787
E01019892,21197,19991,1705,24980,5944,30953
E01019893,16457,20054,1770,28928,2854,30631
E01019894,24874,29715,9677,26124,18754,30801
E01019895,21517,29037,4898,28684,13076,30035
E01019896,17355,28458,13684,26335,18988,30643
E01019897,7774,18864,16939,19612,12230,32300
E01019898,18261,25966,1468,28932,5285,31281
E01019899,12344,18503,7460,25084,13822,31715
E01019900,28375,24762,4397,28200,7368,31339
E01019901,26217,21226,291,27415,95,32455
E01019902,16466,13995,466,28069,1901,32225
E01019903,12838,24678,1431,24875,1720,31736
E01019904,5334,11095,25613,23178,16796,31296
E01019905,25694,24107,8887,30857,32452,31323
E01019906,17387,19712,32254,29438,23730,31774
E01019907,9504,15202,17281,27777,24831,31081
E01019908,4808,15013,8127,27304,27441,31786
E01019909,19409,18336,10667,29634,18224,30190
E01019910,21458,23650,16076,29737,10225,28606
E01019911,18291,20674,12462,28241,26962,31393
E01019912,16037,23561,25588,18489,6100,31966
E01019913,19469,24721,5925,24322,20518,32435
E01019914,1161,8337,12214,16738,11101,31705
E01019915,22487,21731,13737,21566,12445,29666
E01019916,9969,16245,31702,14795,286,26011
E01019917,12760,19010,28572,23431,2855,29519
E01019918,13025,20589,26988,15350,912,27949
E01019919,5339,13814,28225,16258,1140,26446
E01019920,11239,15151,7416,23805,15297,30649
E01019921,16007,19512,21401,28214,17486,29782
E01019922,2163,8156,25461,17364,10211,27767
E01019923,2455,10492,16514,23815,18771,30574
E01019924,2525,10722,8432,22354,9729,29397
E01019925,21382,16303,12283,27978,19517,31460
E01019927,4821,8761,22486,15023,10033,27522
E01019928,4464,10444,7337,25314,20423,30239
E01019929,17834,14640,8018,28774,21356,32049
E01019930,15293,17122,4146,26297,26867,30481
E01019931,27294,23478,4205,31636,30770,32023
E01019932,11963,13497,11023,16606,7529,28960
E01019933,12337,13780,20204,18846,6596,29265
E01019934,13792,19673,11916,23918,25948,31970
E01019935,24037,25039,1714,26927,1494,31643
E01019936,27044,18202,6048,23366,2646,32232
E01019937,25236,23060,3785,29221,19440,31532
E01019938,25941,19527,78,30599,499,32556
E01019939,28856,28584,1050,28526,8368,31834
E01019940,31335,28605,2267,29620,12097,32495
E01019942,20273,19822,10585,22816,14267,31404
E01019943,23292,24077,13044,27846,23992,32397
E01019944,25876,26278,21762,22474,4690,30936
E01019945,17375,22357,1021,25260,2458,30587
E01019946,23881,22397,10029,27175,25346,32499
E01019947,17043,16908,27809,16405,801,31338
E01019948,13321,13110,24974,27482,25154,32181
E01019949,24230,17926,8390,24903,22338,32204
E01019950,12774,11332,26033,23581,21025,31756
E01019951,27528,24149,3763,25704,8537,32550
E01019952,17707,18044,10332,27225,23868,31253
E01019953,16129,20212,7481,27281,27367,31741
E01019954,4381,12348,8901,22030,19507,32121
E01019955,15680,18226,16630,22847,10820,30834
E01019956,25571,24919,22739,23115,4079,26262
E01019957,29114,28899,7699,23534,23050,31731
E01019958,24507,25304,16369,25200,19600,31510
E01019959,18293,23595,2199,28789,503,31915
E01019960,23030,25359,1951,28886,1015,32193
E01019961,29865,24551,2187,26603,2763,32298
E01019962,24791,29534,3656,27908,1545,30807
E01019963,28074,27864,24711,28310,9602,31502
E01019964,18666,28963,1725,30169,6443,30981
E01019965,22585,26286,12466,26768,8256,30411
E01019966,25755,19924,3581,27327,3293,29539
E01019967,26115,19368,567,29060,133,31472
E01019968,20944,21281,26458,13749,22726,28150
E01019969,16178,16928,23758,14200,7086,21930
E01019970,19590,19509,10749,17548,20805,24913
E01019971,8324,26456,9229,12821,7140,24925
E01019972,8872,12864,13916,9974,2817,14526
E01019973,22212,11641,10985,15673,11193,19949
E01019974,16564,11480,8513,14925,14091,27573
E01019975,1890,6368,29094,9049,3749,25277
E01019976,21088,17492,9487,18211,20609,25960
E01019977,12178,10841,17041,16962,11311,26954
E01019980,4724,14383,7533,9949,4802,29273
E01019981,8223,9806,15996,10957,11972,28672
E01019982,9244,20044,6823,11133,4779,29536
E01019983,18444,14000,23481,15687,24804,28981
E01019984,18770,14497,10791,22941,24239,29041
E01019985,5951,4418,27335,8390,15705,27466
E01019986,25806,29433,18824,19031,13201,17692
E01019987,11660,25136,30682,8803,2185,16973
E01019988,16187,20831,22362,17606,8538,17630
E01019989,19179,28352,32157,17499,2450,20697
E01019990,5280,3333,3791,8180,4106,24128
E01019991,4716,8152,8498,8916,5122,19421
E01019992,10562,10501,12759,14675,11614,16446
E01019993,17073,19800,3533,22529,26701,25430
E01019994,29681,27432,28838,7281,1950,22111
E01019995,13615,16625,30737,4763,1703,10191
E01019996,19951,30508,22111,7014,1614,13908
E01019997,22515,29120,24707,7921,414,26398
E01019998,22748,24996,13192,18642,28399,27848
E01019999,30087,32103,15011,16428,16222,26464
E01020000,9278,9171,18042,8652,6543,23912
E01020001,30296,29241,4206,20778,20087,25162
E01020002,8573,10008,9866,13141,20837,26468
E01020003,27394,21166,16698,21186,21635,24736
E01020004,25904,22079,22931,23846,19060,22847
E01020005,5127,6677,20334,9183,6104,21527
E01020006,7357,18452,13282,9880,4793,16236
E01020007,21986,28613,23391,6941,1131,21549
E01020008,13254,28916,28516,8006,928,26814
E01020009,30679,30870,30532,14408,3012,24124
E01020010,543,8573,22279,9051,4914,18464
E01020011,12032,20376,8759,17392,18299,16875
E01020012,1885,8026,23333,10889,12217,18666
E01020013,4537,15621,24141,11778,2651,29724
E01020014,1422,2958,25201,6443,1241,23231
E01020015,52,1315,30214,5930,2920,23527
E01020016,7686,19461,19376,5247,2386,14759
E01020017,9970,27581,19176,4219,297,17728
E01020018,10179,21698,21595,5339,1314,10049
E01020019,27500,28265,25078,5828,936,24382
E01020020,28566,27386,30375,4883,949,19266
E01020021,32255,25838,24487,7965,2830,16020
E01020022,8792,20903,30438,4452,1717,17276
E01020023,30499,31116,4773,17638,23180,13242
E01020024,30933,32378,14979,18898,13047,23580
E01020025,26983,31608,13157,12698,2162,22115
E01020026,13364,16363,11296,23628,18408,17588
E01020027,23774,13981,19021,14470,7478,26565
E01020029,20972,20092,32093,14153,4087,23118
E01020030,16863,18624,31933,9327,522,19488
E01020031,22038,17660,24862,13425,3035,21011
E01020032,16145,16324,22503,13175,2805,14924
E01020033,21025,23674,10802,17484,18447,15917
E01020035,21640,27376,2104,21511,22721,25243
E01020036,8288,10372,9847,14344,14451,19432
E01020037,4844,4326,26266,8623,2956,21519
E01020038,26535,23391,11336,21087,18495,21387
E01020039,3305,4148,16800,7601,5074,26246
E01020040,17774,9964,12243,13655,10470,24436
E01020041,2817,11639,15937,20920,3045,32239
E01020042,14035,20396,12200,31336,21327,31436
E01020043,20190,18844,11174,25360,5760,32652
E01020044,28385,29157,1448,29482,531,32771
E01020045,26470,24201,4810,28889,1894,30281
E01020046,16946,20242,343,30940,283,32466
E01020047,13502,16578,2770,26008,8636,32116
E01020048,10955,13050,15619,18539,533,27956
E01020049,15682,18069,26,28474,217,32765
E01020050,12266,17042,4426,26392,189,32754
E01020051,8969,18058,4938,28116,17850,32337
E01020052,5691,9205,15352,16558,5028,28446
E01020053,1648,6397,14766,20634,9981,31766
E01020054,12430,18150,10368,30961,22977,32472
E01020055,2231,7792,27258,18993,3811,29951
E01020056,28792,22221,930,29319,481,32141
E01020057,4316,6659,17069,19741,3856,32048
E01020058,15413,15077,7847,29227,17017,32632
E01020059,22479,21817,2137,28769,600,32740
E01020060,13677,12753,27860,20116,2991,31435
E01020061,12909,18200,19627,23555,15815,32696
E01020062,26441,18749,10612,29965,28376,31868
E01020063,17363,19241,7850,23278,9064,32491
E01020064,11164,10737,10088,26614,5040,30933
E01020065,2092,10348,14441,18557,4683,21379
E01020066,13730,19990,1203,25529,20435,32358
E01020067,1350,5096,13992,16225,11309,31079
E01020068,21581,25459,356,28115,313,32620
E01020069,22098,24237,1221,28488,308,32741
E01020070,21577,22108,114,28738,144,32809
E01020071,18194,22884,11120,27322,803,32692
E01020072,22043,18707,25,27554,442,32728
E01020073,6335,14321,295,26320,621,32657
E01020074,30268,23015,969,29181,409,32301
E01020075,26020,21793,5084,28123,776,32747
E01020076,14424,18424,914,27432,646,31907
E01020077,18039,24577,74,28838,120,32543
E01020078,6833,7896,25860,16379,1005,28224
E01020079,2922,5361,9357,21230,14920,32377
E01020080,25259,18731,1241,29518,4457,32731
E01020081,7350,6718,2693,23755,3278,32342
E01020082,7457,21942,1969,28245,165,32680
E01020083,10595,20879,1617,27927,2136,32411
E01020084,6215,13841,4031,17766,22287,29632
E01020085,10869,18867,1704,23198,31039,32427
E01020086,18958,22110,7706,24089,23944,31102
E01020087,13236,16874,505,20603,88,32639
E01020088,20373,18077,629,21952,231,32807
E01020089,16790,22588,19194,22036,10098,29200
E01020090,20774,26905,8052,25421,18472,32749
E01020091,8806,19892,6559,22042,8518,32501
E01020092,14243,19756,19255,19880,25275,30608
E01020093,11466,21586,24802,12927,2601,30797
E01020094,4403,5955,22885,7569,1354,28407
E01020095,3093,9248,22874,11044,1764,27540
E01020096,5217,12473,24101,12077,6186,23409
E01020097,12186,18340,257,22655,71,32621
E01020098,22046,17410,2295,19722,145,32757
E01020099,12717,13132,8382,18068,2799,32479
E01020100,8163,21036,1095,19125,1040,32733
E01020101,10756,14172,9764,17624,5711,32625
E01020102,14022,16787,5560,19886,27313,32316
E01020103,655,3330,20784,11215,12867,32394
E01020104,478,5449,4363,9785,14542,30033
E01020105,9197,14101,17293,19394,24007,30627
E01020106,25446,20132,3778,27376,23334,31499
E01020107,17262,19428,20147,21537,25427,32387
E01020108,9322,22065,2660,17694,3230,32338
E01020109,22384,26388,6715,21809,585,31398
E01020110,7267,22165,2579,19931,16632,32816
E01020111,1671,4504,23695,8094,4364,29489
E01020112,4560,7844,24719,7956,21,30610
E01020113,6392,9161,27871,9617,565,30713
E01020114,6450,11980,12565,15241,2061,32369
E01020115,9169,15847,2722,19112,1806,32729
E01020116,8664,12269,28923,13514,1601,31581
E01020117,10115,12802,1987,20527,4700,32493
E01020118,3461,10388,8187,13441,7018,32736
E01020119,19873,19848,1257,21391,2721,30598
E01020120,26959,22424,3992,27213,12530,31609
E01020121,17244,19437,5699,21132,2309,32644
E01020122,17912,17372,480,21101,1212,32742
E01020123,4636,9593,21459,16932,16369,26499
E01020124,16591,21522,11318,16694,9096,24089
E01020125,24387,20265,11182,26809,25300,28500
E01020126,5766,18288,3283,18744,285,32348
E01020127,22806,21764,93,25954,22,32677
E01020128,29107,25297,22050,22634,20109,29635
E01020129,8871,12390,20892,13219,15115,32256
E01020130,20266,15420,25867,15424,1428,25380
E01020131,9377,19297,251,19346,14,32820
E01020132,13499,16451,10306,16367,6327,31554
E01020133,25459,26124,1681,24589,17347,32508
E01020134,2882,9557,10407,14520,8759,32420
E01020135,6281,7793,23152,12794,10474,31555
E01020136,12351,13571,15363,18083,8188,32737
E01020137,5255,13309,25233,14109,2524,27371
E01020138,9714,15368,1323,20818,138,32651
E01020139,2731,6874,17725,14307,3169,26866
E01020140,21024,8796,9993,15135,10058,30744
E01020141,1115,7288,10027,10345,18926,32459
E01020142,20862,23854,797,26061,682,32834
E01020143,22606,28766,1129,25461,236,32808
E01020144,22915,27240,15708,29327,27134,32237
E01020145,10730,22363,1579,28659,3899,32586
E01020146,16025,26363,17080,27980,16774,32155
E01020147,27114,26281,708,27165,301,32828
E01020148,25537,23426,2100,27530,380,32649
E01020149,11044,19725,1100,24544,2023,31911
E01020150,18043,30477,5757,23878,3291,31795
E01020151,27291,23666,7557,24779,14571,32777
E01020152,10457,23172,27687,22636,418,32153
E01020153,19370,24166,3264,22360,723,32722
E01020154,8495,15176,5839,23207,12540,32796
E01020155,10274,5473,14262,16948,5457,32519
E01020156,28046,26447,4100,26062,3184,32104
E01020157,27467,28189,297,26073,183,32521
E01020158,25570,28637,22066,25984,4153,32817
E01020159,31309,27994,1171,25737,542,30599
E01020160,23790,27591,1878,25942,2074,32053
E01020161,16148,21442,18564,21006,8867,31649
E01020162,17515,24544,5884,28930,19764,31813
E01020163,23606,26419,5429,30013,28214,31428
E01020164,23339,24269,17745,25015,9901,32211
E01020165,20932,24990,16779,29248,21904,31563
E01020166,24825,25316,8391,31673,20318,31727
E01020167,26119,29547,14161,31697,31102,31728
E01020168,11739,15140,5852,22900,12826,32819
E01020169,22180,22053,10707,23636,3479,32797
E01020170,23139,21795,13710,25670,12259,27993
E01020171,28002,30739,3258,25812,5064,32805
E01020172,24213,22138,4749,23697,1579,32732
E01020173,20819,23661,25923,22023,10480,32655
E01020174,26488,22007,218,22990,907,31053
E01020175,26796,21412,2123,25241,903,32803
E01020176,27469,28145,29655,26626,4274,32505
E01020177,11198,19975,21483,21261,14647,31654
E01020178,23341,20405,1822,24765,1016,32818
E01020179,27936,26208,677,25490,1685,32723
E01020180,13310,22285,21611,19583,9428,30558
E01020181,19830,19732,18050,22453,19169,32640
E01020182,12104,24297,3130,21768,6588,31932
E01020183,17996,29820,27835,19206,2189,20454
E01020184,24788,30900,19455,19620,2330,31604
E01020185,28599,29519,18822,29179,17596,32695
E01020186,31703,30143,2385,30895,8226,32581
E01020187,17345,21950,7497,24556,8122,27408
E01020188,26764,26011,229,27811,945,32667
E01020189,12361,13343,4525,16201,6033,32476
E01020190,26561,28623,19729,26592,7616,30777
E01020191,19398,13383,3851,17157,1679,32587
E01020192,25077,24519,3450,27969,12354,31688
E01020193,28104,25238,11078,23311,506,31709
E01020194,26522,27223,7484,29679,20743,31873
E01020195,11481,14304,2565,21270,3516,30912
E01020196,10669,21948,29897,15924,2917,29400
E01020197,23627,23734,5144,24291,10851,32334
E01020198,8326,17955,26149,13892,1231,32224
E01020199,6823,18473,14159,16122,2522,32058
E01020200,30612,28247,4085,24908,10027,31390
E01020201,28976,26123,4412,25085,19793,31384
E01020202,19423,20711,8502,23332,10634,32414
E01020203,29709,28528,10589,28163,26152,30938
E01020204,6850,12734,20536,20663,11305,27113
E01020205,28156,30552,902,27886,897,32407
E01020206,17412,22570,31822,24841,4787,31566
E01020207,18561,20657,1522,22064,7366,31801
E01020208,6086,7619,15313,17087,15292,30238
E01020209,11200,12189,7242,21444,9025,31856
E01020210,21060,22882,4683,29817,26920,28221
E01020211,2239,5666,24037,12332,4736,28066
E01020212,2743,6790,27628,16395,8138,27538
E01020213,6999,10889,6848,22921,12338,28320
E01020214,9987,16674,5649,26573,12040,26287
E01020215,28135,23967,1767,31040,30894,30998
E01020216,4373,7606,11353,12585,9229,22841
E01020217,11451,13005,31591,14522,977,20987
E01020218,5001,11165,21027,14584,1517,18635
E01020219,22077,20687,5264,22989,15075,29159
E01020220,11030,15055,9043,16898,5553,31560
E01020221,13018,23356,3188,19384,2208,28033
E01020222,25097,27694,10704,23907,12951,30824
E01020223,18464,23110,3847,21448,2561,29786
E01020224,14762,14694,24646,18995,813,27209
E01020225,9170,11736,20933,14700,1309,28861
E01020226,29132,26203,3932,22151,14825,24864
E01020227,15422,17705,17351,19674,10453,29524
E01020228,22912,13036,20187,8840,1161,27017
E01020229,21829,13171,2097,13823,501,31413
E01020230,22061,17580,15740,19813,8623,30989
E01020231,19584,15640,9711,19584,12362,28756
E01020232,13660,13067,3773,14672,8197,30697
E01020233,22656,23930,2451,24764,9886,31729
E01020234,5907,7975,10211,13413,3650,31981
E01020235,24614,17952,9416,11340,1511,32105
E01020236,25456,21657,2966,27813,15223,32290
E01020237,29145,28987,818,26424,681,31358
E01020238,28886,21805,14836,22004,19152,32050
E01020239,25516,25534,8035,25926,10040,31792
E01020240,18332,23509,13594,24209,11217,30492
E01020241,22693,27105,5052,21981,580,29777
E01020242,28591,29146,15295,27855,27776,16301
E01020243,19418,27545,1237,22425,3148,31710
E01020244,17362,19352,28321,19826,5455,31198
E01020245,28805,27631,3145,22131,1034,31260
E01020246,29685,23931,1665,24523,1222,28203
E01020247,12795,15419,28794,18874,7434,28374
E01020248,26773,22772,8176,24904,14876,32243
E01020249,19922,16099,14646,28065,20935,18927
E01020250,13539,14939,12358,26913,11645,29704
E01020251,24451,24370,1595,24870,11326,31876
E01020252,8837,14946,6173,17937,12543,26803
E01020253,20861,19482,17571,26216,25541,31359
E01020254,4778,8356,28418,16934,5152,30413
E01020255,17798,11297,30641,22092,10007,29981
E01020256,12380,18041,2816,20764,4602,27425
E01020257,27503,20233,9772,30024,20653,31485
E01020258,15585,24230,23022,19103,760,32694
E01020259,26253,25580,138,21333,48,32402
E01020260,24019,22865,26997,17710,13509,29080
E01020261,30828,23641,1965,24671,10656,30020
E01020262,22138,21549,298,22455,579,31967
E01020263,17957,13947,17388,20068,1638,31533
E01020264,14521,12944,16243,11459,671,30774
E01020265,25317,23077,14816,27406,24253,31268
E01020266,26456,24872,11877,21346,9200,32012
E01020267,29518,29282,5416,20332,13360,31397
E01020268,29479,21697,7709,19292,25833,32161
E01020269,9852,12541,30030,8751,541,30450
E01020270,16087,18400,7310,23060,28194,31682
E01020271,15442,15596,18339,12507,1854,27939
E01020272,5676,9315,21238,13236,3508,29172
E01020273,22531,27255,7382,22382,1474,32601
E01020274,31170,27066,706,23047,390,32546
E01020275,5009,17362,10393,19291,1310,32730
E01020276,7892,16270,12125,24294,18009,32810
E01020277,839,6103,17815,12275,9548,32330
E01020278,10318,12889,759,23625,2870,32753
E01020279,2234,11655,10642,21380,7356,32450
E01020280,2746,13078,22495,11380,32,29686
E01020281,15654,20923,3706,29510,24925,32673
E01020282,3666,11201,9733,15222,3802,29572
E01020283,6358,12920,7720,26180,7953,32705
E01020284,8371,14567,26483,18447,2864,30535
E01020285,1636,6259,16306,14257,3166,31888
E01020286,17390,11840,95,25282,83,32613
E01020287,10273,16638,331,28737,252,32832
E01020288,10497,14969,1517,20379,100,32839
E01020289,9877,17598,200,25974,70,32838
E01020290,12709,14665,44,23546,607,32788
E01020291,16920,14532,749,21620,73,32840
E01020292,7707,15713,3856,23485,86,32837
E01020293,13771,12418,2381,19311,433,32761
E01020294,5349,5846,22156,17072,1415,32682
E01020295,16663,16329,617,23379,1994,32833
E01020296,16808,21000,1082,25532,316,32822
E01020297,2919,11960,32142,15503,2495,31562
E01020298,9320,21095,14149,27129,19154,32534
E01020299,10542,18343,6477,25589,12408,32778
E01020300,16446,22160,4908,24990,20402,32727
E01020301,10052,15317,1663,27425,295,32821
E01020302,11226,15335,659,22197,458,32841
E01020303,13972,17500,1502,25190,344,32831
E01020304,14633,15229,12730,19970,4932,32688
E01020305,9990,13779,30681,19504,1078,32548
E01020306,12781,14831,9634,24868,28389,30785
E01020307,4930,9724,13577,17637,6765,31757
E01020308,14106,18892,236,28638,398,32518
E01020309,14011,14048,323,27990,178,32835
E01020310,9253,18156,4588,15929,5520,32776
E01020311,15904,15193,715,22430,576,32786
E01020312,26809,25520,1935,28749,2704,32318
E01020313,9161,17066,20792,26688,1641,32056
E01020314,14684,17646,54,26779,314,32412
E01020315,26842,28489,3561,25831,4083,26308
E01020316,31378,31314,2915,30518,4171,27844
E01020317,22612,25933,6812,31003,2067,30809
E01020318,22659,26978,15836,27284,1261,32829
E01020319,28853,24637,277,28603,79,32635
E01020320,27313,18704,155,28782,66,32769
E01020321,15756,14010,5562,23710,336,32653
E01020322,22065,14124,77,27896,363,32824
E01020323,9076,10176,454,25742,1024,32701
E01020324,21479,28324,261,29568,491,32767
E01020325,23363,18924,638,30272,87,32799
E01020326,12254,15307,15754,24865,1198,32780
E01020327,15977,14897,8640,27624,22169,32399
E01020328,12634,13384,10218,22523,5128,31364
E01020329,21074,16154,3949,23146,4347,32774
E01020330,13900,12142,16949,19120,2966,31936
E01020331,16889,24420,1133,28018,247,32775
E01020332,16228,24655,18714,24193,1436,26998
E01020333,21073,28181,5514,29522,15728,32020
E01020334,8856,16322,11843,24197,8353,31589
E01020335,19860,23268,14567,27888,16829,28991
E01020336,30228,30240,11092,31238,20967,31852
E01020337,12015,16483,6316,22557,8991,30222
E01020338,9878,22531,3809,24199,14337,31995
E01020339,19189,21910,349,26851,194,32668
E01020340,21436,12883,4436,29668,270,30156
E01020341,31767,29268,1923,30233,3475,29721
E01020342,6245,15298,17514,27023,7230,30677
E01032628,29858,24014,1049,29254,1347,31847
E01032657,5551,24298,29676,5649,4875,6960
E01032658,3759,14311,27987,3351,4115,5248
E01033232,5569,27433,6101,18724,21631,24471
E01033233,30033,28895,2558,9278,23032,27437
E01033234,23380,25278,4890,20767,26379,23572
E01033235,24312,29877,30994,16633,7526,26508
E01033236,28052,29719,9777,18698,7392,27142
E07000040,17742,19982,10728,25076,11555,30891
E07000041,14806,20133,17428,12576,10286,22201
E07000042,14148,16920,7945,25511,6165,31675
E07000043,11594,15920,10689,18165,8676,31111
E07000044,21162,24192,9345,24982,7734,31827
E07000045,17867,19093,11876,20776,8974,29828
E07000046,9470,14505,8258,21827,5148,32351
E07000047,17982,20009,6835,26737,4967,31476
E10000008,15761,19040,11043,21393,8562,29718
E06000026,12014,16373,18660,13714,10869,19821
E06000027,11804,12792,17372,18218,10300,23342
IMDQ1,4933,8193,22179,8729,5607,20249
IMDQ2,9361,13976,16091,15824,5087,25911
IMDQ3,15796,19395,10195,21146,6818,28486
IMDQ4,19864,22420,10919,23538,13072,28569
IMDQ5,24122,24939,11184,25577,20138,28155
E02003122,17310,22477,7625,21707,24363,26206
E02003123,7202,8511,12661,11406,16064,25280
E02003124,8899,10161,11028,11496,15717,25179
E02003125,10490,7941,18001,11042,16916,24217
E02003126,9081,11532,9677,13034,19983,25136
E02003127,5017,6477,20870,11016,14031,18324
E02003128,9735,9260,17171,9483,14705,21427
E02003129,13398,21045,8583,15423,18058,15455
E02003130,6094,7864,21376,12650,7920,23497
E02003131,5795,9428,12400,13031,14017,21912
E02003132,15770,15777,20696,17314,10336,20783
E02003133,11424,15367,14966,17467,15044,19836
E02003134,4365,5019,20468,9454,6570,17458
E02003135,4072,8815,23494,10172,6428,24970
E02003136,20411,21733,17471,21275,17468,23701
E02003137,29207,28983,14950,22946,17154,18004
E02003138,25567,28705,29281,21232,5360,17166
E02003139,16505,23306,4834,22732,17513,25383
E02003140,17449,24014,14535,23911,12636,20194
E02003141,13788,16867,28967,11420,1333,23287
E02003142,7701,10681,18004,11557,5703,16790
E02003143,12328,19130,8213,18193,17277,23355
E02003144,14160,26966,26423,5081,1702,13830
E02003145,21126,21512,24445,13160,2389,13474
E02003146,13552,25190,30191,9746,2211,12987
E02003147,4387,4344,26583,4367,4801,11688
E02003148,5326,14826,29052,3611,3128,9968
E02003149,7743,14113,21069,6504,948,9695
E02003150,9194,15130,28081,6125,2647,16272
E02003151,22047,25503,13972,24798,21345,26189
E02003152,16404,22755,15366,19431,12539,22500
E02003153,14454,22372,11204,19612,18042,26868
E02003154,4107,6612,16505,16225,11876,24282
E02003155,15144,14437,18854,16926,5118,21801
E02003156,15947,17184,12724,21639,22067,26055
E02003157,6673,8601,21175,13239,3222,17617
E02003158,9083,11554,26081,18363,5964,23151
E02003159,7759,12512,23004,15911,2674,22381
E02003161,5545,8759,22453,8794,488,14088
E02003163,23645,18640,12986,17431,8139,24149
E02003164,16447,17651,13789,23491,16374,25464
E02003165,12871,11967,13297,23462,9008,22174
E02003166,4861,7700,12255,15754,12554,26201
E02003167,8238,6465,23480,10517,1774,16689
E02003168,16704,14765,12037,21278,15899,24842
E02003169,20510,21120,15535,25844,22161,28034
E02003170,12335,12897,19004,18009,9231,27346
E02003171,12045,11891,18302,18423,10881,27734
E02004129,22559,17568,334,29320,920,32181
E02004130,10988,14166,15523,19021,13585,29667
E02004131,15196,15967,6024,27915,24606,31185
E02004132,24184,24588,3849,28543,4046,31555
E02004133,17611,14387,8401,22223,6757,30872
E02004134,17956,22485,1478,26341,2680,31272
E02004135,25180,22762,4017,26319,5417,31875
E02004136,25388,25053,9805,26168,12843,31810
E02004137,26221,22937,4170,25892,5630,30044
E02004138,17925,16339,19671,23427,17720,31961
E02004139,12525,16749,10866,24818,20323,31485
E02004140,25827,26058,15419,23985,15928,29948
E02004141,23543,24055,8468,27480,10352,31168
E02004142,20148,27537,4465,28836,6512,30937
E02004143,15378,18381,19926,28109,25194,31363
E02004144,13944,18924,11675,28717,20758,30512
E02004145,15439,25431,11522,25085,15800,30970
E02004146,7172,12911,15800,23185,14190,29614
E02004147,9990,17397,28929,17205,1225,27404
E02004148,11662,17756,14318,19969,12321,31433
E02004149,27907,28812,5822,12937,22558,27086
E02004150,9477,15063,11692,10610,7996,22705
E02004151,14392,13776,16653,16190,15553,22398
E02004152,23332,26264,27100,6138,1349,20703
E02004153,10520,13916,14730,13413,14256,28898
E02004154,15856,25821,25927,11197,2783,20671
E02004155,11197,11457,16786,12403,9045,22064
E02004156,13805,23057,23075,5256,1452,14956
E02004157,28477,31344,12603,14607,11642,17749
E02004158,15039,16382,28265,11797,2733,20693
E02004159,18716,22506,9034,20096,19174,23115
E02004160,15233,11991,12485,15338,13757,25793
E02004161,3326,8911,24999,9806,4003,22289
E02004162,14713,19792,16756,13581,12141,23035
E02004163,15489,20797,16846,16038,13313,20393
E02004164,15673,19985,1505,28497,201,32636
E02004165,14423,18568,2440,26833,14236,32346
E02004166,24141,21235,4776,26637,3793,32503
E02004167,2472,7881,14611,17841,7653,27892
E02004168,7379,9082,13845,19743,4366,29918
E02004169,20910,18726,6654,28513,8190,31523
E02004170,8647,12230,15423,25019,12398,31794
E02004171,23493,22907,6338,27794,1982,32550
E02004172,13676,18132,712,27326,494,32469
E02004173,17680,22803,884,28292,861,32626
E02004174,9970,15460,18822,23708,10495,32013
E02004175,5007,9436,17004,12014,2022,31156
E02004176,9514,16513,5802,18360,2463,32528
E02004177,6855,11148,17217,14267,3366,31860
E02004178,16405,24722,5430,21224,7402,32225
E02004179,11306,21596,13236,19629,13043,31237
E02004180,23325,20647,1543,24920,4131,32379
E02004181,11848,15029,9886,17603,8884,30860
E02004182,5117,7684,16736,10662,8169,29803
E02004183,11099,15418,17548,17706,13744,25494
E02004184,10859,12770,16150,15457,15382,30298
E02004185,16196,18084,11381,22072,18847,31293
E02004186,14050,18411,3914,21449,15103,31792
E02004187,9257,15074,11129,17919,3752,31634
E02004188,14628,16468,1394,20392,125,32682
E02004189,15840,24000,8091,27850,11925,32274
E02004190,23309,25981,8873,25479,3806,32271
E02004191,17080,25254,18098,20535,8287,29731
E02004192,25232,24556,5795,25807,4892,31127
E02004193,21318,24976,12701,27625,19132,31719
E02004194,20744,27365,2282,25247,1243,32538
E02004195,13014,16773,13465,22315,8683,32575
E02004196,27543,27858,11320,26425,3368,31771
E02004197,24510,27560,7477,27287,9221,31219
E02004198,16088,17317,7181,21056,7324,32703
E02004199,25457,21237,1477,24435,944,32313
E02004200,24698,23999,9451,23859,4215,32706
E02004201,22926,22789,5457,21918,1412,31930
E02004202,23335,25593,12470,23164,8760,27949
E02004203,22365,26768,8927,22592,827,32539
E02004204,18607,23021,11218,22392,8819,30368
E02004205,18483,14827,7686,16840,7138,30537
E02004206,17609,15486,10564,14635,4066,30668
E02004207,18390,20555,8454,24398,9140,30716
E02004208,24669,23469,9581,22406,20053,31699
E02004209,15647,14980,17339,23385,14339,29939
E02004210,10339,12412,21895,11446,1692,29600
E02004211,27437,24948,7626,23508,13374,30798
E02004212,15372,16378,7746,22711,15989,29851
E02004213,19209,20206,4054,22736,9073,30814
E02004214,8384,11101,25526,14950,2031,23544
E02004215,12235,14558,13451,17005,8985,26384
E02004216,10646,14435,9783,24477,15786,28223
E02004217,11099,18977,15647,18178,3966,31295
E02004218,21581,19450,14259,23844,11420,27221
E02004219,26936,24371,9080,24918,10017,31796
E02004220,6382,16004,15070,21414,8917,32473
E02004221,11462,20351,8023,22513,14670,32677
E02004222,7193,15117,12661,18499,9386,30650
E02004223,4303,10634,13798,18965,5671,32079
E02004224,13142,16870,1716,23127,664,32833
E02004225,10195,13299,15740,20273,9815,31980
E02004226,13902,17007,694,25990,407,32741
E02004227,11929,12464,5366,21452,525,32788
E02004228,12646,14794,561,25629,271,32766
E02004229,18337,15293,5593,26141,505,32753
E02004230,14938,14020,10158,23065,8587,32053
E02004231,19469,20423,3979,27118,625,32706
E02004232,19174,18237,1590,28697,230,32014
E02004233,15281,22848,9980,26098,12183,30598
E02004234,19228,24347,6601,29437,3337,30989
E02004235,23499,25836,6873,28103,3217,29530
E02006840,16725,17104,19678,22133,9977,21708
TOWN01,11099,18977,15647,18178,3966,31295
TOWN02,21626,17695,5834,24111,4680,31350
TOWN03,12695,15068,11300,18371,12683,30348
TOWN04,7795,14893,10375,20657,7245,32083
TOWN05,13736,22821,11773,20685,12386,31466
TOWN06,13843,18732,7333,26351,4245,32358
TOWN07,17943,17181,9203,26583,8167,32062
TOWN08,18935,19898,7872,23849,4983,32649
TOWN09,18002,15563,10964,16121,5580,30660
TOWN10,15624,20614,15865,14117,9633,23210
TOWN11,13445,19593,15680,24260,13275,30289
TOWN12,11188,15273,8831,23602,5463,32320
TOWN13,12227,13458,3277,23268,415,32779
TOWN14,16372,16437,7092,25403,12253,31116
TOWN15,7303,12926,12974,14884,2935,31869
TOWN16,22284,25827,9707,27260,11253,31785
TOWN17,20559,20833,5796,23151,4235,32590
TOWN18,5766,18288,3283,18744,285,32348
TOWN19,20801,25537,11657,20791,803,32584
TOWN20,17384,18513,11481,22365,10229,29208
TOWN21,17826,16506,6026,25477,2840,32352
TOWN22,24364,24250,6946,27322,8945,31493
TOWN23,20010,19007,14148,24577,13962,30833
TOWN24,19674,21351,10440,25247,17176,31140
TOWN25,11617,15651,8219,18587,2660,31954
TOWN26,17982,22839,7107,27533,6515,30802
TOWN27,19519,19423,14523,18445,12298,30710
TOWN28,12074,15930,6883,24210,5448,31132
TOWN29,20567,25967,12424,23348,6269,30850
DIV1,17466,15549,17033,14749,11578,22598
DIV2,15901,20279,12930,20127,5323,31543
DIV3,20950,16834,6842,23273,5512,31307
DIV4,7926,11363,14736,13786,8228,29461
DIV5,11552,13932,15726,16941,15863,29018
DIV6,19493,24700,7934,27834,10420,31660
DIV7,6291,13425,10320,19514,7239,31733
DIV8,7989,13054,10289,20545,2615,32185
DIV9,21343,23432,10120,25114,9074,31229
DIV10,13736,22821,11773,20685,12386,31466
DIV11,18018,23294,1475,26995,3338,31275
DIV12,18683,22709,9481,20617,3231,31089
DIV13,19215,18970,2495,22326,3078,32484
DIV14,13956,18746,3381,20057,1834,32564
DIV15,10556,17428,11746,25390,6713,32132
DIV16,20171,22643,2022,28099,415,32698
DIV17,14218,14971,12169,25826,9181,32003
DIV18,20218,20928,9163,24274,6557,31763
DIV19,18089,15141,9134,15731,5593,30603
DIV20,24896,26944,9104,11962,18785,25539
DIV21,22802,25368,9679,22992,7107,28876
DIV22,13330,21025,13049,22291,13900,31223
DIV23,13250,18999,17697,24962,13759,29903
DIV24,10884,14230,20589,12249,9958,26587
DIV25,16560,16379,9636,24578,16523,30699
DIV26,13812,18218,8322,21914,21926,31194
DIV27,20130,18554,5439,26674,499,32736
DIV28,14124,17490,19947,13920,8559,20741
DIV29,12227,13458,3277,23268,415,32779
DIV30,5982,10324,17115,13192,2725,31524
DIV31,24381,21614,12387,23848,12303,29217
DIV32,21318,24976,12701,27625,19132,31719
DIV33,19777,18915,4567,22604,4401,32525
DIV34,18085,18152,11741,23583,13296,30162
DIV35,12075,14330,12583,19098,10331,26450
DIV36,11922,14370,14540,20603,10646,27982
DIV37,8577,18036,11627,21951,11728,32573
DIV38,16763,15927,6185,25677,4712,32035
DIV39,24102,24177,7189,26518,12068,31540
DIV40,11940,12410,12895,14966,14000,22514
DIV41,24110,25126,8025,25207,2791,32771
DIV42,20734,19252,12782,24857,12594,30993
DIV43,18652,21045,11443,24648,16834,31081
DIV44,25207,27542,9558,25557,4562,31860
DIV45,9368,14783,9482,18024,3122,31816
DIV46,17129,26254,17391,8789,3614,17745
DIV47,18707,25682,26138,7475,1844,20755
DIV48,15281,22848,9980,26098,12183,30598
DIV49,17826,18120,15258,17353,11588,30731
DIV50,8388,13665,8755,22357,10500,30099
DIV51,11211,13197,7823,23712,3986,31310
DIV52,11930,15260,7489,23409,4655,32397
DIV53,18252,26593,13201,21922,6087,30594
DIV54,20044,24355,11906,17274,16913,19712
DIV55,22748,22549,1528,28678,1078,31820
DIV56,21765,19643,5686,27835,6272,31928
DIV57,7832,13692,18190,13649,10491,23118
DIV58,20005,23145,6017,28412,3017,30529
CHSCTAXE,20508,19353,9926,24670,12008,31124
CHSCTBARNSTAPLE,12610,14412,11750,17467,9587,30113
CHSCTBIDEFORD,8816,15479,10755,20848,11449,31865
CHSCTBRAUNTON,9764,17126,12002,17350,6490,31736
CHSCTCREDITON,14808,18981,8695,25868,4390,32257
CHSCTCULLOMPTON,18422,19021,7981,26669,6469,32104
CHSCTDAWLISH,18998,17539,12259,17224,9054,30606
CHSCTEXETERCHALL,16350,18635,14362,17507,10977,25265
CHSCTEXETERSYCAMORE,14763,21996,17789,10872,8749,21114
CHSCTEXMOUTH,13445,19593,15680,24260,13275,30289
CHSCTHONITON,20611,20050,7330,26136,11183,31328
CHSCTIVYBRIDGE,22711,26029,10251,26676,9989,31788
CHSCTKINGSBRIDGE,20559,20833,5796,23151,4235,32590
CHSCTNABBOT,16190,17164,12252,22000,11447,28550
CHSCTOKE,17699,17743,7151,24457,2801,32502
CHSCTSMOLTON,11708,15473,6556,19783,2214,32122
CHSCTTAVISTOCK,18435,23348,7679,27886,7583,30901
CHSCTTEIGN,18392,22217,10916,22475,6257,31245
CHSCTTIVERTON,11518,15315,6545,24045,5639,31064
CHSCTTORRINGTON,11554,14311,5189,23238,2181,32622
CHSCTTOTNES,18943,23260,11098,22837,5898,31478
Eastern,17057,19157,12516,21009,9322,28199
Northern,11302,15382,10072,19545,7524,31535
Southern,15905,16466,14362,19849,9574,26842
Western,14609,17942,16317,16906,10380,22654
