Area,2005,2006,2007,2008,2009,2010,2011,2012,2013,2014,2015,2016
E92000001,703106,791888,716283,695550,1298572,1186346,1222222,1282669,1172963,814654,573096,451428
E12000009,40918,48058,42137,40971,94361,79323,80106,86458,76223,50658,35292,28688
E01015023,16,29,33,20,61,49,45,50,47,30,25,40
E01015024,20,20,11,17,32,36,43,34,30,30,15,20
E01015025,8,10,#,6,14,13,16,10,5,5,5,10
E01015026,34,38,35,29,47,67,63,48,41,40,25,40
E01015027,13,13,17,10,25,18,20,29,15,15,15,15
E01015028,28,26,27,21,50,39,62,53,31,30,25,25
E01015029,12,12,17,14,29,33,32,44,30,30,10,15
E01015030,44,44,36,36,57,54,70,66,49,50,30,40
E01015031,20,30,25,25,48,45,54,50,46,45,25,20
E01015032,38,33,44,39,73,66,69,76,78,80,40,45
E01015033,6,13,7,7,23,10,12,12,9,10,5,5
E01015034,9,15,10,9,13,8,14,17,9,10,5,5
E01015035,10,12,8,11,23,18,16,14,10,10,10,10
E01015036,13,12,6,9,20,15,16,18,16,15,10,10
E01015037,10,17,13,5,22,13,28,17,23,25,15,15
E01015038,7,17,10,7,22,20,22,16,11,10,10,10
E01015039,8,21,25,20,29,23,40,22,29,30,20,20
E01015040,30,31,31,41,61,54,65,65,54,55,25,30
E01015041,20,25,22,19,43,39,44,45,36,35,25,30
E01015042,26,26,31,35,42,55,62,46,30,30,20,35
E01015043,52,55,42,42,62,76,96,93,91,90,50,50
E01015044,28,31,41,39,68,63,69,71,56,55,30,35
E01015045,25,27,33,25,64,58,71,80,63,60,35,40
E01015046,68,96,91,74,112,141,143,133,102,100,60,65
E01015047,35,51,51,28,63,72,68,69,71,70,40,40
E01015048,72,65,65,55,89,75,83,96,84,85,50,70
E01015049,23,15,11,23,36,27,28,27,17,15,20,30
E01015050,35,35,35,38,57,55,72,68,59,60,35,40
E01015051,30,25,15,12,32,27,33,34,29,30,20,25
E01015052,42,48,36,35,56,40,62,65,53,55,40,55
E01015053,42,51,42,39,59,36,50,57,53,55,30,30
E01015054,32,24,28,30,37,34,33,40,30,30,25,20
E01015055,37,26,29,27,42,40,41,30,33,35,20,30
E01015056,19,24,24,29,36,30,39,44,36,35,20,25
E01015057,27,27,42,28,52,51,56,65,52,50,25,40
E01015058,26,28,28,25,49,55,50,58,50,50,20,25
E01015059,21,21,17,16,49,34,34,38,27,25,20,25
E01015060,23,22,17,14,35,37,36,45,36,35,15,15
E01015061,31,22,30,26,54,49,55,57,48,50,35,35
E01015062,40,39,55,34,66,60,64,70,44,45,40,40
E01015063,23,24,26,23,43,29,26,28,20,20,15,15
E01015064,3,5,5,5,11,13,9,8,4,5,5,0
E01015065,4,5,7,10,19,16,19,17,8,10,10,5
E01015066,8,8,12,5,18,18,18,19,7,5,5,5
E01015067,7,4,12,6,28,14,18,15,15,15,5,5
E01015068,4,12,8,7,23,17,22,13,14,15,5,0
E01015069,17,14,20,15,46,36,31,27,32,30,20,15
E01015070,24,23,23,22,36,39,31,30,27,25,20,15
E01015071,11,16,15,7,22,25,20,16,17,15,10,15
E01015072,23,45,53,37,60,56,52,72,70,70,30,30
E01015073,20,27,33,23,53,46,39,52,34,35,20,30
E01015074,16,25,32,28,41,42,41,36,35,35,30,25
E01015075,25,27,30,21,46,35,52,60,41,40,25,35
E01015076,12,12,17,16,32,27,31,41,23,25,10,20
E01015077,12,10,8,12,28,25,29,22,17,15,10,20
E01015078,27,34,44,45,69,52,49,47,44,45,25,40
E01015079,10,12,17,18,32,27,19,26,27,25,15,15
E01015080,42,48,56,45,72,58,73,63,46,45,15,15
E01015081,22,28,30,18,40,47,42,45,40,40,15,25
E01015082,28,45,35,34,66,48,52,49,39,40,25,25
E01015083,43,46,37,26,72,73,65,51,54,55,35,40
E01015084,20,28,23,20,33,31,31,34,34,35,20,20
E01015085,11,27,23,17,32,36,37,30,26,25,20,15
E01015086,17,18,26,17,40,30,28,35,24,25,10,30
E01015087,35,44,39,44,63,65,71,66,54,55,20,30
E01015088,29,49,44,31,60,53,59,68,51,50,35,25
E01015089,7,17,17,13,33,36,35,24,20,20,10,10
E01015090,10,12,17,11,21,25,22,19,10,10,10,5
E01015091,9,20,17,19,31,25,31,20,17,15,10,15
E01015092,11,13,9,12,30,18,27,19,14,15,15,15
E01015093,15,21,18,19,28,22,19,22,16,15,15,10
E01015094,13,13,16,12,28,28,25,27,15,15,15,15
E01015095,16,21,18,19,39,22,25,25,26,25,10,5
E01015096,17,10,12,12,25,30,32,34,25,25,10,10
E01015097,5,7,6,5,21,9,15,14,11,10,10,10
E01015098,7,14,11,12,26,15,15,16,23,25,15,10
E01015099,10,9,15,12,31,35,33,20,14,15,10,5
E01015100,23,19,21,17,33,30,29,38,26,25,20,20
E01015101,#,5,6,7,15,10,8,10,5,5,10,5
E01015102,16,14,13,12,28,30,31,43,24,25,25,20
E01015103,15,10,14,17,19,23,22,17,14,15,20,10
E01015104,6,10,14,7,24,19,16,12,11,10,5,5
E01015105,9,13,12,17,35,17,23,20,18,20,15,10
E01015106,9,13,14,16,32,30,30,28,20,20,5,15
E01015107,6,11,10,10,20,15,17,21,14,15,15,10
E01015108,16,12,11,4,18,19,12,17,13,15,5,5
E01015109,#,8,5,11,28,25,16,30,12,10,5,10
E01015110,7,7,6,#,22,15,7,12,9,10,5,5
E01015111,9,10,6,10,25,19,18,6,9,10,5,10
E01015112,6,7,4,7,22,14,15,22,12,10,5,5
E01015113,6,10,11,4,14,11,12,12,6,5,5,10
E01015114,8,11,12,8,23,14,15,12,10,10,5,5
E01015115,11,13,5,7,20,17,26,23,14,15,10,10
E01015116,7,11,16,10,18,11,14,14,14,15,5,10
E01015117,8,7,5,11,24,30,18,16,9,10,10,5
E01015118,8,#,4,3,15,18,9,15,12,10,5,10
E01015119,4,10,7,9,23,21,16,13,13,15,5,5
E01015120,#,#,6,10,22,9,16,18,10,10,5,5
E01015121,8,7,8,7,18,9,12,7,9,10,0,5
E01015122,#,5,14,8,22,12,10,17,13,15,5,10
E01015123,7,9,9,#,17,21,14,14,9,10,5,15
E01015124,6,8,8,9,17,21,15,9,14,15,5,5
E01015125,5,8,7,11,24,21,18,16,11,10,5,10
E01015126,5,#,4,7,13,8,10,9,5,5,5,10
E01015127,5,3,7,8,18,14,13,23,20,20,10,10
E01015128,6,14,12,10,19,17,20,16,8,10,5,10
E01015129,13,17,17,12,33,28,22,31,13,15,10,20
E01015130,11,10,14,9,23,14,18,10,13,15,10,5
E01015131,4,8,8,4,13,7,7,5,3,5,5,5
E01015132,13,12,9,7,15,17,14,17,14,15,5,5
E01015133,12,11,12,5,13,20,9,14,3,5,5,10
E01015134,7,8,12,6,14,10,11,13,13,15,10,10
E01015135,15,11,16,5,30,22,22,11,21,20,10,10
E01015136,9,9,11,9,26,9,27,21,13,15,5,10
E01015137,7,8,6,7,19,24,17,19,9,10,10,5
E01015138,12,14,10,13,23,24,19,25,13,15,5,15
E01015139,9,18,13,13,31,25,39,28,20,20,5,10
E01015140,4,10,8,8,15,10,7,10,9,10,5,5
E01015141,5,8,10,6,23,14,15,18,7,5,5,5
E01015142,14,21,21,16,34,38,33,33,24,25,15,20
E01015143,10,13,15,13,43,26,31,27,31,30,10,15
E01015144,30,33,34,30,51,53,61,58,55,55,45,35
E01015145,44,54,43,56,72,77,98,85,91,90,60,45
E01015146,32,39,48,34,67,75,78,92,81,80,50,40
E01015147,19,17,13,14,22,19,22,23,23,25,10,5
E01015148,11,18,15,12,36,26,41,45,20,20,10,15
E01015149,30,35,37,29,42,41,59,51,38,40,25,35
E01015150,13,20,17,13,26,26,43,35,30,30,15,15
E01015151,74,90,80,68,118,113,118,120,109,110,90,90
E01015152,62,56,63,57,73,89,113,107,86,85,60,55
E01015153,75,90,76,74,120,107,111,132,109,110,75,70
E01015155,98,106,96,88,117,145,160,149,147,145,95,105
E01015156,35,50,48,31,53,70,87,75,72,70,40,50
E01015157,59,74,62,48,89,89,87,77,88,90,60,65
E01015158,38,45,46,40,79,80,78,84,71,70,40,55
E01015159,18,24,24,12,35,35,36,35,23,25,15,30
E01015160,5,6,4,3,17,8,16,11,10,10,5,5
E01015161,14,12,13,14,36,27,29,37,34,35,25,20
E01015162,13,30,20,30,41,27,35,39,28,30,25,15
E01015163,5,11,14,10,29,15,26,20,15,15,10,10
E01015164,19,14,22,15,33,26,31,30,27,25,20,20
E01015165,14,13,12,9,27,25,18,18,14,15,10,10
E01015166,24,29,31,22,47,53,51,55,51,50,35,40
E01015167,29,33,37,24,63,55,53,63,46,45,20,25
E01015168,30,47,35,30,68,57,84,74,65,65,35,40
E01015169,33,28,30,17,51,44,58,53,50,50,30,40
E01015170,36,32,43,48,69,64,77,84,77,75,45,40
E01015171,39,46,35,29,55,51,67,71,55,55,35,40
E01015172,41,52,46,31,66,59,80,100,70,70,35,40
E01015173,10,28,19,23,57,42,42,47,36,35,15,25
E01015174,12,12,10,11,28,19,27,31,25,25,10,10
E01015175,33,32,26,27,65,53,49,75,57,55,30,60
E01015176,27,31,27,19,44,27,36,38,32,30,20,15
E01015177,23,39,33,38,51,66,46,43,58,60,40,25
E01015178,47,41,35,44,69,62,76,68,71,70,50,45
E01015179,39,34,39,27,69,55,53,51,38,40,30,40
E01015180,54,74,56,54,90,79,84,87,98,100,55,55
E01015181,58,72,66,66,109,112,111,117,92,95,65,80
E01015182,36,49,47,41,74,70,71,82,74,75,35,40
E01015183,16,12,10,7,18,15,16,14,17,15,5,5
E01015184,8,5,13,5,19,12,11,16,16,15,5,0
E01015185,10,14,19,11,29,14,20,27,20,20,10,5
E01015186,21,31,23,26,48,46,54,53,37,35,10,15
E01015187,6,13,8,7,23,13,10,9,5,5,5,5
E01015188,4,14,7,10,24,17,15,23,20,20,10,10
E01015189,20,18,23,17,40,32,28,23,15,15,5,15
E01015190,13,13,23,25,40,34,43,38,41,40,10,5
E01015191,14,17,16,14,25,21,21,33,23,25,5,5
E01015192,18,29,21,16,44,31,35,41,36,35,10,15
E01015193,5,14,13,14,25,23,24,19,17,15,5,5
E01015194,18,26,31,24,33,27,31,51,28,30,15,10
E01015195,15,12,10,16,36,25,25,33,22,20,15,15
E01015196,29,36,37,31,57,58,60,80,69,70,40,35
E01015197,4,6,3,8,14,11,8,9,7,5,5,5
E01015198,7,6,6,3,17,11,13,8,7,5,5,5
E01015199,3,9,8,3,11,7,6,4,5,5,5,5
E01015200,6,6,12,#,21,13,10,12,7,5,5,10
E01015201,3,9,4,8,24,14,11,9,9,10,5,10
E01015202,13,20,16,10,32,25,20,25,15,15,5,5
E01015203,7,9,8,4,19,12,7,9,8,10,5,10
E01015204,15,23,20,11,38,33,37,53,34,35,15,10
E01015205,5,19,14,8,29,26,19,25,24,25,10,10
E01015206,17,19,26,18,43,16,34,49,42,40,20,25
E01015207,16,22,26,11,36,31,35,35,33,35,10,10
E01015208,8,5,6,13,14,9,13,12,15,15,5,5
E01015209,19,27,24,21,34,30,39,39,41,40,20,20
E01015210,25,34,29,21,42,41,55,44,48,50,20,20
E01015211,3,10,11,7,10,9,14,11,11,10,5,5
E01015212,35,36,30,24,56,36,46,37,35,35,20,20
E01015213,8,15,7,14,28,22,29,37,25,25,10,10
E01015214,21,38,32,43,63,75,82,89,77,75,40,45
E01015215,16,17,14,15,34,28,22,31,32,30,15,5
E01015216,24,27,33,28,58,53,55,61,53,55,25,25
E01015217,42,47,59,37,85,86,97,93,91,90,65,65
E01015218,17,24,28,21,39,41,50,58,49,50,20,15
E01015219,13,12,15,7,27,23,27,35,26,25,5,10
E01015220,9,11,10,9,15,13,19,20,15,15,5,5
E01015221,8,12,13,8,25,21,24,18,17,15,5,10
E01015222,13,11,14,9,33,18,19,23,17,15,5,5
E01015223,7,11,10,10,19,10,21,14,7,5,5,10
E01015224,12,13,19,14,29,29,21,27,25,25,10,5
E01015225,18,20,24,22,26,27,29,29,27,25,15,10
E01015226,8,7,8,4,15,11,13,9,13,15,5,5
E01015227,8,8,5,12,22,11,15,16,4,5,5,5
E01015228,26,23,27,20,35,36,37,31,29,30,20,15
E01015229,14,14,20,23,48,21,34,41,37,35,10,15
E01015230,5,4,4,8,12,9,13,7,7,5,5,5
E01015231,49,47,48,47,74,70,84,103,97,95,60,55
E01015232,32,50,50,53,87,70,91,98,86,85,40,50
E01015233,27,26,35,31,62,39,59,62,57,55,40,40
E01015234,18,21,24,19,34,25,36,38,45,45,25,20
E01015235,17,18,25,18,46,32,33,38,27,25,10,15
E01015236,20,24,15,8,21,27,27,19,22,20,10,10
E01015237,9,13,12,17,41,25,34,27,17,15,10,15
E01015238,13,17,20,12,44,31,28,34,32,30,10,10
E01015239,17,31,24,23,41,29,29,37,36,35,15,20
E01015240,13,18,18,13,30,27,38,37,32,30,20,15
E01015241,16,23,22,23,45,43,39,43,43,45,15,20
E01015242,21,28,28,26,31,40,59,49,40,40,25,20
E01015243,7,12,15,8,27,24,21,19,17,15,5,10
E01015244,8,13,9,9,17,14,11,15,12,10,5,5
E01015245,18,20,16,10,26,27,20,22,15,15,10,5
E01015246,7,13,10,13,25,23,11,16,13,15,5,5
E01015247,8,13,15,19,32,26,34,27,28,30,10,15
E01015248,28,31,34,27,53,34,40,30,19,20,10,10
E01015249,12,20,23,20,26,26,38,38,18,20,20,15
E01015250,6,14,15,6,21,24,20,21,10,10,5,5
E01015251,6,6,9,3,10,12,16,12,11,10,5,5
E01015252,18,21,21,20,50,35,54,64,44,45,20,20
E01015253,7,18,15,15,20,23,18,16,12,10,15,10
E01015254,14,9,13,3,15,9,11,14,5,5,5,5
E01015255,69,75,81,68,130,128,142,131,140,140,60,65
E01015256,65,97,82,65,129,99,125,143,129,130,65,65
E01015257,30,50,36,33,45,73,65,78,78,80,25,25
E01015258,35,39,33,33,56,61,61,64,64,65,25,30
E01015259,23,27,30,24,56,41,49,60,40,40,10,20
E01015260,53,55,56,49,83,77,112,126,112,110,60,45
E01015261,37,49,61,53,87,70,103,116,90,90,45,65
E01015262,10,21,19,22,41,24,33,26,26,25,10,10
E01015263,26,44,34,28,49,58,62,67,53,55,30,25
E01015264,7,10,10,7,20,21,13,19,17,15,5,5
E01015265,8,11,11,5,26,24,28,32,19,20,30,15
E01015266,18,21,30,32,54,42,68,64,57,55,30,20
E01015267,38,37,24,30,41,49,77,72,64,65,45,25
E01015268,26,22,20,20,35,31,29,38,31,30,20,20
E01015269,26,24,15,19,33,28,36,39,39,40,15,15
E01015270,30,20,24,19,44,30,39,40,40,40,20,25
E01015271,5,9,8,0,7,8,14,15,14,15,5,10
E01019886,20,10,21,13,34,34,35,37,32,30,25,15
E01019887,6,4,7,7,15,33,24,28,26,25,5,20
E01019888,9,16,11,7,21,22,17,21,14,15,10,15
E01019889,4,3,3,5,14,9,12,7,14,15,5,5
E01019890,5,3,12,11,12,12,10,8,5,5,5,5
E01019891,6,3,7,5,12,13,10,13,5,5,5,5
E01019892,9,10,4,5,13,10,13,8,7,5,10,20
E01019893,#,9,5,7,21,16,16,11,10,10,10,10
E01019894,4,4,#,3,9,6,6,6,5,5,5,5
E01019895,0,6,#,0,8,#,6,3,3,5,0,5
E01019896,7,7,5,4,11,7,9,10,8,10,5,0
E01019897,6,7,10,7,27,18,16,10,13,15,5,5
E01019898,8,9,5,6,13,11,14,17,13,10,0,5
E01019899,8,10,5,9,12,11,14,7,11,10,10,10
E01019900,#,5,3,3,13,11,11,12,11,10,5,5
E01019901,7,4,4,4,10,10,4,5,10,10,5,5
E01019902,12,15,10,6,22,19,16,19,17,15,5,10
E01019903,4,6,7,6,22,14,11,20,14,15,5,5
E01019904,7,12,9,9,21,15,16,19,14,15,5,5
E01019905,7,#,5,12,22,16,11,7,6,5,5,5
E01019906,6,7,6,4,18,5,12,8,6,5,0,5
E01019907,3,10,8,5,13,11,12,10,6,5,0,5
E01019908,3,9,11,11,22,23,15,29,13,15,10,5
E01019909,3,3,3,3,10,6,3,11,7,5,5,0
E01019910,5,8,6,4,16,13,12,15,7,5,5,10
E01019911,6,9,4,3,8,6,8,5,3,5,0,0
E01019912,12,12,12,15,33,16,18,23,13,15,10,10
E01019913,5,5,4,#,7,7,10,6,9,10,5,5
E01019914,11,21,16,22,42,35,26,32,24,25,5,10
E01019915,4,5,3,6,13,9,11,14,10,10,5,5
E01019916,29,27,19,7,46,43,37,50,28,30,15,20
E01019917,7,15,12,14,24,21,32,25,17,15,10,10
E01019918,27,18,27,19,44,41,44,54,31,30,15,20
E01019919,13,10,14,12,40,40,36,42,16,15,10,15
E01019920,12,14,17,11,34,27,30,24,16,15,5,15
E01019921,8,5,3,9,19,12,15,15,8,10,0,5
E01019922,12,11,9,12,26,17,24,21,14,15,10,5
E01019923,4,12,6,4,22,18,14,13,10,10,5,5
E01019924,6,21,11,8,19,28,26,28,19,20,10,15
E01019925,4,#,4,10,12,13,9,14,9,10,5,0
E01019927,16,10,12,8,26,24,30,27,31,30,10,15
E01019928,12,16,13,11,26,30,17,30,19,20,10,15
E01019929,11,15,8,9,26,21,20,18,14,15,5,10
E01019930,8,9,8,4,14,15,13,12,8,10,0,0
E01019931,#,#,3,7,11,7,4,6,4,5,5,5
E01019932,10,18,16,9,25,29,32,30,28,30,15,20
E01019933,7,14,7,7,17,15,15,10,13,15,10,10
E01019934,7,7,8,8,8,13,19,14,12,10,5,5
E01019935,6,3,4,#,8,6,13,8,7,5,5,5
E01019936,5,5,6,#,3,9,8,10,13,15,5,5
E01019937,6,5,5,7,19,17,13,9,13,15,5,5
E01019938,5,6,5,9,18,12,12,9,8,10,5,5
E01019939,#,5,3,#,8,3,5,#,7,5,5,0
E01019940,#,0,0,#,12,3,8,5,6,5,0,5
E01019942,4,3,10,5,20,28,21,18,18,20,10,5
E01019943,5,4,3,6,13,9,12,5,11,10,0,5
E01019944,4,8,4,6,16,10,16,11,21,20,5,10
E01019945,8,4,9,5,13,12,8,14,7,10,5,5
E01019946,3,8,3,7,12,9,6,5,6,5,0,5
E01019947,6,11,7,5,24,19,22,15,17,15,5,15
E01019948,5,5,5,#,12,4,10,11,6,5,0,5
E01019949,5,7,6,9,14,9,8,4,5,5,5,5
E01019950,4,12,7,5,13,8,8,8,5,5,5,5
E01019951,12,7,4,6,17,7,17,10,11,10,5,5
E01019952,5,3,10,6,12,12,7,13,14,15,10,10
E01019953,10,8,#,4,12,6,7,13,8,10,5,10
E01019954,8,13,12,3,23,13,11,19,27,25,10,10
E01019955,12,5,8,7,11,6,15,8,9,10,10,5
E01019956,10,9,3,5,17,7,7,12,7,5,0,5
E01019957,3,3,#,#,6,4,8,4,#,0,5,0
E01019958,6,7,12,5,13,3,18,10,6,5,5,5
E01019959,4,9,4,6,10,10,4,9,6,5,0,5
E01019960,5,6,3,3,11,8,4,5,3,5,5,5
E01019961,9,5,8,10,16,15,12,10,5,5,5,5
E01019962,5,7,5,10,18,15,18,14,13,15,5,5
E01019963,#,5,6,6,17,10,10,9,6,5,5,0
E01019964,4,4,#,3,10,0,#,#,3,5,0,5
E01019965,5,4,#,4,16,9,15,10,4,5,5,5
E01019966,6,4,6,7,7,3,10,#,5,5,0,0
E01019967,3,7,#,0,8,7,#,5,4,5,5,0
E01019968,6,6,7,3,17,14,16,14,11,10,10,5
E01019969,5,10,8,5,20,17,15,22,19,20,10,15
E01019970,10,6,4,5,11,11,7,7,4,5,0,0
E01019971,15,12,14,14,30,33,32,26,28,30,10,15
E01019972,13,20,16,16,29,17,32,33,13,15,10,15
E01019973,7,4,5,4,21,15,12,16,14,15,5,10
E01019974,14,13,12,11,23,14,24,32,29,30,10,10
E01019975,23,26,27,31,39,44,47,35,21,20,15,10
E01019976,3,3,5,6,14,8,8,9,4,5,5,5
E01019977,17,18,12,11,30,16,22,22,14,15,5,5
E01019980,8,17,32,13,40,24,31,31,24,25,20,15
E01019981,13,19,14,18,34,30,37,43,33,35,5,15
E01019982,14,18,24,19,38,41,37,38,27,25,15,20
E01019983,6,4,8,6,25,17,13,12,13,15,5,5
E01019984,7,13,10,9,23,9,15,15,11,10,10,5
E01019985,18,22,19,17,31,29,34,40,37,35,20,20
E01019986,5,7,3,5,17,15,13,10,9,10,10,10
E01019987,11,15,7,12,26,28,26,28,18,20,10,10
E01019988,11,5,7,9,14,7,12,18,14,15,5,5
E01019989,6,8,9,11,23,18,19,19,12,10,5,5
E01019990,21,36,35,26,65,45,45,52,35,35,15,25
E01019991,19,19,20,16,35,41,37,41,32,30,10,10
E01019992,17,15,14,8,29,23,33,24,23,25,10,10
E01019993,5,3,9,#,10,12,14,14,5,5,5,0
E01019994,21,23,17,23,28,12,35,33,25,25,15,20
E01019995,18,40,39,32,62,56,74,62,53,55,25,25
E01019996,15,14,10,11,29,27,29,25,23,25,10,5
E01019997,17,12,18,14,26,31,23,25,30,30,10,5
E01019998,7,7,10,12,19,20,9,22,17,15,10,5
E01019999,3,4,9,7,21,12,8,8,5,5,5,5
E01020000,19,19,17,12,30,33,28,37,32,30,10,15
E01020001,8,6,11,8,15,9,5,13,7,5,5,5
E01020002,14,19,11,18,32,25,33,39,29,30,20,20
E01020003,10,6,11,8,8,8,13,10,6,5,5,5
E01020004,4,6,7,3,16,12,9,13,3,5,5,5
E01020005,16,18,18,19,43,35,27,30,26,25,15,15
E01020006,17,20,12,14,46,34,35,31,38,40,15,15
E01020007,18,19,22,11,36,36,45,27,24,25,10,20
E01020008,18,20,20,18,43,29,29,37,29,30,15,10
E01020009,13,16,12,15,27,22,23,27,20,20,5,10
E01020010,19,22,17,27,39,35,41,45,26,25,15,25
E01020011,5,13,10,9,17,18,12,12,11,10,5,10
E01020012,7,11,14,18,40,32,41,30,27,25,10,10
E01020013,14,22,15,16,30,32,28,30,20,20,5,10
E01020014,20,30,31,28,72,58,67,55,47,45,15,25
E01020015,36,40,43,34,97,71,95,89,66,65,20,30
E01020016,53,55,58,44,72,91,91,101,79,80,35,35
E01020017,28,36,43,39,79,62,70,64,51,50,25,25
E01020018,51,56,44,32,57,51,62,70,66,65,30,35
E01020019,15,13,5,3,11,13,7,10,8,10,5,5
E01020020,23,33,31,27,52,36,37,26,24,25,15,15
E01020021,17,19,7,13,22,18,18,22,14,15,0,5
E01020022,25,31,25,25,45,48,53,52,42,40,25,25
E01020023,8,12,10,14,23,15,26,17,17,15,10,10
E01020024,6,11,6,4,6,13,10,9,10,10,5,5
E01020025,12,22,16,13,30,26,32,24,23,25,10,10
E01020026,#,4,4,7,22,15,12,9,9,10,5,0
E01020027,16,10,9,13,26,28,27,38,22,20,10,10
E01020029,14,14,16,14,22,24,22,32,28,30,10,15
E01020030,18,15,10,19,48,41,48,50,46,45,20,15
E01020031,8,9,8,7,27,27,22,27,21,20,10,10
E01020032,23,22,34,31,56,29,49,50,35,35,10,15
E01020033,8,4,12,4,6,7,17,9,10,10,5,5
E01020035,6,#,0,5,12,16,15,7,5,5,10,5
E01020036,15,22,14,12,25,19,31,29,21,20,15,10
E01020037,11,23,17,15,25,27,33,33,21,20,5,20
E01020038,5,5,#,4,29,15,14,9,9,10,5,10
E01020039,25,31,39,33,46,64,53,61,48,50,15,15
E01020040,7,12,12,10,28,23,24,21,17,15,15,10
E01020041,13,22,11,19,42,40,47,48,35,35,15,25
E01020042,6,7,8,4,25,11,11,8,9,10,5,10
E01020043,9,11,11,13,25,34,31,26,25,25,15,10
E01020044,4,4,#,3,6,5,7,9,3,5,5,0
E01020045,7,6,3,8,15,9,12,14,7,5,5,5
E01020046,4,8,4,4,10,12,5,8,9,10,5,5
E01020047,11,12,8,8,36,20,15,16,22,20,10,15
E01020048,26,31,34,37,60,55,70,76,60,60,35,35
E01020049,#,6,#,10,9,6,4,10,6,5,0,0
E01020050,15,14,18,10,21,21,14,13,18,20,5,5
E01020051,5,7,3,3,24,15,8,11,5,5,5,5
E01020052,18,33,31,20,47,29,37,55,35,35,10,25
E01020053,13,20,14,18,38,28,28,37,25,25,20,15
E01020054,8,9,6,4,23,9,17,20,16,15,5,10
E01020055,15,26,22,24,37,31,35,30,41,40,10,10
E01020056,10,10,3,7,15,8,22,19,10,10,5,5
E01020057,8,15,5,14,32,23,16,22,21,20,10,15
E01020058,8,8,17,9,20,20,14,17,14,15,5,5
E01020059,7,10,10,8,16,9,17,9,11,10,0,5
E01020060,12,21,17,7,27,16,21,28,30,30,20,25
E01020061,14,9,11,11,26,14,21,30,27,25,15,10
E01020062,4,9,8,#,14,8,5,6,7,5,0,0
E01020063,9,16,11,12,33,25,32,20,23,25,10,5
E01020064,7,12,13,16,22,18,16,21,24,25,5,5
E01020065,19,32,28,23,40,27,36,48,40,40,25,25
E01020066,4,7,4,9,32,13,21,19,15,15,10,10
E01020067,27,44,30,26,42,43,36,58,50,50,30,30
E01020068,8,12,9,6,21,10,8,10,8,10,5,5
E01020069,9,4,6,6,19,7,12,9,8,10,5,5
E01020070,8,8,7,6,24,13,18,17,9,10,5,5
E01020071,9,22,10,11,20,19,23,21,19,20,10,10
E01020072,6,12,8,6,13,17,15,13,16,15,5,10
E01020073,6,16,6,5,15,14,14,17,13,15,10,5
E01020074,#,11,7,6,19,18,16,9,11,10,5,5
E01020075,10,#,6,5,23,10,13,14,11,10,10,5
E01020076,11,10,11,7,27,13,16,18,11,10,5,5
E01020077,11,13,8,6,12,15,11,17,8,10,5,5
E01020078,19,15,12,9,20,13,21,31,21,20,5,20
E01020079,8,15,14,14,22,22,14,26,21,20,10,10
E01020080,3,5,5,6,5,6,4,#,3,5,0,0
E01020081,10,14,5,15,24,21,12,20,14,15,10,5
E01020082,0,4,#,4,9,4,4,10,8,10,0,5
E01020083,6,9,16,14,35,23,23,23,22,20,15,20
E01020084,21,16,10,16,18,15,10,21,17,15,5,10
E01020085,7,8,9,5,20,14,11,19,12,10,5,5
E01020086,10,15,10,6,17,8,11,10,7,5,5,5
E01020087,8,11,5,7,22,5,11,15,10,10,5,5
E01020088,14,11,4,11,19,15,12,23,14,15,5,5
E01020089,20,8,9,8,28,24,14,11,9,10,5,5
E01020090,12,11,5,5,12,11,5,5,3,5,5,5
E01020091,8,4,7,7,9,6,5,6,#,0,0,5
E01020092,4,4,#,6,10,7,8,5,5,5,0,0
E01020093,11,5,5,9,15,11,15,14,7,5,5,5
E01020094,48,41,41,37,63,55,43,58,45,45,20,30
E01020095,27,35,23,22,46,29,40,42,31,30,10,20
E01020096,27,23,19,19,37,28,33,37,39,40,15,15
E01020097,10,12,9,7,15,13,15,11,8,10,5,10
E01020098,13,16,12,6,16,18,15,20,13,15,10,10
E01020099,7,10,8,10,14,12,4,8,9,10,0,5
E01020100,5,8,5,10,14,8,9,5,5,5,0,0
E01020101,12,11,13,6,26,16,10,11,14,15,5,10
E01020102,16,6,8,9,24,14,10,14,18,20,0,5
E01020103,28,38,26,25,37,38,36,42,38,40,15,15
E01020104,26,31,31,15,36,27,22,27,14,15,10,5
E01020105,9,10,5,5,14,16,14,23,12,10,5,0
E01020106,8,5,3,10,4,6,6,4,#,0,0,0
E01020107,5,10,9,7,13,15,12,11,11,10,5,5
E01020108,15,9,9,9,21,5,6,13,7,5,5,10
E01020109,6,4,7,6,5,7,#,3,3,5,0,5
E01020110,7,5,3,8,18,8,14,14,12,10,5,5
E01020111,25,30,19,20,36,27,30,36,26,25,10,10
E01020112,27,45,35,16,55,38,38,63,56,55,15,30
E01020113,32,31,30,17,46,30,35,34,46,45,10,10
E01020114,15,25,10,9,24,21,18,28,20,20,5,10
E01020115,5,7,6,5,13,4,5,8,7,5,0,0
E01020116,22,23,20,15,31,12,25,22,17,20,10,10
E01020117,10,12,10,11,14,13,18,14,13,15,0,5
E01020118,13,10,19,14,31,26,28,27,24,25,10,10
E01020119,11,8,13,10,18,4,7,8,6,5,5,5
E01020120,7,12,9,3,12,7,13,11,8,10,0,5
E01020121,8,7,17,16,27,11,16,21,9,10,10,10
E01020122,13,17,15,8,17,12,14,13,7,5,5,5
E01020123,17,11,11,10,25,22,29,16,18,20,5,5
E01020124,23,30,11,11,33,19,22,21,14,15,5,10
E01020125,7,8,7,6,11,12,8,6,8,10,5,5
E01020126,9,10,10,9,10,10,7,6,7,5,0,10
E01020127,11,12,10,4,15,8,10,10,7,5,5,5
E01020128,3,3,#,3,#,6,7,5,5,5,0,5
E01020129,18,9,15,14,30,16,14,26,27,25,5,10
E01020130,31,19,19,33,53,37,42,34,45,45,15,10
E01020131,23,16,5,9,14,13,17,19,13,15,5,5
E01020132,13,15,10,17,17,9,13,25,15,15,0,5
E01020133,13,5,4,3,7,15,15,12,9,10,0,5
E01020134,16,18,15,13,19,17,25,26,23,25,10,5
E01020135,8,9,5,8,17,20,20,20,17,15,10,10
E01020136,8,6,11,9,15,9,13,16,7,5,5,5
E01020137,13,22,12,21,21,18,17,23,24,25,10,15
E01020138,8,9,11,10,26,13,22,23,16,15,5,10
E01020139,18,23,20,15,30,21,24,29,34,35,15,20
E01020140,11,17,7,9,25,11,16,17,16,15,5,10
E01020141,25,27,20,27,35,42,40,37,44,45,15,25
E01020142,9,7,4,8,15,18,9,13,11,10,5,0
E01020143,16,20,9,12,25,30,23,21,23,25,5,5
E01020144,17,10,8,12,25,21,14,10,11,10,5,5
E01020145,10,7,5,3,29,9,13,15,10,10,10,10
E01020146,9,8,8,7,11,14,14,16,8,10,0,5
E01020147,10,15,12,7,22,17,16,16,11,10,5,5
E01020148,6,5,5,#,13,7,7,6,5,5,0,5
E01020149,#,7,6,8,14,16,17,17,11,10,5,10
E01020150,19,11,15,10,23,19,20,16,10,10,5,5
E01020151,6,5,4,#,9,7,7,10,9,10,0,0
E01020152,6,13,8,4,22,13,14,11,16,15,5,5
E01020153,3,3,5,4,18,7,11,10,5,5,5,5
E01020154,6,10,7,10,9,9,19,15,10,10,5,5
E01020155,11,12,18,13,24,23,13,19,23,25,10,5
E01020156,10,10,9,6,19,11,10,16,9,10,10,15
E01020157,15,9,7,11,31,12,19,15,7,5,0,5
E01020158,9,7,12,8,22,14,23,17,11,10,5,5
E01020159,#,5,3,4,15,11,12,10,10,10,5,5
E01020160,7,10,9,5,13,8,10,17,14,15,5,5
E01020161,10,7,11,11,42,27,24,15,21,20,20,10
E01020162,4,5,7,9,22,12,19,14,9,10,5,5
E01020163,9,8,8,5,22,19,22,15,14,15,10,10
E01020164,13,12,16,13,22,17,14,18,10,10,5,10
E01020165,5,13,12,9,19,8,13,13,5,5,5,5
E01020166,3,7,#,5,13,8,12,9,3,5,5,0
E01020167,6,3,4,3,15,9,5,9,4,5,5,5
E01020168,11,11,6,8,30,19,17,23,19,20,5,5
E01020169,15,26,20,14,24,19,19,22,24,25,15,5
E01020170,12,11,9,7,24,19,21,20,12,10,10,15
E01020171,4,5,10,3,15,8,12,7,13,15,5,5
E01020172,9,7,8,4,12,11,11,18,12,10,5,5
E01020173,6,6,3,5,12,4,6,6,0,0,0,0
E01020174,6,8,#,#,23,11,11,12,9,10,5,0
E01020175,7,7,7,#,4,13,10,3,3,5,5,5
E01020176,4,3,5,8,17,17,9,7,14,15,0,0
E01020177,10,15,16,11,26,20,28,14,20,20,10,10
E01020178,3,6,9,3,10,15,12,6,8,10,0,5
E01020179,8,4,10,4,15,3,4,3,8,10,0,5
E01020180,17,16,21,25,47,32,39,40,40,40,20,20
E01020181,10,11,9,11,11,14,15,16,8,10,5,5
E01020182,13,13,22,20,36,21,26,23,22,20,5,15
E01020183,18,14,17,19,29,26,20,26,32,30,10,15
E01020184,20,14,23,25,27,18,25,26,26,25,5,5
E01020185,6,8,4,3,15,13,12,12,14,15,5,5
E01020186,4,4,5,#,12,11,4,4,#,0,0,0
E01020187,3,5,#,9,16,11,20,15,8,10,5,10
E01020188,5,#,7,13,16,19,13,10,8,10,5,0
E01020189,17,29,12,10,27,27,21,32,18,20,5,10
E01020190,9,13,11,10,18,21,13,15,11,10,10,10
E01020191,6,4,6,4,7,6,8,6,10,10,5,5
E01020192,8,4,6,4,17,8,8,6,13,15,5,5
E01020193,#,3,#,4,16,10,11,18,10,10,5,5
E01020194,6,7,6,5,19,5,12,10,4,5,5,5
E01020195,7,9,10,5,20,18,25,20,18,20,10,5
E01020196,14,9,11,8,23,25,38,26,28,30,10,5
E01020197,3,6,4,3,14,9,5,10,9,10,5,5
E01020198,13,18,18,8,28,15,24,30,34,35,20,15
E01020199,14,15,16,11,33,23,23,24,27,25,15,15
E01020200,5,3,3,6,5,5,7,15,6,5,0,0
E01020201,5,8,4,#,15,15,15,11,7,5,5,5
E01020202,5,7,4,3,12,6,6,14,15,15,0,5
E01020203,8,9,4,3,11,4,5,6,4,5,5,5
E01020204,10,21,12,6,36,20,31,23,26,25,10,10
E01020205,#,10,3,#,7,4,#,8,#,0,5,5
E01020206,7,8,11,7,22,23,23,21,19,20,10,5
E01020207,0,6,5,4,11,6,8,16,14,15,5,10
E01020208,20,8,5,13,31,28,19,21,23,25,10,5
E01020209,10,11,7,9,22,16,23,17,15,15,5,5
E01020210,3,10,5,4,24,10,11,5,7,5,0,0
E01020211,23,18,26,10,53,35,45,44,41,40,15,25
E01020212,20,17,11,10,39,31,37,42,33,35,15,15
E01020213,10,12,7,7,30,19,15,28,20,20,5,10
E01020214,8,9,6,6,20,10,19,22,11,10,10,10
E01020215,#,7,5,0,13,7,6,6,9,10,5,5
E01020216,18,23,30,16,62,44,51,49,53,55,15,15
E01020217,31,26,22,12,35,34,40,43,31,30,25,25
E01020218,22,26,15,14,39,36,45,38,29,30,25,15
E01020219,14,11,9,12,19,17,23,30,24,25,10,20
E01020220,6,6,7,7,18,21,14,21,19,20,10,10
E01020221,9,7,9,6,20,14,17,22,15,15,5,5
E01020222,4,4,3,3,16,12,4,7,5,5,5,5
E01020223,7,5,4,5,18,5,17,11,17,15,5,10
E01020224,17,18,14,10,48,31,32,18,21,20,5,5
E01020225,11,14,18,16,31,29,21,24,22,20,15,20
E01020226,4,5,5,4,15,7,7,9,10,10,10,5
E01020227,10,12,9,7,17,15,16,22,22,20,5,10
E01020228,11,22,16,9,43,24,28,32,36,35,25,15
E01020229,8,8,12,7,26,24,24,21,13,15,15,15
E01020230,7,10,6,6,23,21,22,21,20,20,10,5
E01020231,13,7,8,7,21,11,10,17,7,5,0,5
E01020232,4,12,8,8,20,19,15,25,19,20,10,10
E01020233,5,11,6,11,21,12,9,12,11,10,5,5
E01020234,9,17,11,10,26,32,24,23,26,25,10,10
E01020235,16,17,11,5,16,13,13,15,13,15,10,10
E01020236,#,4,#,3,7,3,7,5,0,0,5,0
E01020237,9,8,4,5,13,14,12,12,8,10,5,0
E01020238,4,4,#,3,17,10,11,9,5,5,5,5
E01020239,3,#,#,3,9,4,3,11,7,5,0,0
E01020240,3,12,8,8,13,13,17,11,9,10,5,10
E01020241,10,12,9,13,21,28,18,25,13,15,10,10
E01020242,7,9,4,7,12,15,10,7,6,5,10,5
E01020243,3,3,6,6,16,12,18,17,4,5,0,5
E01020244,7,5,10,8,18,10,10,13,8,10,5,5
E01020245,9,10,16,8,18,12,9,11,13,15,5,5
E01020246,5,8,5,6,18,17,7,20,7,5,5,5
E01020247,5,4,16,15,17,17,25,18,32,30,10,10
E01020248,12,15,7,9,20,12,13,16,12,10,5,5
E01020249,#,6,9,7,18,6,6,6,9,10,5,5
E01020250,8,5,4,12,23,25,16,23,19,20,10,5
E01020251,11,7,4,3,15,8,8,18,12,10,5,10
E01020252,6,13,7,7,16,13,17,18,14,15,5,5
E01020253,#,6,7,6,17,8,11,14,10,10,5,5
E01020254,4,11,12,9,29,33,33,25,23,25,5,10
E01020255,#,8,5,3,23,16,10,15,9,10,5,10
E01020256,5,7,5,3,21,14,18,11,9,10,5,5
E01020257,3,4,7,#,8,5,5,7,10,10,5,0
E01020258,6,14,13,6,19,11,17,15,12,10,5,5
E01020259,#,3,3,#,9,8,11,10,7,5,0,0
E01020260,4,7,#,#,9,6,9,12,14,15,0,5
E01020261,#,5,3,5,11,8,4,10,#,0,5,5
E01020262,5,3,#,#,9,12,8,8,3,5,0,5
E01020263,#,3,4,4,8,13,11,7,6,5,5,5
E01020264,9,18,14,7,34,21,30,27,26,25,10,15
E01020265,7,11,7,#,23,8,12,9,7,5,0,5
E01020266,6,14,9,10,31,21,13,18,12,10,5,5
E01020267,12,7,9,8,20,23,9,12,14,15,10,5
E01020268,11,8,8,6,14,11,17,15,6,5,5,5
E01020269,15,20,21,22,51,43,40,43,44,45,20,15
E01020270,6,8,10,6,21,17,14,13,9,10,5,5
E01020271,11,21,9,14,22,29,30,23,30,30,10,15
E01020272,27,29,23,23,68,40,42,54,33,35,20,20
E01020273,10,9,5,6,14,11,11,12,8,10,5,10
E01020274,3,3,#,5,9,9,6,6,9,10,5,5
E01020275,24,20,24,23,37,27,22,19,24,25,20,15
E01020276,13,8,16,11,22,12,15,14,12,10,5,5
E01020277,34,42,25,38,80,44,53,73,49,50,35,25
E01020278,15,17,12,10,34,16,13,24,19,20,10,10
E01020279,19,31,29,25,59,43,59,58,49,50,30,35
E01020280,83,74,73,61,116,100,107,108,130,130,60,70
E01020281,14,9,9,5,25,25,24,22,25,25,15,10
E01020282,22,15,25,20,44,23,38,39,31,30,20,20
E01020283,9,12,15,11,29,15,22,24,7,5,10,10
E01020284,27,28,30,29,58,46,50,47,45,45,25,20
E01020285,33,38,35,31,49,54,61,65,54,55,25,30
E01020286,9,22,12,11,22,12,14,22,14,15,5,5
E01020287,12,10,11,7,15,13,15,15,11,10,5,5
E01020288,18,13,5,8,17,11,6,11,7,5,10,5
E01020289,6,7,5,3,15,9,11,14,16,15,5,5
E01020290,9,15,6,11,9,6,6,17,10,10,5,5
E01020291,15,15,14,5,19,13,23,15,16,15,5,5
E01020292,17,17,11,14,17,12,15,19,15,15,5,10
E01020293,11,13,14,15,32,29,31,42,44,45,15,15
E01020294,12,24,12,11,32,30,26,43,43,45,20,25
E01020295,8,7,6,#,10,13,8,10,4,5,0,5
E01020296,12,12,4,4,12,17,8,15,14,15,5,5
E01020297,25,33,24,26,24,34,36,49,38,40,15,20
E01020298,15,16,11,13,27,17,14,16,17,15,10,10
E01020299,20,19,10,18,39,28,19,29,25,25,10,10
E01020300,13,13,13,9,23,14,10,15,12,10,5,5
E01020301,7,12,6,15,24,15,22,19,17,15,0,10
E01020302,11,12,7,6,20,8,20,16,17,15,5,5
E01020303,6,8,10,5,15,12,17,8,11,10,10,5
E01020304,13,17,21,18,37,19,19,25,19,20,10,10
E01020305,11,25,27,16,24,17,32,32,30,30,10,15
E01020306,7,13,7,7,25,15,8,15,12,10,5,5
E01020307,15,17,26,25,38,32,36,44,41,40,15,15
E01020308,11,8,6,4,19,10,8,14,7,5,5,5
E01020309,8,11,11,9,15,9,11,14,14,15,5,5
E01020310,45,38,35,35,51,55,48,54,41,40,25,25
E01020311,10,14,14,10,20,12,26,14,10,10,5,10
E01020312,#,5,4,5,21,16,16,14,7,5,5,5
E01020313,6,17,18,15,29,24,27,33,26,25,10,5
E01020314,8,11,6,5,9,13,14,18,16,15,5,5
E01020315,7,7,6,7,11,10,11,8,9,10,10,5
E01020316,5,8,3,7,10,10,8,6,6,5,5,0
E01020317,7,5,6,4,17,11,8,8,4,5,0,0
E01020318,4,8,11,11,9,8,6,8,5,5,5,5
E01020319,6,7,11,5,13,8,10,9,11,10,5,5
E01020320,6,4,7,3,16,10,9,11,8,10,0,0
E01020321,4,8,15,13,27,25,29,25,17,15,15,5
E01020322,0,9,4,9,17,7,27,28,14,15,15,15
E01020323,5,6,6,5,17,22,12,26,13,15,5,5
E01020324,3,4,14,6,17,8,9,7,9,10,0,5
E01020325,#,6,8,4,9,8,6,10,5,5,0,0
E01020326,12,12,14,12,22,24,31,30,30,30,10,10
E01020327,7,12,13,11,20,28,35,30,26,25,5,10
E01020328,14,23,20,16,49,37,52,66,52,50,35,25
E01020329,9,13,5,6,16,13,30,17,18,20,0,10
E01020330,18,15,18,18,31,30,59,57,46,45,20,20
E01020331,3,10,9,7,17,15,16,11,10,10,5,5
E01020332,26,19,16,11,26,34,42,44,30,30,20,5
E01020333,3,5,10,14,17,7,21,20,17,15,10,10
E01020334,9,17,16,17,23,30,32,28,21,20,15,15
E01020335,3,12,5,5,14,17,8,16,8,10,10,10
E01020336,0,5,5,4,11,4,7,4,#,0,0,0
E01020337,8,12,10,6,13,22,16,22,19,20,5,10
E01020338,5,8,10,11,20,11,24,29,18,20,15,5
E01020339,13,14,6,12,15,11,14,16,14,15,5,0
E01020340,7,13,8,3,18,11,9,15,18,20,10,10
E01020341,7,8,7,5,10,11,8,14,10,10,0,5
E01020342,10,5,18,3,17,12,19,22,17,15,10,15
E01032628,0,11,6,8,16,12,9,15,9,10,5,10
E01032657,21,26,21.5,17,33.5,36.5,40,39.5,28,20,15,15
E01032658,21,26,21.5,17,33.5,36.5,40,39.5,28,35,20,35
E01033232,3,7.5,11.5,7.5,20.5,21,15.5,13.5,13,10,5,5
E01033233,22,18,23,15,29,21,24,31,28,30,10,10
E01033234,3,7.5,11.5,7.5,20.5,21,15.5,13.5,13,15,5,10
E01033235,2,6,4.5,5.5,10,6,6,3.5,7.5,10,5,5
E01033236,2,6,4.5,5.5,10,6,6,3.5,7.5,5,5,5
E07000040,553,657,567,528,1398,1137,1157,1152,923,935,465,580
E07000041,1019,1210,1170,1061,2279,1958,2130,2136,1709,1715,800,885
E07000042,407,579,460,453,1045,774,822,933,791,795,390,435
E07000043,847,863,701,666,1300,954,999,1128,951,955,350,485
E07000044,436,465,446,399,980,738,748,723,609,625,280,305
E07000045,677,844,701,581,1803,1365,1424,1515,1295,1305,635,655
E07000046,639,705,621,569,1154,867,953,1080,950,940,470,495
E07000047,215,308,309,260,561,497,615,652,504,505,255,225
E10000008,4793,5631,4975,4517,10520,8290,8848,9319,7732,7775,3645,4065
E06000026,3375,3970,3869,3379,6558,5980,6484,6515,5419,5425,3325,3715
E06000027,1549,1945,1929,1647,3328,2825,3274,3489,3009,2980,1475,1470
IMDQ1,3221,3872,3759.5,3250,5853.5,5453.5,6188,6443.5,5671,5660,3015,3325
IMDQ2,2856,3389,3114,2819,5862,4935,5529,5871,4878,4865,2520,2710
IMDQ3,1965,2323,2143.5,1825,4503.5,3562.5,3739,3872.5,3148,3170,1555,1770
IMDQ4,1204,1354.5,1210.5,1158.5,2769.5,2200,2225.5,2265.5,1763,1770,940,1040
IMDQ5,471,607.5,545.5,490.5,1417.5,944,924.5,870.5,700,715,415,405
E02003122,37,37,32,29,85,56,78,65,53,50,40,45
E02003123,82,108,105,88,184,160,171,195,151,155,115,120
E02003124,97,117,121,89,214,195,214,189,148,130,95,125
E02003125,111,139,106,97,203,188,191,168,157,160,95,105
E02003126,58,79,77,73,138,118,124,107,72,70,65,60
E02003127,105,155,134,118,213,199,230,232,174,175,95,90
E02003128,114,130,132,106,206,206,206,200,160,160,85,120
E02003129,30,38,44,36,81,87,80,85,59,60,35,35
E02003130,141,173,189,151,295,286,336,337,282,285,170,180
E02003131,77,81,84,76,176,134,136,127,117,115,60,45
E02003132,60,71,84,77,153,143,136,139,114,110,85,85
E02003133,61,69,73,52,140,118,130,123,105,105,55,60
E02003134,121,167,200,166,286,242,243,262,214,215,95,130
E02003135,127,158,151,157,251,228,299,277,251,250,155,160
E02003136,26,32,38,37,98,81,75,64,53,55,20,40
E02003137,35,62,39,39,93,63,72,73,50,50,40,35
E02003138,64,65,73,75,144,120,122,111,95,100,80,55
E02003139,26,38,29,29,90,70,58,52,45,50,30,30
E02003140,28,33,45,30,96,69,61,78,53,50,25,40
E02003141,152,183,179,157,296,281,335,325,252,250,140,175
E02003142,154,151,156,133,258,219,242,260,216,210,120,150
E02003143,42,51,42,43,108,102,86,100,62,65,35,40
E02003144,146,138,130,137,246,220,256,255,229,230,140,160
E02003145,91,100,102,99,205,169,204,215,188,185,100,115
E02003146,174,173,179,169,305,290,290,313,278,280,195,205
E02003147,252,294,282,224,390,422,461,471,411,405,235,265
E02003148,213,233,224,191,289,302,363,358,297,295,190,205
E02003149,229,277,244,223,398,356,381,402,355,365,225,270
E02003150,385,457,406,349,589,593,634,662,594,595,395,425
E02003151,39,34,40,31,72,66,53,68,45,50,30,40
E02003152,57,68,66,53,152,118,139,122,83,85,40,55
E02003153,41,59,63,45,104,79,78,80,56,65,40,50
E02003154,69,107,104,94,190,169,204,208,172,170,105,75
E02003155,59,85,71,60,147,112,118,117,107,100,45,55
E02003156,63,88,96,67,142,129,157,165,100,100,70,60
E02003157,141,171,155,139,240,252,287,328,294,295,120,120
E02003158,57,81,83,70,133,134,157,148,132,130,65,65
E02003159,78,106,107,107,194,197,209,239,211,210,100,90
E02003161,213,268,283,223,431,383,467,483,450,450,235,260
E02003163,125,112,91,88,160,146,195,204,188,190,105,95
E02003164,77,75,87,80,139,123,128,119,105,105,60,45
E02003165,57,90,84,51,161,112,117,161,123,125,55,60
E02003166,112,147,151,140,260,219,239,295,236,235,100,90
E02003167,157,176,202,191,351,257,337,380,349,340,185,195
E02003168,50,57,62,43,119,85,110,110,82,75,25,40
E02003169,23,36,33,22,87,56,48,42,35,30,25,35
E02003170,85,107,103,83,201,149,154,165,130,125,50,55
E02003171,69,90,84,78,153,124,116,110,87,90,40,40
E02004129,20,28,15,15,48,38,28,33,29,30,15,15
E02004130,40,49,43,32,76,81,96,81,84,85,40,50
E02004131,31,40,32,31,77,73,54,66,45,50,20,30
E02004132,18,33,22,37,67,58,44,57,40,45,20,25
E02004133,45,37,48,39,91,101,98,93,91,90,45,55
E02004134,19,28,23,23,68,53,50,52,36,35,30,40
E02004135,28,28,26,22,52,52,58,47,47,45,30,30
E02004136,13,20,20,17,69,53,62,39,63,60,20,25
E02004137,24,14,20,21,39,29,31,23,26,25,15,15
E02004138,23,43,28,26,75,49,54,43,39,35,15,35
E02004139,35,29,30,20,58,37,40,53,58,60,35,35
E02004140,19,19,15,10,36,14,33,26,13,10,10,10
E02004141,14,14,20,18,49,39,31,32,26,30,15,10
E02004142,17,17,5,13,39,20,29,27,20,20,5,15
E02004143,23,29,28,30,74,47,51,44,32,30,10,20
E02004144,17,29,24,21,56,48,38,60,30,30,20,15
E02004145,17,24,15,14,55,31,37,29,29,35,15,15
E02004146,42,63,46,44,120,102,109,101,67,70,30,45
E02004147,76,70,72,52,154,145,149,171,92,90,50,65
E02004148,32,43,35,43,95,67,65,75,56,60,25,30
E02004149,40,35,53,42,84,62,46,74,57,55,30,25
E02004150,82,96,103,65,176,167,169,171,128,125,50,70
E02004151,61,64,61,56,128,103,115,116,87,90,55,55
E02004152,97,108,86,82,156,146,138,135,118,120,55,55
E02004153,53,74,93,64,157,120,130,136,112,110,70,65
E02004154,65,79,60,70,165,131,132,142,117,120,50,50
E02004155,63,95,85,75,141,148,154,154,116,115,60,65
E02004156,171,210,201,170,298,272,332,330,274,275,130,140
E02004157,41,59,42,42,88,81,97,75,73,75,35,30
E02004158,86,86,95,102,192,165,188,194,151,150,65,65
E02004159,33,34,36,44,130,116,99,90,71,70,40,40
E02004160,54,57,48,50,122,83,103,122,94,100,30,45
E02004161,100,119,113,114,252,203,243,237,173,170,60,95
E02004162,49,54,49,43,107,92,102,102,75,80,40,50
E02004163,24,40,45,42,83,69,82,58,63,60,30,35
E02004164,30,41,30,30,52,54,34,48,41,45,15,15
E02004165,23,31,20,26,97,54,48,46,45,45,25,30
E02004166,19,27,24,23,75,53,61,43,45,45,25,15
E02004167,77,129,103,87,167,127,137,198,150,150,85,95
E02004168,63,75,65,75,126,111,117,153,116,115,60,70
E02004169,25,37,34,32,67,44,50,50,49,45,10,15
E02004170,39,58,50,51,112,83,82,89,92,90,30,40
E02004171,32,47,24,34,66,66,83,75,57,60,35,25
E02004172,23,42,25,22,64,48,49,58,48,50,20,25
E02004173,31,33,38,32,99,53,61,59,47,50,30,35
E02004174,45,59,47,41,120,81,100,114,101,100,55,70
E02004175,72,107,70,50,128,90,91,135,109,105,30,50
E02004176,33,39,36,35,64,46,30,30,35,35,5,25
E02004177,77,76,79,57,122,81,106,97,100,105,30,35
E02004178,33,24,21,20,38,23,11,21,13,15,10,20
E02004179,50,26,24,38,80,56,56,50,33,30,15,20
E02004180,32,35,23,18,46,30,35,44,29,30,10,15
E02004181,60,61,49,48,73,62,77,92,81,85,25,35
E02004182,111,120,91,95,169,137,139,154,136,135,50,85
E02004183,74,72,48,46,106,81,92,80,79,85,30,35
E02004184,122,106,99,99,180,138,131,148,147,150,45,50
E02004185,33,33,30,32,49,41,39,46,29,25,15,10
E02004186,59,63,61,51,99,60,62,84,52,45,30,35
E02004187,62,65,42,54,82,73,82,89,69,70,35,45
E02004188,29,36,28,23,64,36,48,58,39,40,20,25
E02004189,36,32,27,30,79,60,58,58,40,40,20,30
E02004190,42,42,42,35,100,64,73,59,60,60,15,25
E02004191,78,68,92,100,150,111,125,131,128,125,45,60
E02004192,30,24,30,30,77,56,55,56,34,35,30,35
E02004193,50,55,58,55,155,100,109,93,66,70,55,45
E02004194,44,38,28,30,63,67,52,50,44,45,15,10
E02004195,29,40,37,27,64,52,53,55,58,60,20,15
E02004196,28,40,38,29,77,63,64,58,43,40,25,25
E02004197,17,22,19,15,58,43,48,38,35,40,15,20
E02004198,43,66,38,32,81,65,57,77,61,65,25,20
E02004199,16,21,16,3,37,39,33,21,20,25,10,10
E02004200,23,17,21,13,39,18,21,27,20,20,5,10
E02004201,11,12,10,15,42,46,43,38,22,25,10,20
E02004202,36,48,47,44,82,78,64,67,49,55,35,35
E02004203,16,36,24,12,49,34,39,45,27,25,15,20
E02004204,41,39,38,31,105,79,80,88,79,80,40,40
E02004205,32,37,34,28,90,75,71,84,59,60,35,35
E02004206,41,67,44,35,106,81,74,82,86,85,50,40
E02004207,24,40,20,17,68,43,56,54,49,50,20,15
E02004208,42,48,43,30,109,80,65,67,48,45,25,25
E02004209,21,47,42,37,116,100,92,102,85,90,35,35
E02004210,62,88,67,66,175,133,142,147,133,135,60,65
E02004211,25,30,14,14,55,42,43,66,39,35,15,25
E02004212,47,40,26,38,96,71,76,73,69,70,25,30
E02004213,17,24,22,16,58,31,46,43,37,40,20,25
E02004214,93,88,77,46,175,136,162,143,122,120,70,70
E02004215,43,54,62,43,125,95,95,104,107,105,45,50
E02004216,38,45,29,23,102,67,77,98,73,75,35,40
E02004217,51,57,59,35,118,90,115,110,116,120,60,45
E02004218,22,33,37,37,73,52,51,60,60,55,25,25
E02004219,15,11,6,14,59,32,33,44,35,35,15,15
E02004220,82,80,74,78,122,101,92,111,99,100,50,50
E02004221,73,67,59,57,101,86,72,85,70,65,40,40
E02004222,119,98,107,86,185,148,169,169,186,185,95,100
E02004223,137,168,146,144,309,218,258,291,223,225,135,130
E02004224,55,49,26,26,56,53,37,55,40,40,20,25
E02004225,46,72,81,66,124,83,95,116,102,100,40,45
E02004226,39,40,41,26,69,47,66,51,39,35,25,25
E02004227,57,75,58,46,118,89,111,130,134,135,50,55
E02004228,31,56,29,40,70,42,53,72,57,55,15,25
E02004229,22,33,40,37,82,66,96,94,69,70,40,30
E02004230,48,63,56,51,116,108,176,170,142,140,60,65
E02004231,28,35,34,33,54,49,42,59,43,45,20,15
E02004232,18,40,31,19,53,47,45,54,49,50,20,20
E02004233,54,78,72,68,124,125,150,163,113,115,75,55
E02004234,27,22,45,18,61,42,44,51,40,40,10,25
E02004235,18,37,31,34,71,60,62,61,48,45,30,15
E02006840,114,149,133,111,220,178,231,215,208,210,90,90
TOWN01,51,57,59,35,118,90,115,110,116,120,60,45
TOWN02,68,57,66,49,126,138,131,126,120,120,65,70
TOWN03,480,482,388,379,704,545,568,640,547,550,200,260
TOWN04,477,470,425,401,791,610,635,719,624,620,345,350
TOWN05,68,41,36,49,97,74,61,58,39,40,20,30
TOWN06,99,134,110,95,283,182,210,231,196,200,105,130
TOWN07,93,133,112,113,274,212,221,209,206,205,85,80
TOWN08,44,50,56,44,102,91,87,78,74,80,35,25
TOWN09,80,109,88,71,214,166,155,179,153,155,90,80
TOWN10,1083,1290,1240,1129,2436,2111,2269,2280,1802,1810,855,965
TOWN11,224,275,235,222,610,471,482,513,326,340,165,205
TOWN12,75,98,108,82,173,118,135,153,131,125,60,60
TOWN13,88,131,87,86,188,131,164,202,191,190,65,80
TOWN14,99,123,98,88,213,205,186,189,170,175,75,105
TOWN15,188,221,184,142,325,212,226,269,244,245,70,110
TOWN16,144,164,156,134,395,281,296,270,203,210,120,130
TOWN17,84,104,72,56,168,127,110,135,109,115,40,35
TOWN18,9,10,10,9,10,10,7,6,7,5,0,10
TOWN19,16,26,21,12,42,30,39,37,27,25,10,15
TOWN20,375,446,369,315,1019,735,786,851,737,740,350,370
TOWN21,118,163,152,134,282,237,351,344,285,285,135,130
TOWN22,22,47,40,52,136,109,114,93,104,105,45,50
TOWN23,36,61,48,49,112,83,89,70,66,60,35,55
TOWN24,72,60,54,43,130,75,103,98,95,95,55,55
TOWN25,83,92,59,67,120,96,108,124,92,95,50,60
TOWN26,107,159,171,136,299,272,290,322,229,230,125,105
TOWN27,118,154,117,102,313,239,238,252,208,205,90,100
TOWN28,228,327,252,258,525,401,417,521,408,410,210,240
TOWN29,164,147,162,165,315,239,255,240,223,220,85,115
DIV1,106,111,111,99,248,168,207,232,164,170,75,90
DIV2,63,71,71,48,160,111,146,144,140,145,75,60
DIV3,59,47,62,49,110,125,118,113,109,110,55,65
DIV4,198,204,159,162,279,227,249,283,256,260,90,135
DIV5,169,155,128,126,249,191,190,191,187,195,60,70
DIV6,55,54,41,42,135,102,101,95,67,70,30,50
DIV7,199,200,177,163,370,268,302,339,317,320,175,175
DIV8,112,115,102,93,180,151,162,176,132,130,75,80
DIV9,39,70,41,27,117,82,95,99,79,80,40,30
DIV10,68,41,36,49,97,74,61,58,39,40,20,30
DIV11,27,37,28,29,81,64,64,69,49,45,30,45
DIV12,45,51,45,42,122,96,97,101,91,90,45,55
DIV13,51,64,62,40,87,61,73,76,45,50,30,40
DIV14,73,71,59,59,119,74,58,76,63,60,20,45
DIV15,62,82,74,66,191,121,143,165,142,140,75,100
DIV16,61,91,54,49,130,100,108,113,84,95,50,45
DIV17,58,79,64,71,152,125,135,134,127,125,50,55
DIV18,59,64,67,57,141,108,108,111,92,95,50,50
DIV19,73,104,78,63,196,156,145,166,145,145,85,75
DIV20,76,73,77,67,136,113,92,133,103,100,40,45
DIV21,44,54,53,50,107,102,90,92,56,65,35,45
DIV22,49,67,50,57,150,98,102,104,85,95,40,45
DIV23,167,204,176,160,447,361,372,395,234,235,120,155
DIV24,121,148,160,146,300,259,284,296,240,240,120,120
DIV25,75,100,85,81,181,179,168,176,147,155,70,90
DIV26,71,72,59,59,104,78,71,96,65,55,30,30
DIV27,45,62,68,65,119,93,126,127,99,100,55,40
DIV28,96,128,108,111,233,216,225,228,169,170,85,95
DIV29,88,131,87,86,188,131,164,202,191,190,65,80
DIV30,149,183,149,107,250,171,197,232,209,210,60,85
DIV31,41,53,46,52,136,88,86,108,99,95,40,45
DIV32,50,55,58,55,155,100,109,93,66,70,55,45
DIV33,59,87,54,35,118,104,90,98,81,90,35,30
DIV34,47,72,58,49,172,142,140,157,119,120,50,55
DIV35,118,121,98,84,243,191,220,219,196,200,95,95
DIV36,103,112,101,70,266,184,198,215,189,185,85,105
DIV37,155,147,133,135,223,187,164,196,169,165,90,90
DIV38,66,103,87,70,169,155,221,224,191,190,80,85
DIV39,27,29,34,29,101,82,83,62,83,85,30,35
DIV40,106,122,125,98,238,201,211,223,159,160,85,90
DIV41,51,46,49,36,98,67,69,73,53,50,20,20
DIV42,43,65,52,53,122,93,93,75,76,70,40,60
DIV43,66,55,49,36,111,58,90,89,82,80,50,50
DIV44,49,60,61,52,135,97,103,85,89,90,35,40
DIV45,68,73,49,64,115,78,100,116,87,85,40,50
DIV46,180,206,191,157,303,303,326,319,280,285,125,130
DIV47,185,227,201,182,376,317,361,330,293,300,140,150
DIV48,54,78,72,68,124,125,150,163,113,115,75,55
DIV49,104,136,110,96,284,213,207,214,181,180,85,90
DIV50,93,153,120,107,239,164,183,237,181,180,100,115
DIV51,92,112,96,109,197,164,154,192,165,165,75,90
DIV52,85,112,122,92,193,130,161,167,141,135,65,70
DIV53,113,99,116,122,198,160,168,168,161,160,55,70
DIV54,38,52,55,61,118,100,123,82,85,80,50,50
DIV55,40,53,31,34,95,77,67,69,58,60,30,35
DIV56,41,62,52,51,136,100,99,92,92,90,40,30
DIV57,111,143,142,140,327,281,301,293,216,210,80,115
DIV58,50,65,82,57,149,124,118,138,101,100,45,45
CHSCTAXE,176,178,168,141,368,296,323,294,281,275,155,180
CHSCTBARNSTAPLE,420,418,342,330,618,471,504,552,488,500,175,235
CHSCTBIDEFORD,502,504,455,428,843,661,678,777,661,650,355,360
CHSCTBRAUNTON,265,272,230,200,432,296,294,333,290,290,90,150
CHSCTCREDITON,91,120,112,93,265,176,199,213,191,190,100,130
CHSCTCULLOMPTON,116,168,136,138,334,263,272,272,247,250,110,100
CHSCTDAWLISH,186,255,194,170,505,388,372,417,346,345,175,175
CHSCTEXETERCHALL,379,459,483,440,988,829,882,878,688,700,345,390
CHSCTEXETERSYCAMORE,701,833,754,689,1445,1268,1381,1386,1107,1105,510,575
CHSCTEXMOUTH,224,275,235,222,610,471,482,513,326,340,165,205
CHSCTHONITON,121,161,133,133,328,298,284,271,264,270,110,145
CHSCTIVYBRIDGE,138,177,165,143,398,304,315,271,231,240,120,125
CHSCTKINGSBRIDGE,84,104,72,56,168,127,110,135,109,115,40,35
CHSCTNABBOT,333,372,327,266,862,630,682,720,624,620,290,320
CHSCTOKE,119,164,146,138,299,267,363,375,295,295,135,130
CHSCTSMOLTON,99,122,79,82,155,122,148,155,115,120,65,75
CHSCTTAVISTOCK,145,191,194,156,365,305,328,352,263,265,145,130
CHSCTTEIGN,122,151,118,92,325,224,264,271,246,250,125,110
CHSCTTIVERTON,223,309,249,250,523,390,405,508,395,395,200,235
CHSCTTORRINGTON,198,259,211,190,395,272,320,385,344,335,140,155
CHSCTTOTNES,151,139,172,160,294,232,242,241,221,225,95,105
Eastern,2143,2665,2402,2234,5123,4229,4560,4668,3771,3800,1830,2080
Northern,1486,1568,1322,1235,2454,1821,1952,2208,1901,1895,820,980
Southern,2366,2899,2761,2350,5381,4363,4891,5187,4493,4470,2170,2190
Western,3722,4414,4288,3724,7448,6682,7203,7260,5995,6015,3625,4000
