Area,2008-2010,2009-2011,2010-2012,2011-2013,2012-2014,2013-2015,2014-2016
E92000001,,,,,,,
E12000009,,,,,,,
E01015023,,,,,,,
E01015024,,,,,,,
E01015025,,,,,,,
E01015026,,,,,,,
E01015027,,,,,,,
E01015028,,,,,,,
E01015029,,,,,,,
E01015030,,,,,,,
E01015031,,,,,,,
E01015032,,,,,,,
E01015033,,,,,,,
E01015034,,,,,,,
E01015035,,,,,,,
E01015036,,,,,,,
E01015037,,,,,,,
E01015038,,,,,,,
E01015039,,,,,,,
E01015040,,,,,,,
E01015041,,,,,,,
E01015042,,,,,,,
E01015043,,,,,,,
E01015044,,,,,,,
E01015045,,,,,,,
E01015046,,,,,,,
E01015047,,,,,,,
E01015048,,,,,,,
E01015049,,,,,,,
E01015050,,,,,,,
E01015051,,,,,,,
E01015052,,,,,,,
E01015053,,,,,,,
E01015054,,,,,,,
E01015055,,,,,,,
E01015056,,,,,,,
E01015057,,,,,,,
E01015058,,,,,,,
E01015059,,,,,,,
E01015060,,,,,,,
E01015061,,,,,,,
E01015062,,,,,,,
E01015063,,,,,,,
E01015064,,,,,,,
E01015065,,,,,,,
E01015066,,,,,,,
E01015067,,,,,,,
E01015068,,,,,,,
E01015069,,,,,,,
E01015070,,,,,,,
E01015071,,,,,,,
E01015072,,,,,,,
E01015073,,,,,,,
E01015074,,,,,,,
E01015075,,,,,,,
E01015076,,,,,,,
E01015077,,,,,,,
E01015078,,,,,,,
E01015079,,,,,,,
E01015080,,,,,,,
E01015081,,,,,,,
E01015082,,,,,,,
E01015083,,,,,,,
E01015084,,,,,,,
E01015085,,,,,,,
E01015086,,,,,,,
E01015087,,,,,,,
E01015088,,,,,,,
E01015089,,,,,,,
E01015090,,,,,,,
E01015091,,,,,,,
E01015092,,,,,,,
E01015093,,,,,,,
E01015094,,,,,,,
E01015095,,,,,,,
E01015096,,,,,,,
E01015097,,,,,,,
E01015098,,,,,,,
E01015099,,,,,,,
E01015100,,,,,,,
E01015101,,,,,,,
E01015102,,,,,,,
E01015103,,,,,,,
E01015104,,,,,,,
E01015105,,,,,,,
E01015106,,,,,,,
E01015107,,,,,,,
E01015108,,,,,,,
E01015109,,,,,,,
E01015110,,,,,,,
E01015111,,,,,,,
E01015112,,,,,,,
E01015113,,,,,,,
E01015114,,,,,,,
E01015115,,,,,,,
E01015116,,,,,,,
E01015117,,,,,,,
E01015118,,,,,,,
E01015119,,,,,,,
E01015120,,,,,,,
E01015121,,,,,,,
E01015122,,,,,,,
E01015123,,,,,,,
E01015124,,,,,,,
E01015125,,,,,,,
E01015126,,,,,,,
E01015127,,,,,,,
E01015128,,,,,,,
E01015129,,,,,,,
E01015130,,,,,,,
E01015131,,,,,,,
E01015132,,,,,,,
E01015133,,,,,,,
E01015134,,,,,,,
E01015135,,,,,,,
E01015136,,,,,,,
E01015137,,,,,,,
E01015138,,,,,,,
E01015139,,,,,,,
E01015140,,,,,,,
E01015141,,,,,,,
E01015142,,,,,,,
E01015143,,,,,,,
E01015144,,,,,,,
E01015145,,,,,,,
E01015146,,,,,,,
E01015147,,,,,,,
E01015148,,,,,,,
E01015149,,,,,,,
E01015150,,,,,,,
E01015151,,,,,,,
E01015152,,,,,,,
E01015153,,,,,,,
E01015155,,,,,,,
E01015156,,,,,,,
E01015157,,,,,,,
E01015158,,,,,,,
E01015159,,,,,,,
E01015160,,,,,,,
E01015161,,,,,,,
E01015162,,,,,,,
E01015163,,,,,,,
E01015164,,,,,,,
E01015165,,,,,,,
E01015166,,,,,,,
E01015167,,,,,,,
E01015168,,,,,,,
E01015169,,,,,,,
E01015170,,,,,,,
E01015171,,,,,,,
E01015172,,,,,,,
E01015173,,,,,,,
E01015174,,,,,,,
E01015175,,,,,,,
E01015176,,,,,,,
E01015177,,,,,,,
E01015178,,,,,,,
E01015179,,,,,,,
E01015180,,,,,,,
E01015181,,,,,,,
E01015182,,,,,,,
E01015183,,,,,,,
E01015184,,,,,,,
E01015185,,,,,,,
E01015186,,,,,,,
E01015187,,,,,,,
E01015188,,,,,,,
E01015189,,,,,,,
E01015190,,,,,,,
E01015191,,,,,,,
E01015192,,,,,,,
E01015193,,,,,,,
E01015194,,,,,,,
E01015195,,,,,,,
E01015196,,,,,,,
E01015197,,,,,,,
E01015198,,,,,,,
E01015199,,,,,,,
E01015200,,,,,,,
E01015201,,,,,,,
E01015202,,,,,,,
E01015203,,,,,,,
E01015204,,,,,,,
E01015205,,,,,,,
E01015206,,,,,,,
E01015207,,,,,,,
E01015208,,,,,,,
E01015209,,,,,,,
E01015210,,,,,,,
E01015211,,,,,,,
E01015212,,,,,,,
E01015213,,,,,,,
E01015214,,,,,,,
E01015215,,,,,,,
E01015216,,,,,,,
E01015217,,,,,,,
E01015218,,,,,,,
E01015219,,,,,,,
E01015220,,,,,,,
E01015221,,,,,,,
E01015222,,,,,,,
E01015223,,,,,,,
E01015224,,,,,,,
E01015225,,,,,,,
E01015226,,,,,,,
E01015227,,,,,,,
E01015228,,,,,,,
E01015229,,,,,,,
E01015230,,,,,,,
E01015231,,,,,,,
E01015232,,,,,,,
E01015233,,,,,,,
E01015234,,,,,,,
E01015235,,,,,,,
E01015236,,,,,,,
E01015237,,,,,,,
E01015238,,,,,,,
E01015239,,,,,,,
E01015240,,,,,,,
E01015241,,,,,,,
E01015242,,,,,,,
E01015243,,,,,,,
E01015244,,,,,,,
E01015245,,,,,,,
E01015246,,,,,,,
E01015247,,,,,,,
E01015248,,,,,,,
E01015249,,,,,,,
E01015250,,,,,,,
E01015251,,,,,,,
E01015252,,,,,,,
E01015253,,,,,,,
E01015254,,,,,,,
E01015255,,,,,,,
E01015256,,,,,,,
E01015257,,,,,,,
E01015258,,,,,,,
E01015259,,,,,,,
E01015260,,,,,,,
E01015261,,,,,,,
E01015262,,,,,,,
E01015263,,,,,,,
E01015264,,,,,,,
E01015265,,,,,,,
E01015266,,,,,,,
E01015267,,,,,,,
E01015268,,,,,,,
E01015269,,,,,,,
E01015270,,,,,,,
E01015271,,,,,,,
E01019886,31.38620731,22.69273009,22.37783625,22.09375547,29.85549519,21.43633572,61.95273752
E01019887,0,0,0,0,0,0,0
E01019888,37.57526936,20.59332896,37.15432933,50.43925746,50.69697428,51.24243389,51.62010025
E01019889,52.97514553,39.14855855,21.61158011,21.5924294,62.75415291,60.71181686,68.52287203
E01019890,17.37091872,0,17.56817321,76.18460647,76.53285842,76.53285842,43.40594189
E01019891,21.8098515,21.88821612,53.82529985,54.27924436,53.94723712,22.07160925,22.10163866
E01019892,50.30075187,20.67633135,37.08378391,34.8418737,39.4770727,22.06048196,18.3045003
E01019893,52.51663449,43.02946599,81.61371039,81.49666687,80.20269226,55.2117421,57.82028841
E01019894,0,0,0,0,0,0,0
E01019895,0,23.50331009,23.55442894,23.5829245,0,0,0
E01019896,37.20938382,36.71202071,20.33129451,20.22162362,20.32281607,0,0
E01019897,0,0,0,0,0,0,0
E01019898,94.61429078,83.10336114,78.34794921,64.31726149,63.67763375,58.49070823,84.75995951
E01019899,24.16767348,0,0,0,0,0,0
E01019900,33.54529018,32.7332147,43.75687875,43.17770411,43.02946599,31.68302411,0
E01019901,60.40637871,44.78388117,85.21015774,73.29653217,145.8765478,145.9499711,159.4798037
E01019902,16.48650619,0,0,0,38.60039875,54.41977044,67.43335941
E01019903,28.30101343,28.3375129,38.51299945,38.53169453,15.84076457,15.89760633,28.73591167
E01019904,0,0,0,0,0,0,22.33460737
E01019905,0,15.94702625,16.08386543,16.12377577,16.19342491,16.23929099,16.30994387
E01019906,0,0,0,0,0,0,0
E01019907,0,0,0,0,0,0,0
E01019908,0,0,0,0,17.48308968,17.38021129,17.23271302
E01019909,0,0,32.95413412,32.33579538,31.85527524,17.67009155,17.71183446
E01019910,35.9977867,48.65632501,35.93890728,19.87119791,19.7184353,35.18359387,47.22814577
E01019911,38.37927251,21.19335207,21.11072691,0,0,0,38.31235213
E01019912,19.66274474,0,0,0,0,0,34.55421031
E01019913,20.13806319,37.22514366,50.69697428,61.44245706,49.07748948,48.25210277,58.60875952
E01019914,36.37736922,0,14.7948124,14.7010896,35.66367936,26.28255081,35.66367936
E01019915,20.04281838,0,19.27773448,18.90017945,18.55477352,0,0
E01019916,55.2379836,69.53930392,73.56035469,50.13706469,40.55270937,40.39449327,40.33291817
E01019917,0,0,0,0,20.72909954,20.72909954,20.75116586
E01019918,17.70218399,17.4736868,17.34618703,17.15989874,17.35854406,0,17.55235458
E01019919,19.2891798,0,18.94058015,34.46613185,34.95272361,19.4586196,0
E01019920,0,0,0,0,0,0,0
E01019921,0,0,20.59768089,20.8309951,20.8309951,0,0
E01019922,0,0,22.70927928,22.61968592,22.41679544,0,0
E01019923,0,0,0,0,0,0,0
E01019924,0,0,21.18874482,38.39603914,63.16276553,51.38618137,37.72850441
E01019925,0,0,0,0,0,0,0
E01019927,0,0,26.4571737,26.24346468,47.13773415,46.88626934,47.40469166
E01019928,0,0,0,0,0,0,0
E01019929,22.74637729,22.56731341,22.268272,0,0,0,0
E01019930,42.06194681,42.29472175,23.50331009,0,0,0,40.90689692
E01019931,0,0,25.27702996,25.25083614,0,0,0
E01019932,0,0,20.05519049,19.82673428,35.64014824,19.76241397,19.73840131
E01019933,0,0,26.88778705,26.69631005,64.81250781,47.57147171,47.41747937
E01019934,16.86301466,30.95763573,31.39443344,43.12297138,43.32696713,43.32696713,31.83220029
E01019935,46.57568627,63.58381157,47.18835114,63.77111427,63.53291981,77.67903459,130.9327231
E01019936,164.5288414,164.4797174,155.4106851,52.45488896,101.1364687,114.6144041,137.748096
E01019937,46.21199433,46.27077552,27.88792892,37.517891,45.96383148,53.17703047,46.01470571
E01019938,69.19219231,78.75108998,106.6515699,97.4625326,103.6000529,84.26250974,96.17108774
E01019939,65.92430271,53.77667915,39.55378189,39.54488351,21.922678,65.39102541,65.17136433
E01019940,0,0,20.48082075,20.36102484,20.1422248,0,0
E01019942,0,0,0,0,0,0,18.54065537
E01019943,0,0,0,0,20.05106476,36.04946467,36.08646845
E01019944,0,20.84881841,37.6719042,37.96481419,21.06510182,0,0
E01019945,14.97667857,36.79897748,36.39961097,26.45660607,42.85686732,55.44832531,65.7687931
E01019946,0,0,0,0,0,0,0
E01019947,18.20134924,18.32453943,0,18.1268784,32.80040295,32.91710737,18.225173
E01019948,25.35593849,25.60237132,0,0,0,0,0
E01019949,22.85840214,41.21381478,22.99863775,22.99863775,0,0,0
E01019950,0,0,0,0,0,0,0
E01019951,27.22702145,27.15551587,26.92672582,26.8485826,26.7831287,26.91023684,14.96747913
E01019952,0,0,19.19799596,34.07196996,33.7319729,33.93384174,34.06536693
E01019953,0,0,0,0,0,0,0
E01019954,22.53079672,22.43227309,21.26734152,0,18.05970449,17.17501759,16.69262283
E01019955,0,0,0,0,35.69805201,35.66184013,35.77069685
E01019956,20.36102484,20.36102484,0,19.89147464,19.75040034,19.5014457,47.44456508
E01019957,34.21122728,18.95531416,18.73308195,0,18.67565153,33.49415457,44.98861006
E01019958,17.76995899,17.87751744,17.91036845,32.44322224,32.35960649,32.12893338,0
E01019959,83.54394587,68.74146886,0,0,0,27.52562221,27.50232174
E01019960,0,0,0,0,23.57151801,23.52032503,23.44677097
E01019961,23.78590395,31.79691296,31.31192219,58.88553089,62.72283319,74.02354311,66.259097
E01019962,24.9968383,33.35109274,24.4169742,24.46795581,24.46795581,24.50547785,33.23008986
E01019963,19.99758428,0,0,20.00990059,19.97709075,19.84692033,0
E01019964,46.18040856,61.90865372,56.26558256,50.72384339,23.60701578,32.99527034,41.33503888
E01019965,34.03239014,33.32903523,33.24079736,0,0,0,0
E01019966,30.45882163,30.51603921,30.50648802,75.25893732,93.08386023,94.04647781,108.6194498
E01019967,97.29223579,107.5979279,116.1707846,60.96309393,61.02558526,74.76534091,107.1846273
E01019968,52.7755574,21.42629726,0,20.91592834,20.65880161,20.60203466,0
E01019969,43.62789624,44.08747679,95.50629961,85.18865942,104.7962305,43.49834217,82.42291004
E01019970,24.47105881,24.14372731,24.06622892,0,42.91426544,81.98263511,81.88322781
E01019971,0,20.40364788,20.1922987,19.80658925,0,0,0
E01019972,0,0,0,40.66087183,54.13118245,53.43877826,39.33251696
E01019973,0,0,22.2327159,39.51821236,38.91455393,21.32783943,0
E01019974,23.24546312,23.08579507,23.10768772,0,0,0,0
E01019975,0,0,0,42.5919186,41.84167752,40.98319703,0
E01019976,26.32142259,0,0,0,0,0,0
E01019977,21.9325442,21.96714591,21.72720159,0,21.42158819,21.41217624,21.41217624
E01019980,0,0,0,0,0,19.06282524,18.55830642
E01019981,0,0,0,0,0,0,0
E01019982,0,0,0,0,0,0,19.20556168
E01019983,0,0,0,0,0,0,0
E01019984,0,0,0,42.53008742,41.84167752,41.35927351,0
E01019985,23.82503716,0,0,0,0,0,0
E01019986,0,0,0,0,39.24470258,38.90594081,38.7430128
E01019987,53.57101736,20.8309951,19.61525974,34.58820662,46.69106028,46.18396013,18.60790861
E01019988,0,0,0,0,0,0,0
E01019989,0,0,0,0,0,0,0
E01019990,24.02470473,23.91858333,0,23.33450488,22.67757717,22.39619177,0
E01019991,0,0,52.95158626,52.22004709,50.95733821,20.57159687,20.41219391
E01019992,22.03169676,0,21.6981804,21.11072691,20.51099031,0,19.97709075
E01019993,0,27.34031646,27.75291239,27.84011093,0,0,0
E01019994,0,0,21.6981804,38.59838749,37.52713761,19.97709075,0
E01019995,93.66910207,110.3881265,99.23104576,110.72138,90.05103706,90.15973441,70.74388236
E01019996,0,0,0,24.14372731,25.46857266,26.82119648,0
E01019997,0,0,0,0,0,0,0
E01019998,0,0,0,0,0,0,0
E01019999,0,0,0,0,0,0,0
E01020000,71.90208352,59.76959318,60.88515952,0,0,0,23.88341756
E01020001,25.63604093,25.58221197,61.68956333,45.31495381,61.29260894,45.36172991,45.3383298
E01020002,22.39104676,0,0,0,0,19.68259808,18.65420581
E01020003,22.10163866,21.21180113,0,19.5014457,34.42563152,34.00605465,18.71869125
E01020004,0,22.11668402,21.9325442,21.78060924,0,0,0
E01020005,17.78292739,17.61580065,17.64130769,43.11516375,43.07616794,52.52611342,42.95185402
E01020006,0,0,28.73121477,53.65872394,64.47305545,50.9080615,25.92974159
E01020007,0,22.12170369,22.17707087,21.77087924,0,0,19.36967917
E01020008,0,0,0,0,0,17.20533537,16.9215668
E01020009,0,0,0,21.75144529,21.4924424,21.20257259,0
E01020010,18.6435014,18.30389206,0,17.74084911,17.4736868,30.97945973,17.02501743
E01020011,27.10462406,0,0,0,26.82119648,26.25760448,25.76479716
E01020012,0,0,0,21.86857222,21.4877042,21.00608321,37.39143154
E01020013,24.1916672,0,0,0,0,0,0
E01020014,20.66756276,20.76442821,0,0,49.68159201,49.67122911,49.70233078
E01020015,0,0,0,0,17.53025629,17.25406707,16.9775692
E01020016,39.30116093,46.28549419,37.85185094,46.33708336,46.21199433,64.67229011,51.14711819
E01020017,14.67673905,13.61668395,24.02649229,39.81926877,46.27534439,50.78488445,55.19711799
E01020018,44.74347183,31.67160692,57.93037892,47.64184947,46.75397402,37.86388807,37.88798533
E01020019,0,0,0,0,0,0,0
E01020020,0,34.45262116,34.54063049,36.51374439,0,0,0
E01020021,0,0,0,0,0,0,0
E01020022,37.05251631,20.08825759,0,0,19.09643916,17.74730973,16.82807747
E01020023,36.58414838,26.95976449,26.69364895,36.09068057,26.44068766,14.50851801,25.83446843
E01020024,39.13112841,38.77719993,21.41217624,0,0,0,0
E01020025,22.62493655,0,0,21.86857222,21.82939001,21.84896355,0
E01020026,19.44309308,0,0,0,0,0,18.463388
E01020027,0,0,20.75116586,20.53692077,20.30165088,0,0
E01020029,0,20.50236137,20.66318126,20.47651805,0,0,0
E01020030,44.58430737,18.10331076,0,0,0,48.07471693,46.94251764
E01020031,0,0,0,0,0,0,18.07645125
E01020032,21.97209793,22.01676676,22.182118,0,22.09662808,39.88586099,54.31638649
E01020033,37.21726207,36.41540722,19.4586196,18.53712919,51.60400752,55.52041218,52.81107081
E01020035,101.3149221,90.7376156,71.25593653,56.14381119,31.82643677,55.04971394,50.37639031
E01020036,53.40282628,53.60719624,39.92209573,21.88821612,39.15727945,38.73447543,38.78575614
E01020037,22.83162959,23.15159782,0,23.35127621,23.28989889,41.74231594,23.03124451
E01020038,0,22.80491968,40.57639735,54.15580332,52.85755833,37.27250337,35.82902594
E01020039,17.84478672,17.62854494,17.38331103,0,0,0,0
E01020040,24.37924643,0,0,0,24.25186046,43.39096676,43.1884071
E01020041,0,0,0,0,0,14.44401659,14.19991607
E01020042,19.54054243,19.63501726,19.63106257,0,0,0,0
E01020043,0,0,0,0,0,15.87430365,28.48907368
E01020044,49.04716466,49.19916469,36.21285151,20.22581985,0,0,0
E01020045,58.49096145,58.3034663,47.97022114,19.86309878,36.18303474,49.403303,70.18944642
E01020046,20.14638814,20.39937754,36.9745775,37.1229427,36.95902907,37.13078438,20.57159687
E01020047,15.49081759,15.28194171,15.10198701,36.93596381,27.13874558,27.1723069,14.98819378
E01020048,16.14246845,0,0,0,0,0,0
E01020049,60.79190085,0,0,0,59.84469609,74.02365108,97.54209948
E01020050,60.54869883,66.17532852,66.28011802,15.33725008,15.33242477,15.15599816,36.92450934
E01020051,0,17.35854406,17.96649311,18.39370169,0,0,0
E01020052,34.36505918,33.68672157,0,32.32984808,52.65917856,52.36543564,31.66019794
E01020053,0,0,22.16698351,22.01676676,21.71751924,0,0
E01020054,29.96037289,29.00619762,28.26006375,44.96251166,43.64094908,42.30241714,13.98596984
E01020055,17.38641187,17.1962288,0,0,0,17.44553874,52.38428787
E01020056,75.01496224,74.25529833,79.04390256,61.43007496,54.26235067,77.08546807,64.96337739
E01020057,0,19.11141676,18.77638709,32.49119696,16.9775692,16.08651997,0
E01020058,16.56496,16.72126003,0,0,0,0,0
E01020059,45.91306963,37.75582868,37.70800001,37.58302439,59.82388588,59.83331021,45.84074688
E01020060,20.20904538,0,0,19.04420193,18.92586901,19.03304539,19.16025663
E01020061,0,0,0,0,0,15.26518782,15.243701
E01020062,0,20.87114048,20.66756276,20.6456738,20.52827,20.76000554,20.92940221
E01020063,13.7375932,0,0,0,13.12349852,13.07771683,13.01137678
E01020064,17.72471814,17.78292739,0,17.79916455,31.84950337,31.56922122,31.30497552
E01020065,29.46815314,16.41984916,29.6121169,49.07182204,57.14602181,63.6005629,47.71997189
E01020066,29.25040391,0,11.32956212,11.11382245,19.69943333,10.71786043,10.63251038
E01020067,0,0,0,0,0,0,0
E01020068,73.7138038,63.66017999,38.37927251,63.61842975,51.72100442,63.23138553,51.58655296
E01020069,37.51912764,20.93839443,21.04236315,21.07421106,21.06055016,20.96541753,20.90247182
E01020070,0,0,0,17.18713187,17.20229877,17.26629316,0
E01020071,0,17.29079739,31.0122535,30.67134368,30.43238973,16.95984423,17.06077802
E01020072,59.07274156,58.79822655,58.97696782,35.33210597,47.70116708,57.71376664,66.6692833
E01020073,20.07998059,20.04694072,36.07165783,60.0726604,59.82566929,85.12458383,67.94375563
E01020074,15.79455913,37.88798533,45.57512236,37.02785604,15.16071305,0,15.11135258
E01020075,0,0,0,30.63926657,30.40081023,30.20231875,16.6697836
E01020076,0,18.97745822,18.93690022,18.8380799,0,18.56891318,18.47738868
E01020077,21.21641841,20.92940221,50.29012909,49.20933153,48.88606309,35.90953975,36.0346844
E01020078,0,0,23.50331009,23.43549577,23.22330875,23.17361551,23.11864962
E01020079,0,0,0,0,0,0,0
E01020080,46.11140195,76.19434281,62.86206545,64.20093381,48.01326548,65.74295599,48.59732773
E01020081,0,24.71303938,25.0046761,25.11420445,25.12067718,25.07543798,86.69794397
E01020082,69.24116266,0,0,0,0,0,48.90832447
E01020083,49.95898291,34.48111777,53.83709783,53.2931981,53.12919177,53.21106856,63.75800832
E01020084,22.13174988,21.87838976,21.59721389,0,0,0,0
E01020085,0,0,0,0,0,20.32281607,20.38657727
E01020086,21.46404454,21.42629726,0,0,0,63.82773036,64.92419237
E01020087,72.47766176,90.54743432,109.8272495,99.17668317,127.4792257,109.4100861,99.64183264
E01020088,15.44418068,27.69896405,53.42101692,60.22228101,67.02304108,73.2384874,89.07854622
E01020089,14.3631335,14.29572072,25.7700816,25.79276968,34.71738693,25.17224084,33.62897222
E01020090,19.5366257,34.69744579,34.25789969,33.85541301,0,45.44363194,55.39570553
E01020091,0,0,45.15199444,60.77638551,60.2535355,24.53265222,0
E01020092,0,0,0,0,0,0,22.97153588
E01020093,0,0,0,0,22.66702945,22.92291316,41.52537297
E01020094,19.27011181,34.71800499,57.27080692,57.23701457,57.102243,57.49711301,57.81696294
E01020095,21.14278225,21.08788969,38.22071675,21.28591968,21.31384785,0,0
E01020096,35.03632503,34.86260447,34.68375317,34.41215256,34.42563152,34.635914,35.11331175
E01020097,42.35783227,55.46451977,66.49022176,49.51936901,66.19975936,48.93092672,74.99506194
E01020098,27.75582234,15.4809759,53.53960659,46.07298576,45.95657292,0,0
E01020099,0,0,0,42.48896626,42.55067785,102.0371395,92.59580876
E01020100,72.00479652,88.47120675,103.0187535,88.52503186,115.8378665,89.42269768,73.90425853
E01020101,0,0,0,0,0,22.84768559,41.0501935
E01020102,0,0,0,0,0,0,0
E01020103,0,0,0,0,0,20.29319714,19.81464235
E01020104,22.93909785,22.97153588,0,0,0,0,0
E01020105,24.53265222,23.31218055,39.92209573,21.23953502,20.95189727,0,0
E01020106,0,0,0,0,0,0,0
E01020107,19.84287983,35.45325149,35.33920926,35.24002246,19.55622505,19.61131301,0
E01020108,33.55788685,33.78163213,54.6190498,66.28663127,81.23635222,67.62767768,62.36912949
E01020109,40.70795425,40.56703296,55.55828637,22.94990034,23.11864962,0,0
E01020110,29.78454564,21.14749374,39.78185757,34.22335867,49.79894523,50.27145095,50.31375136
E01020111,42.2642138,0,0,22.31415443,22.58823329,41.98158107,58.2348581
E01020112,0,0,0,0,19.88741598,19.92807723,20.13806319
E01020113,0,41.12702961,40.29733331,39.77755036,0,21.62596546,38.76864749
E01020114,0,0,0,0,26.08194482,25.89485327,25.98459817
E01020115,0,26.95470909,0,0,27.53339781,27.28673801,48.35668417
E01020116,35.82902594,19.82673428,19.74239937,19.52488494,35.16951495,35.26122987,35.53208344
E01020117,62.90336222,63.75781064,100.9508345,64.96767462,65.34697481,21.90297223,21.95230325
E01020118,0,22.97695114,23.09673621,23.50331009,0,0,0
E01020119,99.38394308,100.3935076,84.53739043,75.79883897,117.5137111,156.6442264,158.3815313
E01020120,31.0122535,41.83508067,41.96039766,51.66814194,42.53754074,42.54514056,51.73243599
E01020121,16.81936579,16.75863561,0,16.58469026,16.48371801,29.41391169,29.26211823
E01020122,65.8244753,65.61979608,45.84608377,73.29687073,73.05719159,72.95895517,18.56537625
E01020123,0,0,0,0,0,0,0
E01020124,58.22062038,58.39193393,83.13317734,71.90208352,59.08739,24.10789689,43.43385325
E01020125,0,0,0,24.80107566,24.60076408,24.57595242,73.63034241
E01020126,56.38312105,46.88410568,47.44456508,58.77447621,84.7969211,106.9600523,87.30859822
E01020127,73.88497699,80.23100068,107.8644198,118.0329461,121.905106,106.8781268,85.01452684
E01020128,44.23169663,24.61318871,60.43704045,60.10146381,57.75464977,0,0
E01020129,28.11313194,0,0,0,0,0,0
E01020130,0,39.23594271,52.50790806,52.18571574,21.41217624,0,0
E01020131,43.81836847,43.8910647,51.000334,57.21924699,36.1235292,26.65721569,26.65317369
E01020132,0,18.463388,18.28329117,18.22176579,0,0,0
E01020133,0,0,0,22.11166662,22.22257786,22.21244907,0
E01020134,27.12725525,27.41722313,49.71054193,49.20954715,49.07216907,0,0
E01020135,0,0,0,20.31011166,36.16814476,35.90953975,19.75040034
E01020136,67.89294619,62.90336222,48.24232757,18.54065537,33.14052445,54.64674352,54.74955267
E01020137,51.69854719,20.88903259,20.76442821,20.65442382,0,0,0
E01020138,66.31563926,49.03040045,48.62090605,33.9453593,47.7477119,47.18060301,32.94505743
E01020139,0,0,0,23.49198046,23.42986224,23.27877403,0
E01020140,0,0,0,0,0,28.65027296,28.86237154
E01020141,0,0,0,0,0,0,17.9930266
E01020142,35.74397668,35.36706376,25.69474207,41.59499438,33.56261652,40.00538213,39.15493191
E01020143,49.9885682,50.04784401,26.16907931,43.01523613,34.92103246,55.17445915,42.10655442
E01020144,0,0,0,0,0,0,0
E01020145,21.58903769,22.97449648,54.02087324,58.84146656,45.22102299,0,26.10689276
E01020146,0,0,0,0,0,0,0
E01020147,49.46383893,49.68340205,0,0,16.9775692,30.58063246,30.59127651
E01020148,28.9309079,28.89659908,70.55411041,99.82090042,99.64415182,70.13849698,28.65869704
E01020149,146.1520983,131.425926,148.636434,139.200179,151.3589463,155.7316721,167.5204972
E01020150,31.14412578,43.6286107,71.30167246,71.85473196,63.14106386,17.9963488,32.30608073
E01020151,0,0,0,0,0,0,0
E01020152,39.80457283,40.36210437,22.66175928,0,22.92830551,56.57463362,69.88195371
E01020153,0,0,0,0,0,0,50.87595235
E01020154,37.06814352,20.10897995,36.34012292,20.19648277,20.82654403,0,0
E01020155,0,0,0,30.95212111,30.78592209,30.49694281,54.08499931
E01020156,52.17765699,60.41818641,92.0691212,78.52641995,70.51190011,48.05883853,68.774033
E01020157,34.8290971,25.43816844,34.08626828,13.90218568,48.07402596,53.88292436,69.06372338
E01020158,48.14479305,19.61525974,35.22589835,19.57586376,47.84492671,47.66297697,57.58813702
E01020159,41.99160999,56.16101584,78.27651553,103.9278843,117.3018288,122.0051833,112.9978214
E01020160,94.76819028,60.93061408,31.19386749,41.94561553,72.91959314,65.77021118,50.10253716
E01020161,23.77625195,23.60701578,23.48401415,31.74181432,23.41519243,31.88632366,32.03646417
E01020162,0,0,0,0,19.59948233,19.84692033,20.04694072
E01020163,0,0,0,0,0,0,0
E01020164,0,0,0,0,0,0,0
E01020165,0,21.11072691,21.07421106,20.78656985,0,0,20.49373968
E01020166,21.79034795,39.89491351,39.97657145,39.91303087,21.95724857,22.13174988,0
E01020167,91.10763452,0,0,0,23.95974117,24.31841996,24.56356534
E01020168,0,0,0,0,0,0,0
E01020169,25.76630413,25.69474207,25.52682824,14.04643664,25.23004949,25.17945243,13.99199308
E01020170,15.21277106,27.46525594,36.99334292,45.31961496,36.87876242,27.27349078,27.22702145
E01020171,0,0,0,32.28827814,32.12306192,32.05861721,0
E01020172,0,0,0,0,18.04632941,32.58757333,32.59966059
E01020173,38.27064527,38.12951868,0,21.30453032,53.17624901,54.7157552,56.1345384
E01020174,22.38590413,21.98696739,21.62116821,38.51381706,21.2812721,38.17091834,37.90750328
E01020175,0,0,0,0,0,0,29.63708053
E01020176,84.05065916,28.28445401,28.5328538,28.84528816,52.59614768,102.177039,127.1815566
E01020177,0,0,0,0,0,0,0
E01020178,0,0,17.15385865,16.90689068,30.07313975,29.45827618,29.0637491
E01020179,31.63171144,42.56795631,42.35595619,67.07102491,72.84345112,65.07158441,49.10494311
E01020180,17.26935239,31.24932274,17.28773056,17.16292038,0,0,16.21227953
E01020181,0,0,0,0,0,18.33143224,18.33488059
E01020182,21.36055802,38.69184498,21.64036996,21.74659222,0,21.9325442,22.00682466
E01020183,22.89598937,23.01492958,23.06940279,56.37373792,41.6237032,41.93150824,70.21919269
E01020184,37.26460171,36.52133079,35.87289775,0,0,19.67465193,35.81442584
E01020185,0,0,0,0,0,0,25.37574266
E01020186,0,0,0,0,0,23.02580363,22.94990034
E01020187,37.85851718,35.48904079,65.39104817,72.38883429,86.03081449,55.01867577,63.78516911
E01020188,29.87889036,40.74700112,30.06799557,30.08858286,16.63564169,30.15051421,30.34832312
E01020189,39.33361881,55.38380981,55.48391904,55.53867676,28.91078332,28.60497616,28.44297524
E01020190,56.94363512,69.43575265,68.75143996,55.32029181,39.37915001,46.95009102,59.4586385
E01020191,19.22071101,0,0,17.94003775,16.95984423,16.1264435,0
E01020192,20.89799015,0,0,0,0,0,0
E01020193,21.80497234,21.6981804,38.7430128,38.0717098,37.05251631,20.22581985,0
E01020194,0,0,0,0,0,0,0
E01020195,79.75571052,86.40689838,33.37333008,33.16553592,18.17419824,32.49119696,43.82936153
E01020196,18.56184066,18.84900897,19.06282524,19.05537155,34.07196996,45.89025847,33.79033213
E01020197,74.26924055,75.42417598,100.0340802,76.2542384,61.93021359,45.91867145,46.11140195
E01020198,0,0,0,23.37367551,23.32333737,23.22884338,0
E01020199,0,0,19.5170656,19.6667122,19.75440326,0,36.28011924
E01020200,29.80679786,53.68853649,53.83652703,53.83652703,29.81591588,29.95335865,30.3544781
E01020201,94.50370193,39.54488351,21.76115793,21.57331259,21.30918806,38.32070441,73.37739923
E01020202,96.67866903,51.19836555,81.57773615,61.62461064,59.44682146,34.27794116,33.20312399
E01020203,48.91618897,48.87602938,0,0,0,0,0
E01020204,36.3852561,36.93573092,37.33583742,20.59332896,20.4207471,20.30588039,36.52133079
E01020205,66.54233956,54.98104803,55.24892597,22.7251636,0,22.61968592,22.47365151
E01020206,0,0,0,0,20.95640208,21.13361365,38.35414999
E01020207,47.66176336,93.59518924,95.25871776,64.81250781,24.17366745,37.48712192,56.02491643
E01020208,0,0,0,0,0,0,0
E01020209,0,0,0,0,0,0,0
E01020210,50.19316135,50.23619571,67.93740158,27.44810708,27.05947476,0,0
E01020211,53.91059797,39.13984154,38.76009883,21.37461102,21.39337714,38.17091834,37.85851718
E01020212,0,0,0,0,0,0,0
E01020213,0,22.69341715,22.49439801,54.61536346,39.53598913,53.33106725,39.11371378
E01020214,21.28591968,21.11072691,20.93389736,0,0,20.80875876,36.9279714
E01020215,0,0,0,0,0,0,0
E01020216,0,19.50534833,19.44309308,35.16247971,35.3534244,58.86959289,48.40904635
E01020217,35.95360907,67.69854862,75.33216313,75.78309082,57.88596574,57.74812445,66.96015158
E01020218,22.00682466,39.40305192,39.46497786,52.75217528,38.02229866,20.48512525,36.34012292
E01020219,17.38641187,16.71265856,15.98101729,27.68151602,27.04687797,44.23801076,44.07052775
E01020220,23.67457542,82.80697076,89.77250716,95.97725027,52.63557474,52.12859702,63.01232452
E01020221,46.01440172,79.43784245,71.63788616,70.88912499,54.50345768,62.83555615,84.63736932
E01020222,0,0,0,0,0,0,0
E01020223,34.25122441,34.07857555,56.10051839,45.87257838,56.83459494,46.90257424,34.62909061
E01020224,0,0,45.84681222,45.79903089,45.87074029,0,0
E01020225,26.64522361,0,25.53529672,45.60889738,44.99020292,24.33663601,23.92445436
E01020226,0,0,0,0,25.71721046,61.38741137,60.17740358
E01020227,38.89733149,21.74174132,22.00682466,22.02671784,53.27141521,53.14064929,75.25821177
E01020228,19.17910773,0,18.79449005,18.71509703,46.08564275,45.88141672,45.76678327
E01020229,19.89959693,19.75440326,19.15649086,0,16.40050893,14.84438381,41.26470489
E01020230,0,0,0,0,0,19.02932945,18.9922497
E01020231,0,0,0,0,0,0,0
E01020232,0,0,0,35.48187715,34.93188556,33.97975988,0
E01020233,18.38676198,18.48089217,18.56184066,18.70432265,33.60942967,33.53888969,45.47834705
E01020234,0,0,0,22.00185698,21.7126813,21.72720159,0
E01020235,32.7088508,18.24564306,18.45639562,0,18.60790861,18.64706817,33.75140356
E01020236,25.01751217,24.97904342,25.23122638,25.43534122,0,25.64278549,46.56334851
E01020237,37.13078438,50.53559363,50.26889699,50.5141538,61.40356416,71.54279788,80.35238194
E01020238,0,0,0,0,0,0,0
E01020239,45.97872644,46.20837518,25.66979922,0,46.22052552,110.0304315,128.3186372
E01020240,106.2178717,60.22183642,61.72918413,21.17493508,52.67050075,50.65383875,69.46741775
E01020241,105.1656489,86.3576576,110.2013978,93.11787872,99.70635839,111.3866838,131.3670308
E01020242,43.02982257,42.51979967,98.97294156,95.16981521,78.3953234,33.15302547,41.78369686
E01020243,0,0,0,27.44810708,27.54117781,49.36155419,27.35566326
E01020244,0,22.59346932,41.21381478,41.91151254,23.46370412,23.66308011,23.72066853
E01020245,36.55931013,36.28011924,60.23430121,49.07748948,60.52242221,49.84798841,36.96680165
E01020246,70.28340355,52.11276335,51.97408576,28.83675405,51.45678719,28.72626839,52.2677201
E01020247,21.36055802,0,20.54124888,20.10068588,36.34012292,20.2048561,36.46829209
E01020248,78.67137401,69.72563043,78.83466675,36.71968973,20.32705441,19.74239937,34.60182389
E01020249,93.76159621,72.4570551,59.64981982,59.70964643,60.26878501,44.47792246,44.54555145
E01020250,0,0,0,0,20.54557883,20.52827,20.5153075
E01020251,77.57514078,54.75349733,40.20516302,54.2051123,65.5973826,53.46277315,21.75144529
E01020252,0,0,0,23.33450488,23.12962193,23.01492958,0
E01020253,0,0,0,0,0,0,0
E01020254,0,0,24.65053801,24.44037794,24.22172643,0,0
E01020255,0,24.72557771,60.69892744,60.83849445,44.55684295,24.60697483,24.49565902
E01020256,101.8385306,118.1963261,132.2888544,151.666347,131.8140489,109.2474656,91.70155475
E01020257,0,0,0,0,0,0,0
E01020258,47.04155363,47.07875401,34.87643869,19.31211126,19.20934677,18.9221948,33.67381491
E01020259,0,28.39156089,51.95872268,70.36647645,51.42667835,85.40736607,85.83561736
E01020260,47.25177545,25.81939806,25.6900969,25.71042671,25.86050085,0,0
E01020261,0,26.91748911,27.00699032,48.40995433,26.72559035,26.90262988,0
E01020262,76.11462823,89.33587843,90.07466966,101.2069338,111.1997013,119.6880064,99.1721256
E01020263,22.21751231,40.2511954,54.30400013,53.74027122,52.86929356,63.3277044,51.12142808
E01020264,37.83407158,51.69854719,51.99202089,21.38868252,0,21.01061136,20.97895525
E01020265,20.02223208,19.74639905,0,0,0,0,0
E01020266,19.16779263,0,0,0,0,19.45085324,19.57979623
E01020267,0,0,0,0,21.74174132,39.31492266,39.35012701
E01020268,23.81339532,42.23374982,41.50576264,39.9402378,21.21180113,36.42295281,58.49096145
E01020269,0,0,17.47681997,31.16068872,51.64063625,52.39371907,43.86973359
E01020270,0,0,0,0,0,0,0
E01020271,37.76903738,20.8309951,20.95640208,0,20.98347171,20.78656985,20.74674883
E01020272,31.5295831,17.50506914,17.35236334,0,0,0,0
E01020273,0,0,0,0,23.41297788,23.35127621,69.78141277
E01020274,25.42207292,0,25.10773505,25.16607991,25.09480624,0,44.70415507
E01020275,0,0,0,0,0,0,0
E01020276,21.124453,21.30918806,21.5209155,0,38.7088859,38.7430128,38.93179163
E01020277,0,0,0,15.95224623,28.62826992,28.32381457,28.15595098
E01020278,0,0,19.73440488,34.91800732,34.88335992,19.47028078,0
E01020279,16.62996497,15.2198976,13.82920314,12.81633444,12.07784674,0,0
E01020280,0,0,35.58374199,35.44075414,34.79855946,14.18957983,14.08093381
E01020281,0,0,0,0,0,0,0
E01020282,20.1797569,0,0,0,0,49.0067898,69.01306421
E01020283,0,0,0,23.48066175,42.63323936,40.14089428,37.90750328
E01020284,0,0,0,16.24470409,16.08386543,28.91078332,16.09183168
E01020285,0,0,16.24470409,16.06795656,28.97273106,15.99938025,16.0415116
E01020286,34.36505918,57.56535401,66.69562141,82.70257948,65.49251671,55.75656486,45.3484381
E01020287,37.02910019,37.44719147,51.08852562,37.91567996,62.33743707,80.23356297,94.76417995
E01020288,0,20.10897995,19.94030805,35.86557832,35.58963632,92.00257776,91.48418554
E01020289,37.25670341,20.97895525,38.08820873,51.6536912,82.00043586,81.50770952,72.15433072
E01020290,33.65447345,18.8380799,34.23121416,34.17796762,46.03219132,64.86345503,64.35657135
E01020291,51.16536401,50.82682282,20.66756276,20.50667493,0,0,20.26787812
E01020292,40.47362622,22.47365151,22.16194327,0,21.98696739,21.71751924,21.41217624
E01020293,26.44864447,26.5164712,44.41354883,57.8114875,79.31514588,74.3628602,63.83393658
E01020294,0,0,0,17.68291455,16.88053771,16.26910775,0
E01020295,75.58702774,66.43317309,73.75232421,46.42707249,56.38312105,66.22469692,66.70879827
E01020296,110.0230805,94.01548325,75.69688051,84.55621076,52.96336328,64.17964198,83.64376292
E01020297,20.69389087,0,0,21.04690696,21.18413957,21.18413957,0
E01020298,27.65973688,0,0,0,0,0,0
E01020299,0,0,0,0,17.86113709,17.80566771,17.76348187
E01020300,60.19692232,48.04765211,57.13587635,18.92586901,18.87455953,18.78362409,33.44953864
E01020301,40.26472119,29.36968063,29.09261057,39.11395658,38.99226945,47.7748102,39.36613034
E01020302,34.15140643,34.1381413,45.64397075,54.85274939,54.34061976,44.23645701,53.87783457
E01020303,0,0,35.9683229,48.65632501,48.46816372,19.8590517,0
E01020304,0,0,0,0,0,0,18.43196393
E01020305,0,30.55430384,30.21333823,54.03512154,29.74312755,29.71592347,0
E01020306,0,46.2570149,46.51406277,46.97397627,0,0,0
E01020307,21.09701864,20.1422248,19.6786242,19.59160314,35.40326757,35.13436689,19.34277149
E01020308,46.782788,34.88335992,34.814271,18.98854967,18.48790313,32.69060167,43.72474109
E01020309,34.98054638,34.8902839,19.31976721,19.22071101,34.6222699,34.18461438,55.94951796
E01020310,0,0,0,0,15.25324323,15.13951913,27.23545864
E01020311,15.52041788,54.14922382,60.79097844,60.68413696,37.86388807,46.02926189,45.56798603
E01020312,20.93389736,0,0,0,0,0,20.93389736
E01020313,0,0,0,0,0,0,0
E01020314,79.34521,86.94587583,100.4935297,93.00007938,92.65888856,98.32895908,115.2378516
E01020315,40.01297126,65.37633528,52.91628661,38.78575614,39.02687261,83.60693826,82.69674497
E01020316,52.90809666,31.87838367,43.10735894,53.0721271,61.97062001,62.02754093,89.12515107
E01020317,0,0,0,40.50160305,96.44164851,105.3732175,97.49747904
E01020318,40.05856435,40.07683069,39.95839636,0,39.77755036,39.87681258,65.74557979
E01020319,36.3852561,60.22183642,78.41150803,68.9707731,68.43953743,58.77447621,84.5400164
E01020320,117.3124985,104.0726747,34.82806688,34.82806688,47.5962912,57.92052894,57.28207991
E01020321,84.73889762,86.08571398,63.14062035,71.50008712,65.39980242,69.73418381,41.45279652
E01020322,100.7094806,98.6536859,104.7858363,54.09717037,71.35331177,81.41644385,76.95791845
E01020323,27.01362558,15.17723827,37.27126287,53.07672124,64.97346163,85.83087378,90.92047474
E01020324,20.62383114,20.77770753,20.85774151,63.17647761,82.98584311,108.243261,84.65043825
E01020325,59.10873696,59.10873696,35.79254799,19.96072614,20.05106476,20.00579347,35.90220536
E01020326,0,28.58172028,38.56289338,47.20904793,47.09445096,47.2627176,68.25812169
E01020327,17.71505362,17.84478672,0,0,0,17.67970706,17.7505418
E01020328,36.87305202,35.35656157,25.60118488,14.21855928,14.08907543,14.15249366,14.24974033
E01020329,73.26594566,82.5350107,62.35079311,70.80765178,60.77521209,70.71867084,50.14187995
E01020330,0,0,0,0,0,0,17.08170782
E01020331,61.91304429,36.95125975,79.39496857,79.31207226,79.29551377,49.39305586,78.76926838
E01020332,33.38600738,18.39023118,18.12013853,44.26935159,32.78205155,32.81877492,18.05970449
E01020333,60.84277939,41.89396,30.58595355,16.77016943,16.79039186,30.41659178,30.61258685
E01020334,16.92744438,0,16.96279582,30.52222233,30.49045621,16.86009769,0
E01020335,21.81473285,64.02432395,62.59218435,61.44245706,20.04281838,0,0
E01020336,23.44113201,0,24.01286699,24.13774818,24.13774818,0,0
E01020337,0,21.88330184,41.0693756,42.6850032,23.8717186,0,0
E01020338,0,0,0,0,0,24.33584404,52.5194244
E01020339,57.23701457,34.55421031,47.35964347,68.23208504,68.63430103,59.08473516,19.72641686
E01020340,67.40124416,58.24512034,19.36967917,34.54741906,34.34491574,56.54745995,46.3006956
E01020341,21.1519588,20.89351041,61.72918413,88.43383435,103.8257699,89.49267926,72.23150819
E01020342,0,0,0,0,0,0,0
E01032628,45.71113848,28.08846365,46.70894871,72.63005331,87.39681954,71.34211444,45.22805105
E01032657,,,,,,,
E01032658,,,,,,,
E01033232,25.60237132,43.51988106,0,0,0,0,0
E01033233,5.624897337,6.070517015,20.32382757,20.77532527,22.33841201,18.10621123,20.10965039
E01033234,38.59838749,38.82859391,116.5662199,103.6908415,116.9591449,74.23239331,90.26465489
E01033235,27.02196509,26.81381789,26.4428182,0,0,25.52860859,25.44198057
E01033236,0,0,0,0,0,0,0
E07000040,5.377392728,5.23720956,5.695537424,5.603404072,6.190708077,5.932460736,6.466485951
E07000041,4.549324858,4.27235861,4.734299266,5.062660709,5.435907862,5.345405883,5.045164773
E07000042,6.68601839,6.279445459,6.451351166,6.517485608,6.679789294,7.249514111,7.223954483
E07000043,6.569749574,6.751466335,7.846847666,7.742684458,8.40183526,8.224733821,8.158157994
E07000044,7.121614135,6.871263862,7.235115865,7.616151727,7.861542678,7.870967103,8.415340485
E07000045,6.043598121,5.845417229,6.33531506,6.053384953,6.004022053,6.091056344,6.522234333
E07000046,6.90359683,6.669814142,7.452217608,7.839532094,8.304137035,8.736403978,8.790652305
E07000047,11.16981193,10.89920396,10.70133064,10.91824083,11.55860885,12.33369002,12.68493851
E10000008,2.366162645,2.301083901,2.477108345,2.489987189,2.621032668,2.636628281,2.713685439
E06000026,,,,,,,
E06000027,,,,,,,
IMDQ1,8.428702978,8.754853625,9.431797469,10.542053,11.05655262,12.08317673,11.17888061
IMDQ2,4.640097865,4.630790671,4.921639726,5.023407459,5.402195984,5.523357246,5.495397833
IMDQ3,4.608081058,4.491850892,4.879377818,4.872822119,5.153938528,5.212188824,5.427546233
IMDQ4,4.732377474,4.409654052,4.698424117,4.694650768,4.91568569,4.731535064,4.956676772
IMDQ5,4.509647007,4.41613218,4.928887257,4.791049477,4.777816629,4.787329,5.220430919
E02003122,,,,,,,
E02003123,,,,,,,
E02003124,,,,,,,
E02003125,,,,,,,
E02003126,,,,,,,
E02003127,,,,,,,
E02003128,,,,,,,
E02003129,,,,,,,
E02003130,,,,,,,
E02003131,,,,,,,
E02003132,,,,,,,
E02003133,,,,,,,
E02003134,,,,,,,
E02003135,,,,,,,
E02003136,,,,,,,
E02003137,,,,,,,
E02003138,,,,,,,
E02003139,,,,,,,
E02003140,,,,,,,
E02003141,,,,,,,
E02003142,,,,,,,
E02003143,,,,,,,
E02003144,,,,,,,
E02003145,,,,,,,
E02003146,,,,,,,
E02003147,,,,,,,
E02003148,,,,,,,
E02003149,,,,,,,
E02003150,,,,,,,
E02003151,,,,,,,
E02003152,,,,,,,
E02003153,,,,,,,
E02003154,,,,,,,
E02003155,,,,,,,
E02003156,,,,,,,
E02003157,,,,,,,
E02003158,,,,,,,
E02003159,,,,,,,
E02003161,,,,,,,
E02003163,,,,,,,
E02003164,,,,,,,
E02003165,,,,,,,
E02003166,,,,,,,
E02003167,,,,,,,
E02003168,,,,,,,
E02003169,,,,,,,
E02003170,,,,,,,
E02003171,,,,,,,
E02004129,40.30259655,43.1283066,53.23610535,43.70405812,49.75334802,47.11349793,56.39998946
E02004130,5.423035719,9.850849463,19.00272976,21.33310502,29.18538384,25.43545829,23.41474755
E02004131,14.20994377,14.23457668,14.2023164,5.814138697,0,0,10.46425323
E02004132,21.06623685,18.37849286,15.26826891,20.89203744,25.38912818,23.12686987,19.42225626
E02004133,20.44492366,15.67922453,15.49247429,19.76170678,25.51981459,24.12604077,32.95175306
E02004134,24.83478938,20.02211287,32.76600318,32.34392244,29.65758099,19.83070369,20.63216673
E02004135,30.8230193,31.53737245,30.39370818,28.22118545,31.90039071,35.26281934,37.55447014
E02004136,12.21392989,12.18937348,14.07844376,14.04039165,12.05555948,15.71815686,17.28311442
E02004137,23.72361353,18.20614051,28.34384528,37.95721055,49.97390942,50.07713094,45.88671556
E02004138,11.10115126,13.66301588,4.58609235,8.237821822,8.202073814,8.1609474,4.518065206
E02004139,5.215830305,5.18475562,9.186714357,8.994913648,16.88461834,16.67696491,16.54134377
E02004140,18.88427691,15.4820889,11.37209539,15.33552523,18.67103705,21.48241301,23.99488936
E02004141,21.48272794,23.75493773,19.06388502,21.2626428,27.13434855,32.02055888,31.86573052
E02004142,42.20511004,41.90576871,39.38943135,31.92151809,26.12764865,26.38193313,36.27839991
E02004143,0,5.101178672,5.106523858,5.101712687,5.073563108,5.055930121,9.09215318
E02004144,14.50183262,14.46722781,16.67284746,11.67192889,14.1163431,14.05362609,20.13286491
E02004145,9.870763521,13.34138571,9.847538263,9.864116562,5.476973534,0,0
E02004146,0,0,10.93496925,13.3735606,17.37165452,10.84335148,7.967123971
E02004147,18.56464536,20.12318568,23.14041849,19.68130408,19.72582547,15.91601143,15.95059745
E02004148,17.90983901,8.269990137,15.79908911,17.63868967,19.19834548,15.35576617,22.1177597
E02004149,5.966287443,6.242586342,15.81421681,14.96959347,16.9345149,13.69354581,14.76715809
E02004150,16.36258838,18.53836756,22.23788377,18.43399606,13.82791714,8.153376615,10.87057596
E02004151,12.62183153,10.20138616,10.03036889,15.73573956,15.47101816,16.71775793,14.95034039
E02004152,7.546740431,9.93122886,7.209658986,7.120294098,3.932231432,3.770384915,3.633619907
E02004153,4.37666011,0,0,7.803714305,7.715682087,10.29710888,7.489185852
E02004154,10.3503686,4.131234712,9.836873039,18.34437944,21.88196788,20.24830364,11.14679876
E02004155,16.87686119,15.00634606,10.55497955,7.715004799,16.52801111,19.5800664,17.94402889
E02004156,23.11669408,24.03288993,26.04767926,29.37224371,28.1700659,29.24338348,25.90412932
E02004157,19.51969676,14.92655535,12.15076065,17.17054259,14.88761125,12.19681413,9.015211891
E02004158,12.57166777,10.23250909,7.502931553,10.03205913,9.781918846,18.25158357,17.99083993
E02004159,19.97322817,20.54061951,26.49285652,24.10973928,23.41065346,19.07795529,21.05353936
E02004160,11.44199185,8.36324272,11.11306671,8.081033938,10.76103108,7.865168979,4.32384973
E02004161,10.10785576,7.422772881,0,4.05779436,13.87252698,15.4182628,13.57907106
E02004162,17.7441684,15.67804618,20.92467616,22.26698168,27.3762585,24.60704268,25.74596684
E02004163,15.04228687,12.19868852,8.875914397,8.710104424,18.34761792,21.24740148,22.31479189
E02004164,28.07302669,24.85861156,29.36630791,19.08613959,24.46639494,24.43212937,29.05441011
E02004165,15.86986884,15.66822874,15.64886199,18.76538698,15.6096302,15.55019491,11.88860242
E02004166,9.275914926,12.38908301,14.9757156,17.24332301,14.81862521,12.08784866,12.03409279
E02004167,13.55861774,11.07791216,11.04502809,19.23982189,23.72425072,23.51841842,17.02055963
E02004168,5.367192784,5.326132293,9.610638074,9.613266078,9.642269266,9.623792482,20.7662381
E02004169,22.72697827,22.77147733,19.51339421,17.71437522,25.65204213,27.05893795,27.05893795
E02004170,12.97466768,14.90236332,10.36884643,16.1912197,14.12260713,15.60770584,13.79375273
E02004171,24.35788496,25.58129672,26.63836669,21.35483283,18.22213313,23.82484468,22.35279709
E02004172,24.75270518,20.62303675,22.71337515,22.63721377,22.50454821,30.87663675,32.15065846
E02004173,26.79143075,20.88718251,22.29951102,26.36273994,24.98538509,26.31847417,26.30534273
E02004174,7.950547607,4.341762245,4.273984679,4.24827706,4.217395205,10.27622421,10.23998926
E02004175,10.7483497,5.947536073,0,5.900013386,17.64428248,20.57022095,25.65346084
E02004176,24.51314487,24.70120597,27.01815022,31.16358733,39.7328223,49.80102789,44.70056507
E02004177,21.05985862,25.26021042,32.17689914,25.20279559,21.04585513,16.11606012,18.69446202
E02004178,23.1538006,25.44603817,33.64742338,33.80019496,35.74691646,34.09094035,34.09305017
E02004179,10.88578045,8.730750542,17.64828026,17.55251954,22.82329936,19.81650615,21.82039487
E02004180,29.49634283,34.32782271,45.3740653,50.30066784,51.61237147,49.29029516,49.11062702
E02004181,5.66708652,10.12724223,13.67543408,19.31801821,16.67091539,10.07153763,0
E02004182,9.503085689,12.86010045,20.50059074,18.2370606,18.26369475,18.31223002,20.63536184
E02004183,19.34568879,19.41019084,24.1162697,24.03870793,21.92545826,16.79018327,26.29157644
E02004184,11.31187967,11.28162152,14.74716984,14.83588047,11.33302472,3.750941714,3.694497021
E02004185,30.87885223,32.29428728,30.17001975,26.11937421,33.30214851,40.87764925,39.63144115
E02004186,18.51924191,18.43289058,11.74513707,16.79153127,16.70308098,24.23377683,18.16552679
E02004187,23.89464277,23.71106591,25.32042544,22.47731084,23.29623506,21.35503652,24.87315993
E02004188,37.42039355,36.20669225,45.30704399,39.41802894,48.58068793,39.78811122,34.77928707
E02004189,30.93328257,28.61400728,37.82526697,37.3103199,37.23937583,32.64101016,37.83736702
E02004190,31.3100253,20.79216116,20.6908762,21.9947811,31.90332836,32.75417043,33.58000901
E02004191,13.86853843,17.18236749,13.83104449,13.75834316,7.090996084,13.59054884,19.68763215
E02004192,19.34206645,24.14355608,30.62006246,29.29420556,25.2476147,20.80307311,27.89260457
E02004193,13.61316639,9.466355056,9.454162488,10.63007507,9.464762938,10.72826033,10.78798568
E02004194,27.30368449,29.08689744,27.55813034,33.31405658,28.59766767,28.14186389,26.3045978
E02004195,17.14631917,13.96740461,13.97806289,10.34356432,14.18286138,17.33734052,22.60937213
E02004196,30.29551478,31.30658604,29.90012428,29.90998895,33.46909945,36.26916093,37.67982748
E02004197,9.591235411,9.454019176,18.01809409,24.14533645,27.61222626,22.1825277,22.17195232
E02004198,17.83724278,21.99139016,21.86959285,19.77169741,15.1519339,15.12044341,12.37170447
E02004199,6.150966883,6.132390916,10.97997994,14.76043755,14.65416357,17.69578185,22.85700723
E02004200,18.8989935,21.74667875,15.27159926,26.78109837,35.25375755,35.34876744,31.38890149
E02004201,24.26313749,26.76739703,31.33453494,35.29215234,36.95650896,39.97971081,36.28140153
E02004202,37.7492777,30.33855986,41.09652224,35.25367745,36.61183693,33.18582993,37.35789728
E02004203,24.40167648,24.59958522,24.73624092,19.97987715,17.17769422,24.56061174,32.17921497
E02004204,17.61137467,25.55750588,24.48523064,24.24704669,20.41147856,20.37633775,24.06994852
E02004205,5.047028835,5.044155714,5.010446761,8.858469467,11.60424469,13.6335716,15.35646456
E02004206,14.31071274,8.659471897,11.80150015,11.83963919,20.79812244,20.77747409,22.57244
E02004207,33.46040942,27.09822087,32.28077897,27.1328413,26.825879,26.47546361,31.1620005
E02004208,10.07663251,10.08132504,7.401831131,7.356603668,7.313750948,13.9085275,17.09395076
E02004209,0,3.904351085,11.63664828,13.4900976,13.43213931,9.472199203,6.985879795
E02004210,18.69439897,16.57382145,18.59463846,11.60990222,16.41828249,18.47164974,16.5243439
E02004211,34.00134964,25.09358895,21.44273402,24.92202756,23.08127359,21.2511262,21.26732283
E02004212,13.74013744,13.62301734,16.39387067,13.21551785,13.08121513,15.89337943,15.85873513
E02004213,30.01689839,36.81180288,39.68421299,41.62487526,33.25172684,28.58579603,26.04397298
E02004214,21.66655246,27.50873899,32.4596492,32.3528119,27.07719079,23.03208356,26.78909824
E02004215,14.00189775,10.30234054,13.98134563,19.8168821,26.52319532,31.8241519,33.2563161
E02004216,5.820735809,10.51936104,10.5199906,14.31415118,10.56170887,17.41515457,17.27558817
E02004217,24.44377837,25.85864836,22.2676816,20.91143822,19.36076223,19.35499234,20.77182491
E02004218,40.72394869,32.64062726,34.23799048,24.61405124,26.74161716,19.73810839,26.41531698
E02004219,17.54640856,14.35211019,14.32103788,10.55473286,17.39433594,27.15532811,29.1817483
E02004220,9.250530953,5.190830319,5.233755084,5.259171258,15.71740968,15.74632487,12.89212681
E02004221,21.80587271,13.60667082,16.52137803,5.508546457,9.878529638,9.809618839,16.12767089
E02004222,5.714265174,0,13.72509076,13.63393685,13.49256992,16.42718523,21.27693637
E02004223,2.944748185,2.895669048,6.949499232,11.9702246,14.66048982,12.59558388,10.42753525
E02004224,38.04018028,33.89953691,32.16256744,29.10533872,27.34816019,38.45900603,40.69511304
E02004225,5.780690416,17.10902125,16.95550879,19.64280276,13.83272178,13.75045156,10.07326912
E02004226,18.08121433,23.41327676,29.15565215,27.71719087,26.05360882,28.47808689,30.70404834
E02004227,18.36143894,18.33869018,18.22986797,22.33517635,25.7644135,23.69235329,24.42764073
E02004228,23.29158634,21.79230203,26.41337819,31.59412441,33.68195206,35.69937666,32.28907359
E02004229,45.50632287,45.3257956,37.70693148,32.04749802,34.35541815,37.64258438,35.50342471
E02004230,22.24467276,23.39262851,16.90014085,16.76659781,14.81214728,18.3539745,16.66800025
E02004231,25.00781721,23.56463157,30.71338948,32.05102001,36.49549274,38.6399518,41.65618159
E02004232,38.926901,36.40681403,37.42830781,36.11593389,36.06637769,35.82604755,42.3190159
E02004233,14.33345346,13.32390091,14.94844953,16.44943233,12.25205574,11.26440858,13.15489254
E02004234,9.620632141,9.629591836,18.45132617,33.22809493,44.88299632,47.39126466,40.4045685
E02004235,22.03770471,19.97866215,19.95766603,19.9744594,22.07489704,29.04855305,36.06572056
E02006840,,,,,,,
TOWN01,24.44377837,25.85864836,22.2676816,20.91143822,19.36076223,19.35499234,20.77182491
TOWN02,23.06462885,22.85397862,22.21675902,20.3100928,23.95036514,25.61560246,31.18022916
TOWN03,7.582793338,8.292094244,9.705346492,10.38326675,9.990302498,9.563364697,9.228737336
TOWN04,9.672267198,8.346556049,8.772320218,8.384214536,9.977528262,11.58214519,11.87414641
TOWN05,11.61351985,11.41275756,17.10705006,15.56116986,17.73166707,17.04273132,19.02532036
TOWN06,13.21986635,10.54501618,11.24003376,12.27033341,11.85816044,14.38703563,14.63059269
TOWN07,9.775552631,10.74473749,10.29304307,10.85006995,10.43195588,11.87208827,11.21913814
TOWN08,11.6743339,11.70563643,10.44274871,9.023852981,9.082715784,11.86507186,18.13534991
TOWN09,7.677109991,6.623522702,8.652350018,9.480261397,12.29617463,12.71509079,13.72472622
TOWN10,5.225308897,4.751242789,5.380988232,5.417863197,5.703830901,5.509958748,5.412322767
TOWN11,6.369660201,6.736560369,7.520209367,6.915629294,6.997884218,6.376762904,7.416492768
TOWN12,12.02434056,14.37007815,17.34398552,17.2938934,17.17741532,17.93346322,18.6592608
TOWN13,15.41138325,14.94133534,16.33389436,19.52272843,21.50250214,21.30964538,20.51458895
TOWN14,14.24441667,14.27393508,17.85943652,16.42260524,21.2733511,20.10513254,22.29116711
TOWN15,11.88397575,12.85998573,15.80906049,15.8364157,18.06851227,18.13316275,18.5182351
TOWN16,12.29786544,10.88294985,11.91041861,12.75388198,13.7633037,13.10375371,13.31557027
TOWN17,11.93367705,13.34650216,12.25933006,14.92022151,15.28137478,15.98311479,14.70514388
TOWN18,56.38312105,46.88410568,47.44456508,58.77447621,84.7969211,106.9600523,87.30859822
TOWN19,18.63443491,22.9445127,23.07733601,23.07733601,22.99527747,29.82927855,40.7184837
TOWN20,7.750482288,7.90829953,8.551600149,8.309339211,7.83325461,7.761977496,8.260561566
TOWN21,19.36956395,20.13842182,18.34058923,17.00171917,17.07271115,18.42854096,18.45046493
TOWN22,13.59943252,12.42709954,16.13444992,17.9413946,18.70858614,16.78250001,16.13580444
TOWN23,11.5192337,10.47065535,9.316172446,15.96996879,15.92217757,15.06619169,7.932470839
TOWN24,11.75789834,11.08686576,9.586349537,10.85064027,13.62322029,14.52840754,13.96624006
TOWN25,21.69200928,22.59601942,26.88683551,24.15619988,27.35030142,22.98651909,23.79457036
TOWN26,10.67681445,9.577446329,11.39255724,13.32223415,14.40028411,15.29120211,16.14021649
TOWN27,13.65473573,10.95343187,10.40935862,8.725565125,9.258742848,11.24029278,12.97144652
TOWN28,10.34688432,9.453178677,9.863806578,9.102676711,10.34510705,10.30855956,10.14621859
TOWN29,13.62444434,13.97211343,15.45434954,15.10509254,14.40324081,14.90993236,17.75861383
DIV1,12.39460617,9.864556423,12.79035982,11.91970223,15.98421764,14.72188267,15.69644466
DIV2,16.81691738,16.92500787,15.47604213,15.37022042,14.38592959,13.43890655,12.52030654
DIV3,23.71420557,22.19771896,21.31474496,21.12476955,26.09767932,27.34116662,31.53700531
DIV4,8.293336831,10.22956149,13.43316438,14.10964189,13.41942075,11.92313568,11.12747323
DIV5,10.9677676,10.97179257,14.48046627,14.53318468,11.99663852,6.226966956,10.82480992
DIV6,19.10220536,17.73426636,24.88019873,26.19972991,27.23049346,22.59840469,24.8199954
DIV7,14.33166177,11.62365438,13.01382608,14.93051565,13.30758211,13.1814869,15.0930786
DIV8,14.96762206,13.77530739,16.00381706,14.83138562,18.83812964,24.32522789,23.38356565
DIV9,21.90658353,19.42318344,20.16887507,17.21441618,16.28522838,18.40927142,20.99396408
DIV10,11.61351985,11.41275756,17.10705006,15.56116986,17.73166707,17.04273132,19.02532036
DIV11,31.57329333,27.11410524,32.93689828,30.50917435,28.62920973,21.56292314,25.4562573
DIV12,15.4109592,21.13894448,22.8359031,22.11920522,19.52842165,19.39499892,23.97932984
DIV13,21.2968046,23.00214416,25.33175081,26.09338365,27.45529182,22.81077798,23.49627046
DIV14,20.28254146,21.61517977,28.29339999,31.7684052,36.14046053,37.10006969,34.74183136
DIV15,13.89603251,8.894791326,11.81425884,11.73496922,10.73183252,13.29948291,16.16576679
DIV16,17.22139948,16.59177125,17.17221632,18.29237074,17.62486611,19.26636245,17.5230342
DIV17,16.80672846,17.44014894,16.44733908,16.20785646,14.36074252,18.62014757,17.10843363
DIV18,14.26670891,15.74342603,18.99172092,17.73147629,16.43624139,15.0090321,19.59204414
DIV19,8.516318889,6.010088063,7.34301017,8.45045882,12.80443657,13.27711255,14.42726643
DIV20,9.977734959,9.167692718,14.67605312,11.56775486,13.24391597,10.71442522,12.27620295
DIV21,31.09647879,26.67934219,34.13147498,31.29971241,32.77073851,31.57563755,32.62835329
DIV22,11.6522552,8.634575169,10.67163674,11.55217572,11.48070095,8.479319843,12.21198349
DIV23,7.404878273,8.271439791,9.22325356,8.194684306,7.955190145,7.051304174,7.728582426
DIV24,7.119184777,4.294096689,2.368780713,8.162420761,6.917961967,11.39387536,8.724897143
DIV25,10.10386439,9.365711868,12.99079644,14.7801962,17.86713545,15.27800971,13.51972352
DIV26,19.02787956,19.75965146,17.76858893,14.53687636,18.49214046,26.27223977,25.7540363
DIV27,31.46581139,31.47930536,28.67259462,25.32661269,27.385531,28.30717951,27.97076839
DIV28,12.53540804,10.66864467,9.566098661,10.4221248,14.29712779,14.76189691,12.490986
DIV29,15.41138325,14.94133534,16.33389436,19.52272843,21.50250214,21.30964538,20.51458895
DIV30,13.21969793,14.20542812,16.81111314,14.13431597,15.06795039,14.1695773,16.86930412
DIV31,22.02846211,18.15723218,18.12782862,14.27291992,15.93092516,16.68423139,19.45081377
DIV32,13.61316639,9.466355056,9.454162488,10.63007507,9.464762938,10.72826033,10.78798568
DIV33,10.92168844,13.01606959,13.89705936,13.82038568,11.80480174,12.73709402,13.61923935
DIV34,18.88858446,17.23912254,18.85015893,21.31104493,19.74255633,17.06009768,15.87664245
DIV35,12.88474076,19.28927157,20.47626088,19.59311876,15.73341239,17.49911331,19.12048974
DIV36,11.30670442,9.10539233,12.25436755,13.17511739,14.80861013,16.22851309,17.51024785
DIV37,12.48249446,8.021682377,9.317714962,4.852149469,10.46027403,10.43412393,11.46245152
DIV38,22.70046043,22.05549181,20.498724,19.90329066,19.33584368,20.23368623,22.4395267
DIV39,13.33408498,15.03658261,14.13146935,14.05097085,15.56367551,18.99324256,20.18518822
DIV40,9.595483641,9.527255004,11.66628199,15.1440569,14.04073623,12.94467719,10.95771809
DIV41,19.29352535,18.36940069,12.58608371,17.38198796,21.92496009,23.16144925,22.37177975
DIV42,12.9214216,11.30905883,12.94456045,17.01492688,21.34301111,20.76983735,18.02967993
DIV43,10.32112643,9.342557658,9.236680911,10.05725839,13.07015108,13.64648712,13.56445735
DIV44,24.20230034,20.4665442,20.333164,21.49875832,26.40911981,28.58813907,29.21665463
DIV45,26.99175874,25.63028974,27.69899897,25.15475201,28.81336878,27.02876527,24.11119389
DIV46,14.56245224,14.16223178,15.55741289,17.52511596,17.5130337,19.2505112,17.27619504
DIV47,9.788420117,12.19838424,12.58814742,15.81708433,14.65280427,13.56948177,10.16348932
DIV48,14.33345346,13.32390091,14.94844953,16.44943233,12.25205574,11.26440858,13.15489254
DIV49,11.11414628,10.33352718,10.2914205,7.603806247,9.38482125,12.28575397,12.91040027
DIV50,13.23246349,10.00222199,10.84891694,13.75524066,17.2593732,16.5767338,12.80463004
DIV51,15.8052438,15.70031886,15.66834504,12.59975414,13.44654507,14.97763453,18.91870526
DIV52,11.05350065,16.04854333,18.67045306,18.61999801,16.54335912,17.72964178,18.21520771
DIV53,15.78222264,18.06189403,16.67141775,18.04807414,14.08290752,15.61269751,17.77126739
DIV54,20.5298575,18.22414482,15.69174696,15.28182462,15.83251064,18.52909014,19.36447148
DIV55,24.33066253,25.89182789,27.31435915,23.84759722,26.97208075,26.91372375,33.38747593
DIV56,11.67409812,13.29642501,13.23589747,13.20232251,13.93893152,13.93963694,14.64110577
DIV57,11.18225267,10.0442289,14.43531234,13.50025879,17.47115733,13.8579325,15.14555791
DIV58,12.58523367,11.18079915,14.514849,19.74488048,24.67950964,28.27397698,28.30385153
CHSCTAXE,10.04634067,9.7854816,9.252114519,9.760706386,11.15439394,11.65034142,12.47511073
CHSCTBARNSTAPLE,8.742834703,9.545651519,11.43959898,12.60705164,12.24174817,11.14974419,10.82692833
CHSCTBIDEFORD,8.653309168,7.662986226,8.005026735,7.392920011,8.513559511,9.724322067,9.909099909
CHSCTBRAUNTON,9.324350689,9.484614107,11.97685929,11.81150424,13.68419179,14.00989378,14.17028208
CHSCTCREDITON,14.16635287,12.68921767,13.93917751,13.52705498,13.10510921,14.61890429,16.26898569
CHSCTCULLOMPTON,9.011417732,9.870097584,10.22062015,10.34554736,9.424715188,9.787638064,9.53540833
CHSCTDAWLISH,7.530617972,7.004681898,7.255413402,6.948453761,8.113342622,8.890640086,9.232952584
CHSCTEXETERCHALL,8.544176633,7.474755808,8.935214144,8.492897256,9.122047751,8.562264308,8.960031777
CHSCTEXETERSYCAMORE,6.149502544,5.817645342,6.270382773,6.87011005,7.111520288,6.994569369,6.303813495
CHSCTEXMOUTH,6.369660201,6.736560369,7.520209367,6.915629294,6.997884218,6.376762904,7.416492768
CHSCTHONITON,10.19058673,10.01241326,12.06821129,12.02846557,14.57866072,13.87578991,14.66109286
CHSCTIVYBRIDGE,13.39446698,11.60107149,11.56504727,12.65514768,13.91383198,14.48599404,14.45044244
CHSCTKINGSBRIDGE,11.93367705,13.34650216,12.25933006,14.92022151,15.28137478,15.98311479,14.70514388
CHSCTNABBOT,8.706580889,8.687776583,9.273481148,9.305592468,8.860608869,8.926333099,9.572602136
CHSCTOKE,17.41989483,17.28488085,16.07617474,15.17282631,16.04755345,17.70715933,18.41592757
CHSCTSMOLTON,17.71806792,19.8275496,23.47699319,22.17878253,23.51935199,21.62166318,21.51349841
CHSCTTAVISTOCK,10.0428909,9.197231288,10.53043869,12.02649288,12.42734529,12.40748664,13.17557751
CHSCTTEIGN,14.05996999,13.92669281,14.30250102,12.60947302,12.51165002,12.45217849,13.82517033
CHSCTTIVERTON,10.3844915,9.242910136,9.70330125,9.192292854,10.67890784,10.7823427,10.47308185
CHSCTTORRINGTON,10.20426975,10.42428977,11.59407094,12.9676353,13.99969737,14.93608225,14.69884698
CHSCTTOTNES,10.42060233,11.79053857,13.31167343,12.40613558,10.76413984,10.03179757,14.28441699
Eastern,3.352946972,3.219946852,3.41855603,3.382753289,3.614758336,3.601928325,3.701323269
Northern,4.887563769,4.921061211,5.63548415,5.670698561,6.094447853,6.110850798,6.091487874
Southern,6.127657214,6.382787675,6.769287899,6.585358136,6.219709625,6.309927858,6.935656228
Western,7.501762274,6.823856755,7.234018076,8.122574866,8.71468254,8.935618273,9.118375636
