Area,2007-2011,2008-2012,2009-2013,2010-2014,2011-2015,2012-2016
E92000001,,,,,,
E12000009,,,,,,
E01015023,19.23485908,19.62229536,19.0390443,20.36120046,21.57976643,19.88219474
E01015024,18.21078592,18.93117228,19.6130619,19.45846492,20.53327739,20.78890369
E01015025,18.49882955,18.78685185,18.60188951,18.79234386,18.67430349,19.1783616
E01015026,18.58257547,19.94634056,20.4289875,19.97340194,20.2816394,20.83482226
E01015027,22.86977584,21.95180219,21.80624113,21.36135632,20.75782304,20.22688338
E01015028,19.15512864,18.81455688,18.90908776,18.71919325,18.44569651,17.7059566
E01015029,20.14801891,20.63595949,21.47115361,22.49886181,23.08093237,23.51596306
E01015030,18.96110434,19.1686762,18.4832876,19.70712527,20.30131771,20.3679087
E01015031,15.40396375,15.52129207,16.76048079,16.02880379,15.12690931,15.94270918
E01015032,19.11620828,18.62974179,19.26273067,20.58792443,21.81501602,20.88420652
E01015033,21.35299418,21.17656512,21.37785785,22.29691094,25.05706735,44.86152675
E01015034,19.19528016,18.67985706,17.37309055,17.01849693,16.92816737,16.5957684
E01015035,23.03347947,25.34748985,25.14767899,22.34169158,24.13431242,23.64809952
E01015036,17.80641029,19.42590078,21.94422057,24.43378419,24.15822254,22.85993537
E01015037,22.9042164,21.82640393,21.25262697,21.46505841,20.34306081,21.11132474
E01015038,20.97163676,21.13662817,20.33274419,20.50859872,20.49347409,21.06735054
E01015039,17.50960287,15.71450668,17.5630302,19.50961686,23.18145784,21.58339894
E01015040,18.2053425,18.71692311,20.23517649,19.76356397,21.71181503,21.40745871
E01015041,21.3235741,20.68113595,22.64941838,21.06224849,20.6468573,21.42472197
E01015042,17.37523942,17.9738099,18.8014513,18.59969135,18.92232966,20.11589239
E01015043,19.3235206,18.79012293,18.5911136,18.80693153,18.0932384,18.7427156
E01015044,18.42674456,17.58477155,17.60415973,18.11385625,19.50442469,19.53310317
E01015045,15.86682141,16.03016365,15.81452788,14.93298863,14.79761708,14.88784991
E01015046,14.6128834,14.16707069,14.67632421,14.78549309,14.26339507,14.98966644
E01015047,14.00123121,18.36799058,20.83149291,19.39940249,18.50294315,17.65170722
E01015048,15.32185101,16.10546955,14.97086225,17.70256086,20.49838196,18.98040231
E01015049,18.65960366,19.17324831,21.540607,23.04837667,22.91896971,22.53177866
E01015050,14.17138247,14.88806145,15.97572549,13.80228312,13.64201303,13.85184584
E01015051,23.52217513,25.0190818,26.87206029,24.88795683,26.06892418,24.37543335
E01015052,16.3555484,15.97104078,15.75420288,15.89728341,16.0994604,16.6094882
E01015053,28.37295492,26.10881321,25.10583704,25.1823284,24.16193046,24.70198804
E01015054,18.29908686,20.36690504,18.89689827,18.05385883,17.35708695,15.97493765
E01015055,19.09395283,18.28211094,18.1613922,18.63077018,19.33414665,19.97229929
E01015056,19.76504432,19.81553821,19.85321638,19.76508159,19.93133291,19.18781869
E01015057,15.6443599,17.86656884,18.12972638,16.85553635,18.63647613,18.17842338
E01015058,17.83287108,19.39002633,18.99392301,20.1760109,18.37434854,18.50284914
E01015059,20.23629252,21.23659956,18.70974126,21.57819732,21.0722558,21.4803277
E01015060,19.33782437,17.71746124,17.09702642,17.30496325,16.03865827,17.665088
E01015061,19.27824525,18.97260888,20.08410497,21.61692639,20.74643514,22.93537565
E01015062,16.97089503,17.65635836,17.11625151,17.9150217,17.89204963,16.30723159
E01015063,22.3073732,21.97937588,22.58592441,21.61556187,21.56154311,21.67693714
E01015064,23.78072784,23.25535751,23.19415603,22.30282725,23.10717037,23.31995545
E01015065,19.54169522,19.8744887,21.17701543,21.70726979,21.95163845,22.30762099
E01015066,22.29651103,23.73844433,22.05737272,20.96785954,19.76793683,20.60015003
E01015067,21.54871706,21.09679081,20.7976548,21.77626271,22.19518249,22.18824395
E01015068,21.51694819,21.47490375,21.51645498,23.40789938,23.43654063,23.96118742
E01015069,22.18725674,21.5095221,20.0735355,20.05074266,20.03818571,19.03309052
E01015070,19.12381408,19.89802835,21.20377984,21.84987228,22.25314717,22.99909695
E01015071,20.12991056,19.57347301,19.99634966,20.92875143,20.64835902,20.67530754
E01015072,21.21335509,19.80180713,19.87938655,19.73573534,17.7759281,18.16065724
E01015073,17.25468592,18.18698861,18.12221292,19.31148882,20.2633002,20.98691455
E01015074,19.96322979,21.12717498,19.29055768,18.34845421,19.8159843,19.9656151
E01015075,17.04154364,19.25455259,19.32645771,19.96211579,22.22552116,22.77770814
E01015076,24.61516102,22.04140261,21.3721722,23.38141802,22.58664113,22.08082925
E01015077,20.20952639,20.5307314,20.73628808,20.09244974,19.51414598,19.1484283
E01015078,17.31256584,17.71345889,19.83774766,18.52465704,18.06544002,18.10559923
E01015079,20.90682903,20.41569156,20.76174376,21.33655171,22.47580896,22.28664176
E01015080,18.01310061,17.46955245,19.51779973,18.69877967,20.65041402,20.90790173
E01015081,19.63569623,19.48455117,19.75349439,18.99906096,19.07950695,20.57809262
E01015082,19.29114405,17.99554953,18.99167446,20.28909268,19.41610683,18.87128404
E01015083,18.68966361,19.36558271,18.63328838,18.64672661,18.20475713,18.04745399
E01015084,19.5866007,19.33354513,19.43438888,20.41352235,20.30824967,21.24588942
E01015085,20.35992029,19.13753034,19.4864309,19.91005423,20.62207889,20.80555475
E01015086,21.25183675,20.93445378,21.3422802,19.85472346,20.89297875,20.22871454
E01015087,17.06641003,17.62687386,17.8022438,18.54378047,18.09562991,17.73897324
E01015088,18.21103572,17.21094236,18.20916231,17.64179168,17.89419225,17.91472902
E01015089,16.70112639,16.61264884,16.27626304,16.0769203,15.93303084,16.18199361
E01015090,20.65589401,20.92193813,20.87757936,22.43011986,23.26484676,22.55878738
E01015091,23.12840779,23.96167715,25.40425445,27.59080681,25.42692216,24.14371633
E01015092,19.30449052,19.23424947,17.19696764,17.79732374,17.46338618,17.55050245
E01015093,19.07836672,19.76817647,20.10971581,22.47430863,22.26811359,21.94157673
E01015094,17.06713452,17.69997885,18.5655856,19.13356285,18.73403213,18.99716092
E01015095,19.18664451,20.36668255,19.93554738,19.76781088,20.13584401,20.09840656
E01015096,26.84468517,22.69388503,20.82401775,20.74631728,20.91020356,19.71963597
E01015097,20.96055961,20.74126338,21.36281193,21.66055286,21.53823812,22.30393901
E01015098,19.3679573,21.02296089,20.7446531,20.66935925,21.53546021,23.52879936
E01015099,22.00217176,21.73225722,23.73119367,26.89721119,22.31249997,23.01090994
E01015100,20.17939817,20.73674603,21.03674328,21.99079438,22.1542179,21.51206139
E01015101,18.68384399,18.61013321,17.62333024,16.88023694,16.40025233,16.10906482
E01015102,18.52369823,19.01326534,19.92121094,19.50133045,20.91753057,21.55861801
E01015103,24.42659281,21.49757775,19.69661715,17.08306354,17.48330445,16.91796437
E01015104,21.35318705,21.51242566,19.98198502,20.14709826,20.63769524,21.21005333
E01015105,19.48093435,20.84585254,21.28492212,21.53361843,21.89134184,22.53334898
E01015106,22.03258697,22.50463294,23.96344093,23.73747385,22.77394807,22.02375467
E01015107,21.23815768,22.35632126,20.13179414,19.93608427,20.06982703,20.58996383
E01015108,21.68039626,21.15258372,20.48360373,19.99315409,20.47476935,21.7321668
E01015109,25.00757672,24.105918,25.70479725,25.35034907,23.23128047,23.74139392
E01015110,24.92613792,22.80542034,24.32593859,31.17139838,33.44564368,36.83136305
E01015111,22.70263243,23.89576146,23.84227927,24.09705684,21.1567181,22.00357734
E01015112,15.57669241,15.29069977,15.59368914,16.08613348,16.20995465,16.97219037
E01015113,21.62918632,21.85032388,21.92617229,21.11561122,21.21921211,22.9901758
E01015114,17.51220821,17.79962589,17.93284495,18.96565059,20.61899548,19.55938382
E01015115,18.77620539,18.39129182,18.29625666,18.46620851,18.80487925,20.00113382
E01015116,25.82767468,26.38702907,24.39470503,24.10057965,22.36059948,22.18687373
E01015117,21.48668268,21.30433491,22.57001937,22.09664226,19.77935883,20.86031058
E01015118,22.36602745,22.70919246,24.31420821,27.4188224,22.83004133,24.6492818
E01015119,21.70413443,22.85855733,24.54014307,22.61447553,22.57566929,22.2839065
E01015120,15.79890306,15.45901862,15.80709466,16.11200941,16.14669244,16.21221128
E01015121,21.47528774,20.93540421,21.15030044,21.58074476,22.17741974,21.30835989
E01015122,21.10170771,20.76205711,21.52114564,22.0998892,21.86592161,21.80428329
E01015123,17.46333654,17.31705287,17.40489878,17.58999066,17.81225147,17.78088072
E01015124,20.97419554,21.12038183,21.05639611,21.4810674,21.06609387,20.66354936
E01015125,21.28954914,21.98543842,21.73074322,24.02905589,23.46129503,24.99109567
E01015126,18.96112185,19.34192677,19.28951581,19.51038278,19.89490685,19.33168168
E01015127,16.6153222,16.76690871,17.16647861,18.44015402,19.01663486,18.27509897
E01015128,21.71048677,21.59274474,21.54167022,21.18632257,21.68221243,22.13133428
E01015129,21.72659502,23.2695803,25.24681867,22.98465411,23.65432983,29.10707937
E01015130,20.24507807,19.83484178,21.99439591,26.86421618,28.68336993,24.85181733
E01015131,21.45543258,21.5505802,21.80022071,21.22395034,21.89224819,21.75397809
E01015132,22.05737724,21.70747064,21.91443007,21.72555289,20.87097232,20.99757945
E01015133,22.22659639,21.96291531,21.46230685,22.26549634,22.52477623,21.70715317
E01015134,23.11915989,22.89529838,22.58426375,22.2895343,21.17482812,20.54255456
E01015135,21.92635339,20.11876636,19.87881214,19.28631424,19.49078953,19.54263586
E01015136,22.02794379,20.19278977,20.68831317,21.36232487,20.94726289,20.46959645
E01015137,19.48613196,19.7586493,18.56075486,18.67876463,18.4422458,18.3418203
E01015138,21.03445291,21.33593592,21.75402368,21.34506759,22.61744974,23.11742544
E01015139,17.8412459,17.87010361,17.92724221,18.65425088,18.86775342,19.06425665
E01015140,22.31760892,21.5871843,20.86373515,21.54632783,22.35353373,22.69037816
E01015141,21.04436212,21.67491072,23.82150848,23.94451381,22.89667051,22.48929379
E01015142,21.66993951,23.61358351,23.55903748,23.01509254,21.12529759,20.17804713
E01015143,19.63107616,20.2254283,20.82852737,21.42397743,22.36675405,22.63516211
E01015144,18.66895549,18.56591256,19.29118039,19.17264076,19.45114297,21.11743398
E01015145,15.03906406,24.05276214,18.60422406,21.76202116,19.41017125,12.47786668
E01015146,19.46312644,21.57190969,23.53636553,23.95475076,19.21687982,18.90527909
E01015147,17.07224789,18.16204729,18.25327485,18.36380066,18.79303423,18.09497533
E01015148,18.61213392,18.94921257,19.49041562,19.51094946,19.5508474,19.9491617
E01015149,16.42444847,17.02776695,17.81769808,17.98072235,17.92267317,19.22367455
E01015150,20.20583947,18.8984428,18.64310878,19.03251461,21.55849715,19.89793508
E01015151,18.28479535,17.22393695,15.65630816,17.48452342,21.92112204,17.88891974
E01015152,21.5492299,20.92487648,20.55316872,19.13976282,19.21873264,17.7544553
E01015153,18.70650582,18.46218775,18.23022631,18.2033596,18.85376491,19.1315368
E01015155,17.25774541,17.10181904,16.58254983,15.90822894,16.27929731,15.44602811
E01015156,19.40107612,19.36595214,19.95093222,19.10985037,19.77774315,17.97141245
E01015157,18.99368468,18.20180997,17.47037731,16.84368993,17.08270187,16.93570508
E01015158,21.122661,22.24117653,21.04933866,20.89909966,20.16641186,20.00273097
E01015159,20.03786051,20.14525689,20.03990537,20.21270613,19.86049509,20.83355531
E01015160,23.23570176,22.14131632,22.2828641,22.51760613,23.600697,23.75576674
E01015161,19.25788724,19.45763659,19.81918778,20.98668369,22.77952679,23.39156013
E01015162,18.56306114,19.19037549,19.44102195,18.60341639,18.40170488,18.72184654
E01015163,16.01453692,15.84328673,15.35617793,15.93776341,16.92405669,17.02181129
E01015164,21.5707692,21.12363297,19.37049888,20.14983933,20.7565392,19.81140584
E01015165,18.87835056,19.70488003,19.62346695,24.30577019,19.16697432,18.63981738
E01015166,19.05992104,19.88322455,21.91026705,22.56023606,24.06450445,23.3860248
E01015167,20.21365669,20.45852983,19.95401751,20.06362836,19.81722399,19.46106377
E01015168,16.88141807,16.70168482,16.91768968,19.53036889,19.86063687,17.62603047
E01015169,16.25595871,16.24875765,15.73202443,16.2215271,16.93626587,16.99752418
E01015170,17.94743669,17.94686015,17.88683254,17.62513193,17.52401299,17.22521685
E01015171,12.49614838,12.30383676,12.90760457,12.9153837,14.50119586,14.70614043
E01015172,19.81088152,19.57056437,20.14900868,18.5207215,20.02687708,20.83982096
E01015173,13.79317809,14.77508202,14.18868939,14.25735979,15.28019897,16.00054756
E01015174,22.12538742,21.16137648,20.2601023,21.52848967,21.28194362,21.43094099
E01015175,19.75982178,18.11551534,19.889143,19.61140669,19.92168346,20.56665298
E01015176,18.11025852,17.77845235,18.37947561,18.76857347,19.1910427,18.71167016
E01015177,20.72219324,19.73614539,19.74322266,20.05459981,19.76543768,18.82355486
E01015178,22.02898457,22.55431874,22.67242003,20.290349,20.29880718,20.91002446
E01015179,17.82460654,17.23217964,19.32741821,19.75303169,20.28796342,21.76693117
E01015180,23.67365449,19.71953782,21.33179772,21.32868095,20.42113207,20.08852841
E01015181,18.93006099,20.86417369,18.76416145,16.87307007,18.34244906,23.66834569
E01015182,22.67040916,21.24594761,21.07341386,19.44627597,17.06050577,16.30340746
E01015183,18.90640442,19.16861149,20.99494115,21.30360087,21.44654419,21.4282089
E01015184,20.23157545,20.31168552,20.340232,20.96095693,20.50141136,20.36865132
E01015185,21.56274378,21.02601778,20.40889462,20.4083274,21.00003335,20.24744456
E01015186,19.02466441,19.3981059,20.14012962,21.34109435,21.43040198,23.21994364
E01015187,21.89537155,22.79207985,22.25076902,21.94033713,21.5651353,21.37489
E01015188,18.97393089,19.46974423,19.62973137,19.43595018,20.28926633,20.16501408
E01015189,20.58185113,23.11953922,22.66266956,22.15494062,22.13119047,20.09923404
E01015190,17.68093168,18.76227012,19.6486515,21.16331473,20.97063735,21.16097252
E01015191,22.32236485,21.45245148,23.59744274,23.3319511,21.53474041,22.73657891
E01015192,20.68083729,21.2228504,20.31014125,19.93220641,20.84273057,20.1711308
E01015193,21.45453234,23.21623781,22.92802954,23.96571225,22.16910954,21.19507441
E01015194,18.86347292,19.98609386,20.29715049,22.13739421,20.86632572,21.46233794
E01015195,18.7166311,19.91260347,19.44653142,19.26567318,19.69566483,19.26364173
E01015196,18.71070969,18.67486599,19.9142123,19.32740745,19.72064971,21.23430324
E01015197,22.6200418,22.61158275,21.64319793,20.49111021,21.12081398,21.05225956
E01015198,20.1121945,20.29265748,22.33458145,21.93123792,21.64166487,21.37579388
E01015199,22.68478068,22.68244759,22.17156313,22.03996291,22.49755073,23.09500047
E01015200,23.81225525,21.6260591,20.97300661,21.24657605,20.26576973,20.22959992
E01015201,18.68633901,18.29540902,18.91363959,19.37540097,18.81433994,18.4780742
E01015202,21.00635309,22.41514555,23.29404823,23.11395976,22.34139079,22.29945752
E01015203,22.34461081,22.26917569,23.57010647,23.00670958,23.48678602,23.83516034
E01015204,21.3916756,21.77564862,21.6990024,21.15510186,20.81213046,19.7716545
E01015205,21.63868948,22.9740833,21.51748559,21.35169244,21.6694581,21.71547803
E01015206,16.76420009,16.31238336,16.05413399,16.29433974,16.36640267,15.9860022
E01015207,21.20551956,21.32542302,20.76190045,21.92773784,21.95198401,21.28200854
E01015208,23.68889469,23.40153046,23.64525851,23.33094548,23.53465263,23.25121049
E01015209,18.18271244,17.72202203,18.35570738,18.37984524,18.88349899,19.13831443
E01015210,22.83991607,23.83410017,22.60648457,22.17566097,21.67482606,22.96394923
E01015211,19.06110178,18.06263117,18.28251272,18.32386161,17.91297364,17.34446335
E01015212,21.7027966,20.56870449,19.7206642,19.48334612,17.78237847,18.32190216
E01015213,23.4049742,21.46449566,21.90883315,21.32764451,19.52973056,20.52383372
E01015214,18.75269948,17.76173433,21.12143435,23.96487197,23.6356768,25.11284289
E01015215,20.42296697,20.11187178,20.69988771,20.36937507,20.39373574,19.17226419
E01015216,24.05968792,30.5353168,26.46784859,23.27250204,20.92735728,18.87615397
E01015217,17.73654357,17.07102391,17.79602448,18.21312967,18.15840888,17.35075413
E01015218,20.42481186,20.66005643,18.9593044,18.38070932,18.37544044,16.89353636
E01015219,20.28163032,20.47851458,20.50154733,19.87572442,19.29047362,19.31116013
E01015220,22.3080953,20.90506339,20.18775555,21.29602515,21.42873543,22.12705316
E01015221,22.82481052,22.46236492,20.70649491,20.33224095,19.3565235,18.61884964
E01015222,20.20284627,21.2121226,21.05636696,20.43131069,20.70278787,21.90916124
E01015223,23.28705625,26.93756718,28.31287963,23.65326665,21.97092248,20.8532207
E01015224,17.6406256,17.57778754,17.66349892,18.09672667,18.95518098,19.68527218
E01015225,19.11701262,20.05098854,21.46473592,21.1740569,23.41858848,25.41717427
E01015226,20.87660856,21.33390752,22.55063489,23.43309068,24.47883272,22.98075972
E01015227,21.20780107,21.96455283,21.98369918,21.6708627,21.18908151,21.04947926
E01015228,19.6005222,19.09785933,18.15505034,17.61052199,16.9719139,17.07488642
E01015229,18.35527915,17.91488318,18.22627859,18.3962495,18.18499537,18.2039393
E01015230,21.76852947,21.34178164,21.79839972,22.00914258,21.93181069,22.07914389
E01015231,15.36463128,15.09627,15.43705671,15.15448304,16.62825504,16.59352042
E01015232,20.13985448,19.66527276,19.61856036,20.22144124,19.20345391,18.38386165
E01015233,18.75798069,20.19376782,19.48415883,19.65825028,20.05168283,19.58999278
E01015234,21.08848769,19.31602328,20.11518986,20.28022446,18.54245689,17.95869814
E01015235,18.64965188,19.20512728,19.58505168,19.50761833,19.36587012,19.04477505
E01015236,22.43022341,21.94579734,22.34134245,22.36769073,22.29629733,22.61664834
E01015237,20.27678145,20.96672912,20.72017945,21.30573372,22.01755295,21.39690319
E01015238,16.01752516,17.43574527,16.97372008,16.24332593,17.69720297,17.80127638
E01015239,16.37273948,16.64745118,16.75255096,16.35879238,16.15576822,15.50538955
E01015240,19.03048161,19.69442659,19.62663241,19.04007257,18.41918497,17.92938521
E01015241,20.2276839,20.41467069,20.42328485,21.13670018,20.46591936,20.35551775
E01015242,20.22633069,21.91303503,22.84998345,20.67129437,18.87262197,19.40411407
E01015243,22.00726978,22.55176118,25.74628211,23.30827138,22.13262075,22.68385587
E01015244,21.8651037,21.19773087,20.58701843,21.03831179,20.71097657,19.62154698
E01015245,22.33246455,25.84159051,30.11754337,32.47609302,23.40676126,21.9702143
E01015246,17.0905353,16.96167438,17.17110944,17.21488098,18.1160828,17.76528372
E01015247,21.43714227,21.80179003,23.17129991,22.18040157,23.18914574,23.80834366
E01015248,18.88565802,19.60177522,19.43274333,19.6825752,19.28419179,19.15462538
E01015249,18.38902188,17.77541495,19.39704274,18.65457573,18.30969205,18.48238658
E01015250,26.62479025,25.36644081,24.92073602,23.77274164,23.80795245,21.04789278
E01015251,20.10597932,20.44140475,20.81933662,21.16180403,21.52722549,21.38459384
E01015252,19.02084156,20.58559724,20.29370364,20.80722343,21.14302493,22.75784917
E01015253,20.67861256,20.16289991,18.49876182,18.95622437,19.78457923,22.36762447
E01015254,21.84412943,21.79581007,21.55642083,20.96192318,21.66342514,21.82026579
E01015255,15.4520443,15.83675364,17.39220683,16.71152571,17.9089694,17.23560476
E01015256,21.09143327,20.13353846,20.81401931,19.81115474,20.16250522,20.33980131
E01015257,18.45934746,19.43324303,19.41920613,18.74776739,18.98688879,17.5176068
E01015258,18.96194212,18.77437918,18.54392819,18.95963929,19.20293376,18.78262789
E01015259,21.09411995,21.82098679,19.82784631,19.30175332,18.92123154,18.98702797
E01015260,17.43441049,17.87304765,17.51326366,16.90965109,17.05357982,17.17284103
E01015261,19.88542171,19.29838246,20.69610843,20.51655522,19.80575153,18.96306719
E01015262,17.96727483,18.02068274,18.2269024,20.59347015,21.40024528,20.401275
E01015263,25.51962558,21.35040174,20.29145128,19.14399144,17.82016229,17.35546648
E01015264,20.33164286,20.82876556,20.86849965,20.78476162,20.03894566,19.58751032
E01015265,22.19779555,21.60173277,22.5256162,23.4755494,22.90729311,22.50937839
E01015266,19.36438928,23.32241179,26.97025373,24.23802804,22.72474387,21.23206814
E01015267,18.85514205,19.08596208,18.66789934,18.91431772,19.14585904,20.1000167
E01015268,20.71737274,21.30864331,21.34166651,21.10047988,20.55550362,20.88577236
E01015269,17.12998026,17.19589939,16.76776538,16.95444875,17.33934282,17.06012094
E01015270,18.34128292,18.42376153,19.66579311,20.54554303,20.74263348,20.69022604
E01015271,21.84970785,21.68509731,21.21047363,21.51634522,21.8159562,22.04604356
E01019886,20.66815621,21.20981843,21.80019078,22.53384718,22.96338157,22.58344099
E01019887,18.0596362,18.48966355,19.36057145,20.54141193,21.19869163,20.99081907
E01019888,17.40645035,17.9060918,17.51990099,18.00333662,18.23122923,18.19682451
E01019889,23.19109557,23.39569701,24.05231421,24.8689751,24.26251872,24.23115951
E01019890,22.45750694,21.10313452,22.42984388,21.72191369,22.493755,22.48503236
E01019891,18.8785884,18.7607473,19.01079498,18.76657737,18.60051908,17.35901348
E01019892,25.45494981,23.06906389,24.12522665,23.41020868,21.98323542,22.78871572
E01019893,20.19429113,20.02111716,19.76527535,19.95161063,19.58477672,19.75644797
E01019894,24.31589995,24.38205406,23.24468765,24.4406165,24.1974755,24.12980515
E01019895,22.33110327,21.55648469,22.07626261,21.58612809,22.47968059,22.69448448
E01019896,20.28197706,19.91478287,19.70502249,19.21560826,18.93690645,18.55866159
E01019897,23.30524407,23.79867741,23.08977385,22.50423018,22.9022216,22.85714505
E01019898,22.08520169,21.71049574,21.4417187,21.78928751,21.53473567,21.35925322
E01019899,19.32645511,20.28897083,20.22239453,20.00863099,20.23297273,20.74409634
E01019900,20.46550532,20.64280408,21.07283908,21.81332453,22.60613548,23.13157125
E01019901,21.10498626,21.29567881,22.34168929,23.20500292,23.32965232,24.7014471
E01019902,20.76424537,20.68477867,20.44489593,20.24133731,20.43946063,20.23204898
E01019903,21.54850624,21.69418827,22.96990592,22.97862598,23.61578907,23.67814858
E01019904,19.78665207,19.59880394,20.19408548,21.88967998,22.06369332,20.90141255
E01019905,25.47844614,33.39451369,56.43808454,43.80077667,33.07422769,29.3384799
E01019906,18.18344689,18.29794367,17.80509036,17.84198032,17.76901657,17.9397171
E01019907,22.09047796,20.68678196,21.82361446,21.63405294,21.32843323,20.84071228
E01019908,21.03570174,20.31230438,19.48352383,19.95107518,21.35733927,20.91613647
E01019909,23.81308339,23.27782996,23.60729813,23.66934388,24.08427455,24.59227391
E01019910,18.11907496,18.15872902,18.64091829,19.07491353,20.02707915,20.46936969
E01019911,21.90233805,22.47839953,22.57963401,22.24521672,21.73242824,22.01147114
E01019912,19.68583976,19.88885477,19.73412399,19.65717581,19.37463226,19.20697757
E01019913,18.03215216,18.57151562,18.93557823,18.99363178,18.84154073,18.58936165
E01019914,19.92710488,19.66625067,19.47158805,18.63098314,19.35128795,19.30279994
E01019915,20.87167435,20.51705038,20.87280299,20.87809395,21.26060596,21.46553064
E01019916,20.35347902,21.14174201,19.9415462,20.70661785,19.1676187,19.33595186
E01019917,18.5073729,19.85672136,18.7620348,19.07764434,18.23993036,17.09750341
E01019918,19.25280934,20.03207119,19.30845121,19.32936265,19.89391614,19.92264281
E01019919,20.14476814,21.02924424,20.72488665,19.57013974,18.82549171,19.44978959
E01019920,18.16612505,19.33741124,19.47907704,19.97016193,19.26809165,19.74320306
E01019921,25.76741293,24.66551268,22.34694235,23.00237905,22.13091597,21.98630271
E01019922,19.25108927,19.16164651,19.66079963,19.35001114,19.60770265,20.56222829
E01019923,21.35603994,24.00076657,22.45185649,22.50235549,21.72905709,20.97205873
E01019924,21.80595794,22.79771685,25.50131393,20.67851121,30.33756344,28.59948286
E01019925,19.22932045,19.37995018,19.5105874,20.56949063,20.66962859,20.47463542
E01019927,21.26629719,20.85181951,20.59635019,21.29314923,20.3579717,19.23169202
E01019928,19.26727146,18.48449689,19.77795922,20.55476695,20.35605943,19.91385672
E01019929,22.82851399,22.87716028,22.17296545,22.88283336,22.78689388,22.16094432
E01019930,22.89348451,22.61519544,22.58568621,22.85946602,21.59541689,21.69387897
E01019931,20.23946198,20.71228624,21.08358412,20.8530368,21.55552938,20.77721811
E01019932,20.95936689,21.18086695,21.6626494,22.29047976,21.66435161,20.25004995
E01019933,21.98524684,22.11876559,22.14251652,25.46079163,25.37034975,23.77778879
E01019934,19.85454952,20.2977163,20.35965105,20.85787652,21.80058874,20.82377917
E01019935,23.70083878,23.92164181,25.16681936,26.38164597,25.52799026,25.81366061
E01019936,18.73891834,18.61777679,18.63173787,18.39079107,19.7569645,19.20206832
E01019937,23.70194333,25.96634768,26.54096361,25.44345043,25.06871985,23.80522791
E01019938,23.27669657,23.79987342,23.33455845,22.9718586,23.03367443,23.41084352
E01019939,23.28125741,25.69881127,26.07083913,25.5257828,24.68879237,23.79104296
E01019940,20.04442535,20.53199335,21.70926988,21.98777716,22.15540438,21.75787167
E01019942,21.9200236,22.06119382,22.27860913,23.87709178,24.11767763,23.36446626
E01019943,20.84054725,20.8684169,21.67114725,22.33734956,22.06583556,24.1743541
E01019944,21.0025652,19.83323297,20.67415418,20.1853896,20.71535674,21.15863037
E01019945,22.25091811,20.95743577,21.72185288,21.5619697,21.70406142,21.35254483
E01019946,19.96965632,19.48176422,19.40924735,19.34950082,18.87035171,18.38966532
E01019947,17.6400218,18.26173291,18.33529076,17.74771061,18.01653918,18.16916227
E01019948,22.04113686,21.56857858,21.74415113,22.08041823,23.51152215,23.48813944
E01019949,19.83219919,20.3514497,20.24021291,20.51017217,20.18384446,21.05175443
E01019950,21.17463631,21.7387189,22.01591764,22.74026709,22.59257363,23.6476805
E01019951,20.39925796,20.88523896,20.54368627,20.38372375,20.6563048,20.40256991
E01019952,22.45826256,21.78541417,22.15498737,22.94711765,22.52453215,22.59332053
E01019953,24.26210072,25.22028638,24.76741751,25.07872367,24.72485008,25.38769872
E01019954,26.41397371,28.24849698,30.0280505,27.92628139,24.86852543,24.70253417
E01019955,23.28665556,21.61325469,22.27644881,23.76109101,23.87238014,23.60485575
E01019956,21.82808,20.77620535,20.87929849,20.74773909,20.70070072,21.3913629
E01019957,23.85885369,24.06552094,23.81085824,24.33845472,24.55769541,24.69328171
E01019958,19.84937201,19.61466385,19.90462351,19.90300767,19.59512779,19.04880468
E01019959,24.57027876,22.53263722,21.75164468,20.83085471,21.29136996,21.61545977
E01019960,22.78118113,23.90200796,22.3948866,21.87587342,23.34379058,22.64665058
E01019961,19.27179401,20.21133615,21.02104202,20.63042961,20.71835086,20.81532836
E01019962,23.60836814,24.24013519,25.24675596,24.83019446,24.40041143,24.19743807
E01019963,23.26048116,22.83388361,22.56804742,22.0556189,23.5004861,23.41793836
E01019964,25.09218151,25.42003326,23.5701016,24.60117578,23.17098451,22.60119092
E01019965,21.53842431,21.7232715,21.83776357,22.79579473,22.35367858,23.15519233
E01019966,22.7441434,21.71891548,20.8929531,21.39403795,21.9860542,21.68737508
E01019967,22.62604457,22.46998975,23.99045217,25.78393493,22.68828733,23.22907398
E01019968,21.8949688,21.72539497,22.04367292,21.15429891,20.48874897,20.80754456
E01019969,20.65497304,20.38418714,19.56453154,18.94731149,18.57332845,19.36800565
E01019970,13.73482391,14.17677013,14.59942134,15.11128961,15.16081146,15.51461425
E01019971,14.02228221,14.98023766,15.56033711,13.82799753,13.49501425,13.47241003
E01019972,20.66863563,21.05879548,19.79336817,20.65423927,23.97037492,21.25953118
E01019973,21.28192906,20.73094484,20.5968424,20.31813462,20.72106865,20.47456893
E01019974,20.41036891,20.57049183,21.0691473,21.46026521,22.22883859,23.2038351
E01019975,23.08552319,22.39634493,19.8806291,20.3371912,18.6210368,19.60612242
E01019976,17.8052018,17.56578742,17.5869529,18.03899759,18.31660498,18.61955126
E01019977,21.23134862,20.94694228,22.0455104,20.86337565,20.53788008,20.93836227
E01019980,21.82951408,21.97069175,22.14020362,21.49817824,20.73982714,19.38177725
E01019981,19.40779007,20.28851023,22.16839105,21.48768618,21.76038836,22.74418238
E01019982,21.4573214,21.87606735,25.96247413,31.3471906,21.26700164,21.69375977
E01019983,20.25222605,20.41493864,21.89062343,23.0953226,22.90770183,22.65580125
E01019984,20.34901615,20.83874205,21.94977978,21.65195053,26.92130979,22.24674311
E01019985,22.449318,21.36776752,20.17204001,17.94248112,16.78566073,16.58350184
E01019986,20.9771531,23.15831626,23.36907638,22.31233987,22.36579899,24.04044863
E01019987,18.9039414,17.23086727,16.79754977,16.53997175,16.74721619,18.42892426
E01019988,22.32936104,21.3600008,22.31728661,20.79961396,20.00511613,19.63062932
E01019989,20.07107087,19.97970116,21.6333712,20.59775556,22.37964158,21.4123775
E01019990,19.37471585,20.10554238,20.18611808,19.29787574,18.59438588,17.58468722
E01019991,18.87414068,19.1718723,19.52637906,19.64993603,19.45394327,20.26996764
E01019992,22.38963243,22.11547872,21.50670277,21.41654331,21.54018364,20.87409161
E01019993,21.21075494,25.21884044,30.06108208,32.4074669,20.52876622,30.06649206
E01019994,26.02572368,23.60798467,23.62202327,22.90401495,24.61239166,22.84870304
E01019995,16.95838986,17.13980668,17.53977158,17.6545845,17.10605083,16.68643244
E01019996,14.83312082,15.01180339,15.78222371,16.54142357,15.8564185,15.77645498
E01019997,22.93841882,20.58891267,19.72955005,20.52827357,22.95537022,22.6284411
E01019998,24.62407741,25.8786443,27.35396187,26.95868089,26.49728374,27.19895755
E01019999,23.40521837,23.04896873,23.28117105,22.06577624,21.33129509,20.94879981
E01020000,19.93331792,20.11693147,20.57201327,19.23887519,19.54928659,19.34792991
E01020001,20.73673165,21.11256359,20.71404139,20.76774423,20.84167486,21.98725887
E01020002,20.57480833,20.04554844,21.31302867,22.99230006,22.00589603,20.87141656
E01020003,21.50100641,22.07912667,22.43876427,22.43389969,22.86606684,23.037634
E01020004,23.67595813,24.70720675,27.10170074,25.84134036,29.06571901,30.73607818
E01020005,23.0668157,24.03262959,24.49173517,23.87395434,22.88880486,22.35862299
E01020006,25.5781462,19.87844885,19.6894561,19.48358141,19.97054513,18.90513937
E01020007,8.981948788,9.608452478,9.963763824,9.744973152,9.326121218,8.879336857
E01020008,20.82005211,23.00625358,27.78009025,23.87895589,22.23806753,22.60013568
E01020009,27.63140137,40.20692162,28.84584728,23.5115031,22.75973176,22.79469222
E01020010,19.63289285,19.92974839,20.11601804,20.07609925,19.59402363,19.44699537
E01020011,22.15749822,25.16248879,24.36105266,23.79692483,24.00656969,24.34772877
E01020012,19.896459,19.4612801,20.31662447,19.81042102,19.5271791,19.21803875
E01020013,16.51388612,16.13309648,16.18546651,16.03122052,15.03559806,14.97627375
E01020014,20.46719563,20.29520068,18.60452555,17.81439862,17.64269228,17.34523569
E01020015,20.02899429,19.41783819,20.07787233,20.70432825,30.9185056,21.55725527
E01020016,19.9970615,20.15151407,20.30385399,22.25743777,22.49099529,21.44150948
E01020017,20.63991985,20.3450711,21.72753157,21.08804778,23.9233865,24.28308672
E01020018,21.6685124,22.90167026,21.99455483,21.79159002,20.3887163,21.42200694
E01020019,30.49310758,35.30269095,39.13781855,39.83548962,42.07587821,38.76234076
E01020020,16.84682338,16.91581531,16.82487497,16.49134969,16.89818992,16.29161624
E01020021,15.96425158,17.19328028,16.56255569,17.35491325,17.71897389,15.81339465
E01020022,13.98578082,13.69075854,14.31957337,15.5217881,20.69264899,22.84739133
E01020023,21.55494373,22.4878465,22.94235523,23.21140509,22.51342597,22.53665287
E01020024,19.98226272,20.14095337,20.64521607,20.62712781,20.31676365,20.48992229
E01020025,20.93344311,20.59983699,21.619024,20.27679825,21.63025655,22.12333237
E01020026,22.32028633,21.99534965,21.66568492,23.2002204,23.54919109,24.08849397
E01020027,19.39908075,20.15154846,19.43487558,19.88176015,21.81771032,27.43171304
E01020029,21.65086823,22.45554635,21.97056512,21.08415501,23.83887858,23.54776554
E01020030,17.5035617,18.1261203,19.09836161,19.57717489,20.26177388,22.33476356
E01020031,22.12966083,21.52404726,20.88849695,22.20241011,21.97063882,21.85471619
E01020032,22.04967964,21.94243556,23.10340378,22.43114378,22.7227226,22.47653127
E01020033,25.25788432,23.14930283,23.22521033,24.46419123,23.21979564,22.7441546
E01020035,21.70963167,22.05378422,23.55404274,23.23648392,22.12289266,21.33626973
E01020036,21.05738518,20.46291852,20.20598883,21.50074254,21.05073557,21.13119638
E01020037,17.91562665,18.8912335,18.8174512,19.92594821,21.10021251,20.58213722
E01020038,22.89389014,22.12055516,22.10212455,22.10634892,22.8084463,23.67401975
E01020039,22.68368594,22.61387231,21.40781966,20.9715967,20.14656681,19.39511821
E01020040,20.2073826,20.46172573,21.9357284,21.50877792,23.07428798,21.51872059
E01020041,20.20261163,20.1119646,18.93318322,18.05217695,18.56293186,17.87447194
E01020042,21.57973302,23.22575482,23.11762547,23.11633627,23.05786522,23.60730658
E01020043,19.19326011,19.01033619,19.17701707,19.23809258,19.51828249,19.24623911
E01020044,21.96458374,22.05265352,21.6906485,22.83619898,23.66551652,25.35341394
E01020045,22.90974676,22.56181294,22.82422443,22.27310153,22.65455354,23.01969207
E01020046,19.71306617,21.34815864,21.32162244,21.82126939,22.38533092,21.48947595
E01020047,16.71502263,17.52288289,18.33993293,19.17809118,19.33038608,19.16039671
E01020048,19.96422719,21.2500248,22.13791666,22.98375354,21.84701776,23.44622131
E01020049,19.87223981,21.00786132,22.0569588,24.09694846,25.33470785,24.15252906
E01020050,20.47135417,20.19061958,20.27829847,20.65379594,20.74303864,20.35171756
E01020051,22.06377217,22.0208725,22.78219872,23.16442424,24.7517695,25.1067053
E01020052,20.34078396,19.79395822,20.06227648,19.62208808,18.71623129,19.23368772
E01020053,18.96037787,19.69935357,20.66023862,20.46817409,20.1906131,19.97545426
E01020054,24.01565522,26.82025749,24.47553523,23.51138147,23.79877126,21.9946299
E01020055,16.23105598,15.57369797,15.63125343,15.92833111,15.91721161,16.2381502
E01020056,21.70685691,20.98240731,21.63800135,21.54624064,21.69382554,21.55324189
E01020057,23.7279601,21.337217,22.20343633,20.43976103,18.68198361,18.34629698
E01020058,19.5125361,19.49147516,20.70781972,21.04488808,21.6976246,21.6340004
E01020059,20.96597143,20.41229358,20.70363598,21.51857535,21.92154285,22.25100481
E01020060,21.30929847,22.45073328,22.91206046,22.06172916,21.99856613,22.31851208
E01020061,21.92866956,21.87901003,22.529833,22.80340795,23.61167373,23.12326946
E01020062,23.70823536,26.32989038,25.72758977,24.85626316,25.04217585,23.60869359
E01020063,20.80116725,21.15394606,21.21864602,20.82026726,21.57108917,21.06554216
E01020064,20.65383917,20.28264335,20.36061384,20.7527088,19.74484862,19.70170961
E01020065,20.71916582,21.0817903,21.01449449,21.89438127,21.99823694,23.59420041
E01020066,21.67689755,24.09865605,24.29881029,23.50780756,23.03850783,23.61714471
E01020067,19.28377409,19.9714802,21.47638689,21.38793213,20.62655701,20.97400772
E01020068,18.60078479,18.90142528,18.97209625,19.60819374,18.80862917,18.85491372
E01020069,19.2657671,20.13374789,20.96452469,20.41957496,20.72875497,20.56532069
E01020070,20.3277948,20.90115198,21.36768816,21.99789126,22.00475039,21.9586661
E01020071,22.11120209,22.2365246,21.8798813,22.42492385,22.84843323,22.7339638
E01020072,20.7867811,20.78482354,22.74604261,24.01904115,25.362602,25.53509662
E01020073,22.21154693,22.68934941,22.98775317,24.26228805,22.63431726,22.3363447
E01020074,24.54737817,23.17830577,24.24266184,22.86800303,22.86991846,22.21843887
E01020075,21.11294267,22.03176443,23.12462854,22.28084495,22.13212962,22.77152652
E01020076,19.45580672,20.08188809,20.92989482,20.60407485,21.18818989,20.86348717
E01020077,19.96160463,19.9119101,21.43210008,22.64054925,21.98367165,22.42731347
E01020078,21.65172525,20.89096561,19.46665657,19.43556442,19.60893602,19.61599984
E01020079,18.44588712,17.65068802,17.94886751,18.0580033,17.75204,18.54119917
E01020080,25.33448443,23.97652432,23.39327992,21.69017686,21.76214951,22.35537532
E01020081,21.72309665,21.09448895,20.28599813,21.25252062,20.49564892,20.98191277
E01020082,22.10032157,22.30979119,20.15476337,20.21044557,20.20917923,21.21359273
E01020083,21.51827596,28.64208384,31.96478217,36.69047917,40.65380167,27.08508425
E01020084,21.68518349,22.73709156,24.2612945,25.89075291,27.11156459,26.38557532
E01020085,20.39312457,22.13708441,21.89911381,21.94564741,23.26738448,26.06165358
E01020086,20.93961004,20.30118077,20.01730913,20.18726434,21.06561132,20.59257589
E01020087,21.23949088,22.19563163,22.49567733,21.96043692,21.85088426,21.339418
E01020088,20.10066928,19.74868796,19.99998372,20.5258535,20.74141929,19.57873619
E01020089,19.74813966,19.6127499,19.9739974,19.6540152,18.62529238,18.11991904
E01020090,18.75258665,17.66069183,17.81779192,18.00967305,17.21988656,17.25357575
E01020091,21.32020962,21.66730161,22.72352482,23.36336477,22.42466264,21.51717509
E01020092,22.25550503,22.6337853,22.07084307,23.06354196,23.41117752,24.19950262
E01020093,18.88899016,19.23911168,21.2654532,21.10592438,21.87420661,22.61256606
E01020094,17.78644242,17.99463607,18.45088197,18.37027422,18.26583017,17.60880284
E01020095,19.20283041,20.27032838,18.56986303,18.6131039,19.9857799,19.86223514
E01020096,21.13252427,21.43131333,21.76671985,21.0260914,20.5943507,20.29847318
E01020097,21.02153478,21.98756428,23.31370244,23.97350547,23.60211547,23.44530406
E01020098,20.87170068,20.5210115,20.25130596,21.72076173,23.19073863,24.62978727
E01020099,19.86499307,20.17153509,20.42474566,21.82323326,21.69248512,22.76759508
E01020100,21.24434339,21.24288147,21.6386678,23.00165738,22.29094131,21.97975804
E01020101,20.6585522,20.61697986,21.38993889,21.61098117,21.94426893,22.73754227
E01020102,27.75709021,22.38918197,23.34366306,23.75804589,23.61840074,23.19514694
E01020103,18.43951561,19.8151419,19.4616733,17.77766657,17.97436043,17.31324974
E01020104,17.55019065,16.74993862,17.43869603,18.00599593,19.29940476,19.77504179
E01020105,19.37298761,20.07669847,20.71727732,20.57650642,21.66124286,22.74857589
E01020106,20.97972048,20.97784939,21.66891683,20.89940719,21.68423314,21.28095896
E01020107,19.2172237,19.04810307,19.7579636,19.93506053,20.38333259,20.10025821
E01020108,22.86501535,22.68939522,22.9314475,22.82233644,21.48813155,21.79759576
E01020109,20.71498925,20.59363589,21.25798937,21.84055902,21.79472002,21.00163544
E01020110,17.23578015,17.20977619,17.92082316,17.8452656,17.77476757,17.19037184
E01020111,16.96967801,17.22613614,18.39026885,17.70496935,17.65197124,17.04790568
E01020112,15.27418298,15.43904002,14.32966212,13.69448726,13.41074999,13.40244582
E01020113,17.13647762,18.09214,17.00814631,17.66358672,18.06573177,19.08344362
E01020114,24.84251827,23.7974239,28.57605224,32.59918525,26.13926115,23.52053659
E01020115,19.84413003,19.85726633,20.11620069,19.44051721,18.98738279,19.27576502
E01020116,20.01445198,19.22373227,19.62201712,19.79556902,19.80964036,20.18500469
E01020117,21.15434546,21.36511272,21.2830892,19.4203045,20.63593618,20.77478318
E01020118,16.29313057,15.30435192,15.00010769,15.67374245,16.06358228,17.38491859
E01020119,21.08454667,20.80069496,21.99588575,22.16192429,21.72225925,22.5995058
E01020120,23.10668903,24.26962047,25.20136471,23.54253043,24.5121465,23.86179585
E01020121,18.90839657,19.27773611,18.92915704,18.90802464,19.12353935,18.99052541
E01020122,23.24975943,21.64107423,21.514232,20.95533882,20.77513729,20.25853655
E01020123,20.77526779,21.45414268,21.32184592,21.92261676,21.5930545,21.37480538
E01020124,18.99110681,20.2364565,20.53773424,19.90367404,21.02809422,20.67945485
E01020125,25.63892624,23.9682973,22.10361454,20.94129892,20.08767949,21.06948801
E01020126,19.08245025,20.14261304,20.86124465,21.0670073,20.34964322,20.50893032
E01020127,22.66542538,23.90624683,22.71807929,22.84652435,21.75281382,22.20139939
E01020128,18.94039489,18.28031973,18.46348275,17.41725137,17.7047555,17.93589232
E01020129,20.41751123,20.52226886,22.11796284,22.58532803,22.28681277,23.92845183
E01020130,24.0678407,22.85511361,22.16703234,21.54650953,20.78039972,19.9114293
E01020131,21.28655219,22.64728092,21.15978966,21.48105469,21.69674825,21.93891538
E01020132,21.72623438,21.22751858,21.58919852,22.36642677,22.11903241,21.347061
E01020133,22.39208157,19.62842514,20.57780036,20.12226544,20.95115817,22.07338387
E01020134,17.51998569,18.23753546,18.41429769,18.23809473,18.45858259,18.54395407
E01020135,21.16175134,20.46678188,19.24517205,18.07488994,17.90583829,16.65239372
E01020136,19.98969234,21.06153988,21.00368764,21.35658355,21.56910358,21.67492146
E01020137,19.0151625,19.86048772,19.78120692,19.48674995,19.43889379,19.00415232
E01020138,20.26702347,21.02052078,21.03599343,21.13405019,20.71080145,20.55101577
E01020139,18.60734505,18.12660397,19.03832851,19.37409143,19.35730536,18.2168884
E01020140,21.07316561,21.70386114,19.82245124,20.22401552,20.65852358,20.78155604
E01020141,19.66941402,20.62796173,23.08174058,21.93435062,20.0584861,20.33638106
E01020142,21.91078278,22.37764629,22.29942079,22.01321097,22.63655986,22.34393508
E01020143,19.94655778,19.64021501,20.11315311,20.40644921,20.9224895,21.2026634
E01020144,19.58001379,23.13617758,23.77351709,24.13165554,21.64315033,25.26963803
E01020145,20.87389568,20.22353641,20.92775014,22.23894756,21.68243307,21.02497452
E01020146,14.01795615,14.67813733,15.1795758,15.84809297,15.63305674,14.84495089
E01020147,19.72888495,19.72491822,19.83912279,20.50091478,20.59335423,20.42468737
E01020148,21.78967026,22.14285394,23.08064678,21.63477133,20.40351919,20.60798326
E01020149,20.46346208,20.68500329,20.23201568,19.96883657,21.02600274,23.07518482
E01020150,21.22790767,21.03278197,21.50435654,21.2411235,21.40249428,20.50371292
E01020151,20.09908709,20.47915444,20.20780905,21.0581073,21.67400976,21.72612375
E01020152,23.73626272,22.1180257,21.56837884,22.94775311,22.21777548,22.81273232
E01020153,22.73723259,22.77768793,22.7492609,24.05718233,24.3144173,22.46404856
E01020154,20.11426979,20.13285629,20.13983723,18.71196567,20.42871136,20.58517688
E01020155,19.45413499,19.64020676,19.75017763,18.78507005,17.22846632,15.87349441
E01020156,20.43316425,20.6598187,21.08098723,21.66838751,23.41496119,23.22414062
E01020157,20.08013941,20.52916828,20.07228057,21.10200351,21.47171872,22.4594403
E01020158,20.82223068,20.44819537,19.77413978,19.79849377,20.20637845,20.85127965
E01020159,18.50406139,18.9125266,18.94421073,18.82202099,18.90334495,19.93073406
E01020160,22.17562216,22.17383102,22.78484164,21.54777079,21.67216182,21.20977779
E01020161,17.48737204,17.94908809,18.65129876,18.99897667,18.57921317,18.25316087
E01020162,18.79079969,18.5378279,19.30416541,19.58890933,17.9139137,17.60868569
E01020163,22.37497184,21.77154569,20.38751419,21.30718911,21.31758203,19.85718927
E01020164,19.36868791,21.00439309,20.98314202,19.95069337,19.32761119,19.78408682
E01020165,39.12992261,20.90643784,34.45358339,29.37729806,25.74907923,24.76615764
E01020166,20.87152265,20.39999375,20.55890404,23.6698925,28.68433185,24.73318353
E01020167,26.673623,22.98184757,23.18473752,24.35168265,24.78462257,25.44271838
E01020168,22.08657489,21.67727571,21.95189208,22.1766319,22.18191262,22.44402011
E01020169,21.97555002,23.35745163,23.53090617,23.14570933,23.39562598,23.53317895
E01020170,20.54039824,21.10553914,21.71883908,21.90204433,22.99043809,22.20257741
E01020171,22.12451571,22.60937433,22.64959619,23.97160738,23.42642925,23.55618047
E01020172,22.94194054,22.13687142,22.36968191,22.30677014,21.78609419,22.27089032
E01020173,21.4062835,21.19511859,21.48953223,20.97518203,20.95777422,21.78476516
E01020174,21.70358077,22.01759846,21.71780186,22.7353638,21.97774993,21.9078954
E01020175,20.5483777,20.59086763,20.82253249,20.90370928,20.37080638,20.3977459
E01020176,19.73656193,20.2444191,20.71759367,20.71848968,21.36469626,20.53774677
E01020177,20.23419813,19.73292136,20.26695532,20.58901937,19.41195432,19.46848568
E01020178,20.05121496,19.75691558,19.75165832,20.19970565,20.36093245,20.4878953
E01020179,21.97983583,21.62064925,21.8301426,22.62946771,22.25996182,21.50714253
E01020180,19.96934357,19.97050563,20.05348263,21.31468291,21.60157183,21.7116963
E01020181,18.50502697,18.61377343,20.02230883,19.71582994,20.73205262,21.01677006
E01020182,22.63900037,22.15480061,23.73053928,23.71067755,23.84078231,25.02968426
E01020183,20.28992183,21.14435998,22.32275809,22.86915166,22.99076471,23.64161656
E01020184,20.20366583,20.81495482,20.46958275,20.07420945,20.51335097,20.07813226
E01020185,22.53317438,23.60000085,25.19740435,23.9577687,23.04978773,23.21347174
E01020186,20.08098568,21.02010033,22.26587567,24.536692,26.58168382,25.96932525
E01020187,20.77184457,21.90129206,21.36487805,20.32397073,20.09285242,19.80019348
E01020188,20.62922455,21.60526929,22.51528543,21.72786515,22.45983094,22.47505521
E01020189,21.02276448,21.13962868,20.86278253,21.00836634,20.83602822,20.35571203
E01020190,22.06441261,21.17678953,21.32179493,21.71448118,21.59360038,21.18054129
E01020191,22.44523148,21.3002667,21.34364953,22.09055004,23.42902094,22.19422498
E01020192,20.56105707,20.76661461,21.24295983,20.86977786,20.32026882,20.05310752
E01020193,17.96788818,18.35938863,18.64148145,19.02917608,19.23928882,19.05768553
E01020194,22.571714,22.73469447,23.16534069,23.4280036,23.31640253,22.57802209
E01020195,19.64097816,19.60455494,19.58539958,20.66389218,23.26909951,23.08353288
E01020196,21.04076615,21.11607487,20.53797775,21.25149929,20.88225876,20.71265631
E01020197,19.39973195,20.59657202,20.77571476,21.43815553,21.12983078,21.86245753
E01020198,20.05785943,19.74039418,20.57594521,19.8678675,22.37629709,21.04430972
E01020199,18.57925434,18.63669674,19.09886201,18.70316264,18.6956486,18.56130036
E01020200,21.72529078,22.8661097,22.20388656,21.54326616,21.64459228,22.08232477
E01020201,22.20803513,21.94212399,21.24875393,21.74875695,20.97930638,21.27068371
E01020202,19.45792221,19.43178017,20.19705434,20.79178891,21.3196759,22.10898515
E01020203,22.12803272,22.40544482,23.11667701,23.39351394,24.324893,25.41206675
E01020204,18.51385854,20.75947056,20.3150065,19.40062925,20.03453235,19.99067355
E01020205,19.59729448,19.92702782,19.67410491,19.9014367,19.62016038,19.59986427
E01020206,25.33987946,24.26178942,24.0032389,24.22512253,22.95105215,22.48842057
E01020207,17.07592517,17.89099518,17.83534726,18.63373556,18.18521931,17.44151901
E01020208,19.7630365,20.06440302,20.45662946,20.8594255,20.98591492,20.22686652
E01020209,20.62811572,21.03656291,21.18225132,21.6785872,22.28730166,20.15538941
E01020210,20.29552898,19.759121,19.4301272,20.54472188,20.14121086,20.67594725
E01020211,17.03164809,17.26304956,17.58330816,17.47524547,17.86409023,18.33157956
E01020212,21.40330521,21.48385967,19.09918592,19.67485067,18.82353373,18.00739917
E01020213,20.50686715,22.28917414,23.45325085,21.63336667,20.65030974,20.81110942
E01020214,23.04903738,23.37311122,23.08990153,24.08325502,21.94496404,21.88562852
E01020215,22.15792268,22.789017,21.84501116,22.0339712,22.20700825,21.32490218
E01020216,20.53916134,19.40038566,18.57509045,19.16479776,19.60798002,20.45506494
E01020217,20.97478555,21.23120923,21.34287376,21.14144882,21.22510132,21.50111887
E01020218,20.00448981,19.56449327,17.73063598,18.57034541,18.93246237,18.01515406
E01020219,19.77154209,19.53613413,19.43577289,19.56055974,20.0738722,20.9632906
E01020220,22.80658547,20.75277202,19.33474315,19.86596744,19.25833157,19.85643413
E01020221,19.86731935,21.06521828,20.82555971,20.07558625,20.49125524,21.66791316
E01020222,20.62777943,22.76772114,21.75455432,22.11147027,23.6367851,23.01616844
E01020223,20.21922906,19.84190454,20.2434403,20.65857486,20.61520287,19.22552668
E01020224,17.40234459,16.15139754,17.1814498,18.01824017,17.20884515,16.57349085
E01020225,21.06465289,20.97806646,21.5855675,21.0544472,21.19261887,21.80818889
E01020226,14.93260443,15.07421445,15.34509815,15.83714432,16.97335022,16.2451251
E01020227,17.61813158,18.47653863,18.7625881,18.89318631,18.26577579,18.28290864
E01020228,17.5604134,17.13213024,16.74676402,16.15168195,15.99739402,16.27528142
E01020229,20.32323405,20.87748116,21.07644092,21.8007069,21.42247376,22.23378415
E01020230,22.97900957,21.89944434,21.84007659,21.95243836,21.6086748,21.75503626
E01020231,21.20194272,22.74351841,21.4202943,20.12692355,20.50401084,20.45692059
E01020232,18.60197464,19.067155,19.46192171,19.38252739,20.68294146,21.28146014
E01020233,22.25533765,22.01644992,22.80392536,23.92200813,23.81288227,23.95887686
E01020234,19.05620677,19.14122422,19.12649473,20.22303276,20.98695929,20.50456283
E01020235,18.89654345,19.06683953,19.28743369,19.81320751,19.86000091,19.72424306
E01020236,18.84002613,18.45821092,18.79302801,18.55977349,18.90171381,19.38636988
E01020237,22.34748584,23.11064338,23.50689409,22.83730638,23.21180091,22.85064979
E01020238,23.81679069,24.20180527,23.60002947,23.78687741,23.74218857,23.33302736
E01020239,22.48060464,24.53233294,25.27327955,23.99169718,23.03111407,22.5905422
E01020240,20.45271287,20.63908165,21.39274117,20.44644017,20.94818346,21.25260935
E01020241,22.54751567,21.52480259,23.73322843,23.83220477,26.42456093,24.37046967
E01020242,26.1860152,27.98799382,24.90785563,25.43245788,25.35008329,28.84950069
E01020243,20.74687055,20.72748128,20.78243063,22.41435272,23.09884701,24.19047785
E01020244,22.36852281,21.40715802,22.10483615,22.0532356,22.31090501,22.07383128
E01020245,19.97758636,19.19214621,19.78600354,20.14923941,20.80653964,20.68596227
E01020246,21.80481236,21.02191107,22.30958672,21.67999268,22.97894581,23.63822366
E01020247,23.12415087,23.5735511,28.01187835,24.72641417,22.75064523,21.95816309
E01020248,20.87198862,20.25651793,20.65832056,20.74459068,22.41343304,22.78161545
E01020249,22.83927548,22.46595397,23.21711307,22.27288329,21.75037226,22.11110711
E01020250,20.09237866,20.92242965,20.87023201,22.52115205,23.55549582,23.1940037
E01020251,18.31926597,17.9651435,17.20049624,17.16336446,17.4947044,17.35432642
E01020252,20.24201141,19.4258522,19.53971366,19.65924276,18.92483829,19.39351303
E01020253,25.72084844,22.37044593,20.54271814,27.1196065,24.21979862,23.46483579
E01020254,19.37846309,19.29174984,19.63807917,20.26489001,19.99553429,20.91516117
E01020255,19.69744204,19.78717643,20.45979143,20.93397585,20.80881828,19.58334367
E01020256,23.07372427,22.52884529,23.38259264,23.76922793,23.97147291,23.50518534
E01020257,18.49694547,18.9232892,19.45246844,21.1428329,21.70209938,23.01989629
E01020258,20.31777202,21.18712114,21.16565417,21.29525723,21.7870996,22.0836796
E01020259,24.87211844,25.88633081,25.22616827,23.21804883,23.21879833,23.21689727
E01020260,22.92212128,22.42821886,22.15422388,21.26564587,21.59292638,20.98012152
E01020261,21.57947681,21.35810639,22.35823994,21.95291254,22.76036958,23.85906498
E01020262,19.0499765,19.71958281,20.01702237,20.24963588,20.96463184,21.76646115
E01020263,22.51854104,21.38024679,21.83405343,23.49307951,22.72382478,22.64097042
E01020264,18.71108785,18.17891972,18.73579639,19.21263911,19.64423354,19.63067657
E01020265,21.20590163,21.16261942,21.35146262,21.85058438,21.99677569,21.97699958
E01020266,21.89530822,22.87940553,23.30452117,21.58223239,22.74089055,23.03635098
E01020267,19.61494731,20.00281437,19.76718846,20.35817025,19.746047,19.77115944
E01020268,21.41367875,20.51286397,21.15310793,20.18815119,20.44172496,19.70459525
E01020269,20.77245587,21.47487922,21.56869223,21.67424092,20.90700989,21.66900275
E01020270,21.57885057,20.95488283,20.40617072,20.61850591,21.67048409,22.87210144
E01020271,20.18038348,18.9593685,18.57741613,18.94656542,19.20102069,19.77880129
E01020272,20.11518956,20.27433202,19.06813927,18.84619013,18.82703067,18.78442491
E01020273,22.65748892,21.99927847,22.10967486,21.92460753,22.17531277,22.41853967
E01020274,21.00597097,21.0881904,20.6077377,21.13548952,20.56330503,20.49964481
E01020275,21.12079168,22.36524892,22.059055,21.53765197,20.67362005,21.0975481
E01020276,22.86832676,23.80441621,22.10278396,21.21076797,20.42037645,20.1814435
E01020277,20.17000837,19.27727217,20.21070512,20.45077871,20.50043253,19.8676711
E01020278,19.06336514,18.64816062,18.4183382,17.53500017,17.60459119,17.83366198
E01020279,19.14603702,19.47092254,19.80750202,19.89313019,20.4428356,20.19412711
E01020280,19.41757016,20.5708434,21.19731691,21.2960713,21.81983069,22.56485738
E01020281,19.96539287,19.74012901,21.94575613,21.70250902,21.91366619,21.76508313
E01020282,20.01814264,20.01164775,20.34697617,19.57660456,20.46379476,20.73287573
E01020283,21.51251736,21.63443282,21.64735941,20.73362758,20.55808688,21.16991893
E01020284,18.4742288,17.80316185,16.79138598,17.23335256,17.54492196,18.21163682
E01020285,18.71771572,19.16004449,19.54947552,20.01066353,19.65737307,19.80005029
E01020286,21.0345378,21.93761798,21.88720133,21.66052303,22.09936453,22.83651852
E01020287,20.31498133,19.376437,19.61687456,19.24370509,19.5484826,20.50255924
E01020288,20.48268448,19.8386948,20.46971689,21.22758336,21.12227693,21.58640581
E01020289,22.19408234,22.76496736,21.95796227,20.31358587,20.40226447,20.56112995
E01020290,17.43096657,18.26015689,18.67764842,19.05375288,19.30072685,19.36320306
E01020291,18.6665026,20.97968021,21.91430276,21.47783613,20.04341985,20.18712803
E01020292,23.85448347,22.25088102,22.93607221,23.419881,21.7573289,21.47514693
E01020293,18.75433637,18.85333276,19.04151169,19.10745103,19.73626765,20.41053261
E01020294,16.68903868,16.64185503,16.87934767,17.55237933,17.26255616,17.43755916
E01020295,17.36902965,17.82121382,18.02966977,18.49417934,18.28479103,18.34643208
E01020296,21.61967421,21.70740136,22.38937431,24.09015122,23.99752186,25.84368102
E01020297,21.43245424,20.43960088,19.7796228,19.02580939,18.42036932,18.60041931
E01020298,19.14158478,18.84769369,18.61233623,18.67568087,18.79142232,19.22291825
E01020299,21.15452581,21.88449884,22.48972158,21.59292174,20.77194521,20.58544749
E01020300,25.11091421,26.57845901,25.92619542,25.70583626,25.79209331,23.28844941
E01020301,21.73936034,21.56809877,21.9689739,21.57204199,21.43122173,22.31095889
E01020302,18.93560938,19.72983611,20.3832768,21.15478232,20.28946877,20.71313034
E01020303,24.15867309,25.55051744,25.18195161,22.73562739,20.92748502,20.25358219
E01020304,20.10648194,19.76159446,19.63293744,19.62621491,19.85318779,20.36902903
E01020305,19.91724373,20.03374139,19.00749014,20.29680793,19.96183328,20.00574576
E01020306,21.7062508,23.15470478,24.45552635,23.90352936,22.54846662,23.56613507
E01020307,18.624511,18.75485544,19.13581873,17.98126176,17.18666134,16.58543746
E01020308,19.39788784,19.10974624,19.52757319,21.02467681,20.85623457,21.07266098
E01020309,18.79467392,19.57984264,20.32021008,19.06623873,19.55943837,19.88148441
E01020310,19.38629001,19.07013648,18.86913397,19.28698842,19.59447944,19.22500728
E01020311,21.84086273,22.53940878,22.48553811,23.73778972,23.81569381,23.30313177
E01020312,21.67997253,21.58958636,21.17504523,22.61975025,23.43577861,22.91296006
E01020313,19.20001536,18.79889601,20.75014892,20.15567042,20.17809647,19.67924099
E01020314,19.85323582,19.9498145,20.33703748,20.40893577,21.67794263,20.54885182
E01020315,17.49230596,16.99125672,16.42770782,17.06639858,17.14426341,16.94066027
E01020316,24.83000132,23.88540093,23.67084673,21.81214283,22.27950378,22.00379277
E01020317,22.68198631,22.85724278,21.89908244,22.30713641,21.23477864,22.27803489
E01020318,22.66002001,22.25800388,21.89409214,21.30818715,21.40849807,21.58120239
E01020319,21.05426607,21.27325091,21.4523583,22.0608795,21.98659742,23.04555008
E01020320,23.57174248,23.72537429,22.95799957,23.03935235,23.1139935,23.0766678
E01020321,19.3930026,19.50563081,18.73840572,19.05305958,18.31248037,18.79556783
E01020322,20.58851911,20.73476433,21.11094663,21.28886124,21.13762598,20.85687909
E01020323,18.87432723,18.61984941,18.99911057,19.37598287,19.98531851,19.14848991
E01020324,18.27991559,18.34063169,18.55282345,18.62631811,18.74823434,19.16707165
E01020325,22.95907752,24.88907115,26.63751165,24.9815016,24.68253977,22.54447752
E01020326,22.61413606,21.66951954,22.25948293,21.77856647,22.14580334,22.45284965
E01020327,20.74880678,20.03739804,20.89954163,20.84519542,20.69689471,21.22990089
E01020328,21.87445589,22.76592358,21.69765213,21.39237032,21.50596577,22.9553782
E01020329,18.63971605,17.87679335,18.63693521,19.11318147,18.25939647,18.75617725
E01020330,20.68899139,20.78750746,20.01379313,20.39765603,20.24152162,19.73773724
E01020331,19.37227487,19.80028357,19.73089571,19.72315324,19.76977078,19.43950747
E01020332,22.38311313,21.82044198,22.34743122,22.43105299,25.04316032,23.1021082
E01020333,21.01396616,21.29890735,20.67404083,21.17279705,21.618489,22.01258931
E01020334,21.02793516,20.60519023,20.800478,20.41456583,19.5687518,19.46467883
E01020335,19.81020419,19.64029067,20.38612232,21.10209291,20.84830589,20.84533972
E01020336,22.20565954,21.98075845,23.41606751,23.81138963,24.42682745,23.94429975
E01020337,20.00201655,20.71241787,22.14481304,22.76607748,24.59347919,24.95821758
E01020338,24.29854848,22.45978776,20.76371051,21.02327978,20.75775966,20.61714049
E01020339,20.52695104,20.29478912,20.96901826,20.80788817,20.32198137,20.78002945
E01020340,20.26545859,19.56036423,19.40903845,19.68158179,19.8944566,19.41051084
E01020341,20.45813898,20.86015879,21.01982836,20.54590692,21.4034236,20.84613423
E01020342,19.41833775,19.69100452,20.1382006,20.53986517,21.93125789,20.31938582
E01032628,19.39122973,19.51545899,20.05207337,21.78684782,22.32334427,21.77450383
E01032657,25.04900686,27.23007196,27.15875624,26.98803024,26.00063023,26.17700074
E01032658,17.29231526,19.34334729,18.29209032,19.93380167,20.19847876,20.25533838
E01033232,29.45835973,33.12795048,32.21105498,34.75533195,24.81390944,23.64261728
E01033233,21.86562186,21.33787745,21.7107922,20.70318888,20.46602567,19.92499348
E01033234,23.40197122,21.53592865,21.98638331,21.394173,21.61661415,22.38803877
E01033235,22.69183236,23.31035076,23.36407164,22.91175603,23.72881708,24.28179207
E01033236,27.00549124,24.33766302,23.88793797,23.50967237,23.04833687,22.4438189
E07000040,20.74610507,20.81693543,20.95745282,21.11322913,21.17828566,21.10043039
E07000041,20.06753053,20.16679808,20.37264524,20.31472459,20.30272344,20.19266848
E07000042,20.48802988,20.64465594,21.01539204,21.16672776,21.16797594,21.16352026
E07000043,19.90820515,19.99248632,20.20099835,20.22773242,20.23504196,20.18181198
E07000044,20.57949202,20.73807425,20.97108797,21.21837792,21.27737971,21.24567174
E07000045,20.22725526,20.24793474,20.37031566,20.53907954,20.67051715,20.70333936
E07000046,19.90723367,20.0204762,20.13726544,20.11364841,19.99420602,20.11842918
E07000047,20.5742567,20.43070938,20.58666329,20.6999624,20.74065475,20.64587179
E10000008,20.35026208,20.42170322,20.6042589,20.71368849,20.74880928,20.71791928
E06000026,15.41564598,15.48195188,15.64608194,15.78726002,15.89320225,15.97551431
E06000027,16.13819325,16.28167827,16.38597736,16.41345342,16.39370887,16.2411459
IMDQ1,,,,,,
IMDQ2,,,,,,
IMDQ3,,,,,,
IMDQ4,,,,,,
IMDQ5,,,,,,
E02003122,19.41812961,19.47253561,19.53585766,19.73207123,19.69781968,20.15419616
E02003123,20.06199382,20.21573801,20.46996866,20.39697937,20.28339331,20.41240017
E02003124,17.92836913,18.07973484,17.75637882,18.12501763,18.48759279,18.18391015
E02003125,19.43273108,19.23831616,19.34976893,19.77365819,19.54874769,19.60838011
E02003126,19.84001283,20.07460459,20.08628351,20.48117241,19.75104255,19.82151419
E02003127,17.5988099,18.05739717,18.56267496,18.79892933,19.19132169,18.99054478
E02003128,18.34601006,18.38463854,18.61913071,18.43111381,18.43983245,18.76121426
E02003129,21.04126944,20.92236603,21.5073967,21.823762,22.12072408,22.36108383
E02003130,19.87541883,19.73757568,20.04185293,20.5923853,20.86329714,20.73183768
E02003131,21.61619058,21.39906,20.79656063,20.91277617,21.13753688,20.73802664
E02003132,20.19371602,20.41224786,20.23292735,19.85136147,20.47015304,20.43184897
E02003133,21.56471762,21.46831233,20.99365925,21.37675404,20.9409779,21.07387585
E02003134,19.21303369,19.1787504,20.02225734,20.15702174,19.69577654,19.82018181
E02003135,18.10693086,18.16293098,19.65934871,20.35142349,22.10505829,21.46107409
E02003136,18.81570454,18.77193283,18.8346104,19.13301187,19.19267814,19.18911462
E02003137,18.99114654,19.27877297,19.09553829,19.02419999,18.91631973,18.71189974
E02003138,20.46170476,21.14753752,20.98871123,20.74165187,20.79599246,21.14389609
E02003139,22.26879852,23.05135866,23.49570149,25.95726642,27.23153106,26.11270434
E02003140,18.85251671,18.92327187,19.28797223,19.86754481,20.22604592,20.73714339
E02003141,15.72214486,15.62497945,15.89542119,16.1307251,16.74874961,17.05659451
E02003142,18.37949591,18.4478954,18.37912605,18.51066513,18.70933975,18.75730336
E02003143,20.75196643,20.83822983,20.9434418,21.03607017,20.78064136,21.76316759
E02003144,17.22457857,17.48942291,18.3372683,17.80185822,17.65806926,17.7281091
E02003145,16.74387068,17.18280221,16.71389824,16.91305937,17.33676841,17.54195745
E02003146,19.67330364,19.08131864,19.47565538,19.64454483,19.38571154,19.29354924
E02003147,15.44447305,15.57568352,15.78849399,15.9456981,16.04186982,16.20769027
E02003148,20.40693149,21.08179767,21.17743969,20.98789344,21.02442118,20.0542294
E02003149,18.90365797,17.94964383,18.46227473,17.86658726,17.77836667,17.98435231
E02003150,19.04023024,19.00883612,18.47109703,18.11055065,18.44094956,18.16409327
E02003151,19.62399555,19.7346365,19.9316181,20.15953421,20.49419529,20.1384549
E02003152,20.08094621,19.99537879,20.27685332,20.53224498,20.52092228,20.58985333
E02003153,22.02870934,21.84406616,21.5123034,21.81980064,21.88669643,22.13390889
E02003154,20.93330734,21.02537709,21.17225451,21.63977288,20.97796288,20.39679025
E02003155,17.93369584,18.46066764,18.38676831,18.11944636,18.52075214,18.10506275
E02003156,20.92690022,20.70870632,21.04067733,20.67657199,20.96499695,21.17474675
E02003157,18.67582753,18.99526283,18.53990968,18.2322084,18.34554068,18.03556094
E02003158,19.73430453,20.27937479,20.39773232,20.20323439,19.60947763,19.49111474
E02003159,20.34260082,20.6127363,20.53996059,20.315814,19.7401683,18.75796503
E02003161,18.86380145,18.46655266,19.4169836,19.17080923,19.2838648,18.77259682
E02003163,19.11823516,19.31548589,19.33413576,19.64278047,19.8089519,19.97952524
E02003164,20.18189999,20.2184719,20.28787221,20.22020576,20.47872158,20.6933536
E02003165,19.99939586,20.29957828,20.28330545,20.16030629,20.21382619,20.0462064
E02003166,19.7824851,20.62537971,20.99235976,21.42395145,21.04201065,21.07013679
E02003167,18.51334737,18.57652583,18.79200268,18.91107803,18.80927621,18.46019014
E02003168,21.18549261,21.40046901,20.78389778,20.54543287,20.16202083,20.20182044
E02003169,20.99603074,20.9634236,21.26902684,20.98347523,20.8454732,20.80786239
E02003170,20.14870867,20.42093133,20.49781189,20.60822138,20.76696174,20.52433355
E02003171,19.50191233,19.53994941,19.6707921,19.92622698,19.97654061,19.70717484
E02004129,21.90714946,21.80835864,21.76226789,21.59090073,21.48277054,21.51483798
E02004130,20.44970446,20.68234703,20.78534423,21.46430468,21.64228675,20.61353966
E02004131,20.99790783,21.02207436,21.38208286,21.69859826,21.48906384,21.1085713
E02004132,21.35516723,21.47330344,21.70485867,22.12859836,22.40664145,22.25198936
E02004133,19.51619044,19.64445846,19.75080459,20.35271133,20.75213635,20.77023317
E02004134,20.19641448,20.25627064,20.62519735,20.72625396,20.66862251,20.5882138
E02004135,19.92932894,20.41300005,20.89883539,20.90706196,21.37702773,21.67679416
E02004136,20.93971494,21.0725851,21.83176726,22.14841073,22.25150727,22.3278682
E02004137,20.8264606,20.82274439,20.95005973,21.08845032,21.41066475,21.37762973
E02004138,19.67179762,19.86151964,19.94644048,19.90177739,19.91278085,20.011496
E02004139,23.69604056,23.26110287,23.50525321,23.89409534,23.31721542,23.37360708
E02004140,21.80709992,21.50023915,21.58287101,21.7492192,21.70071105,21.61535825
E02004141,22.73893609,22.45187988,22.93112417,22.52101024,23.05541316,22.69444261
E02004142,22.37923797,22.26091706,21.85880261,22.51845651,22.03035238,22.00976828
E02004143,20.11627715,20.01412243,20.29410624,20.88946968,20.97857019,20.64833106
E02004144,21.39444436,21.26334732,21.34162831,21.32333178,21.50947979,21.49142716
E02004145,21.749328,21.47335611,21.29832438,21.24330445,21.44971254,21.3804832
E02004146,20.80694137,21.17684561,20.76445623,20.92098056,20.55307194,20.76832594
E02004147,19.3118546,20.24017566,19.48167169,19.61880656,19.16667646,19.10855892
E02004148,19.29435992,19.47521908,19.59999087,19.40135537,19.53388734,19.44252485
E02004149,22.09821027,21.90875908,22.28895511,21.60886348,21.33162123,21.46832971
E02004150,17.29277548,17.47631199,17.26604777,17.06314034,16.43616588,16.4282407
E02004151,22.22859484,22.35125661,22.8070129,22.76886467,22.80162391,22.76737106
E02004152,17.66594516,18.50566221,18.47974872,19.46266087,21.07825361,20.2528028
E02004153,21.12974935,20.9132421,21.97356828,22.15919667,21.57511391,20.96471597
E02004154,21.25520356,19.91255548,20.08355095,19.58249011,19.84504117,20.18693869
E02004155,20.14038131,20.91912063,21.26596311,21.39232938,21.50214535,21.37133329
E02004156,19.6374991,20.22192412,20.37645895,20.61869179,20.62484074,20.40796887
E02004157,19.26847154,19.5940091,20.08306362,20.14693572,19.86411364,19.96337053
E02004158,20.94512808,20.93436375,20.9180532,21.14789136,21.35167665,21.99887005
E02004159,21.95169375,22.03637068,22.0057596,22.51473738,22.6374294,22.94613617
E02004160,19.60669094,19.44646713,19.8171517,19.69218274,19.98146532,20.06587457
E02004161,18.92832167,18.65892512,18.59545392,18.2531138,17.9571649,17.66203701
E02004162,17.86722429,17.94856358,17.95350119,17.35855057,17.16529986,17.11711851
E02004163,23.05834169,22.80656465,22.93175941,22.9665309,22.93124904,22.70839925
E02004164,20.00494364,20.40386851,20.89150695,21.55516181,21.6503179,21.47759048
E02004165,19.97423101,20.51135757,21.0560437,21.38193293,21.53542169,21.48252022
E02004166,21.80243018,22.03051957,22.70677064,21.90063014,22.15125867,21.91000661
E02004167,19.52890691,19.68764431,20.44501297,20.4885796,20.20132336,20.61733845
E02004168,20.46629515,20.23516116,20.0785761,20.5710392,20.02129142,20.75343166
E02004169,21.85502345,21.47689746,21.82972683,21.78268318,21.75237389,21.81253013
E02004170,19.23430349,18.49667856,18.82008332,18.98844667,18.99558879,18.8414122
E02004171,21.03067821,20.91738791,20.98206866,21.25485294,21.76797619,21.8567397
E02004172,21.06900078,21.39841833,21.86760633,22.37290765,22.19968964,22.40476342
E02004173,19.8871428,20.60638199,20.91766723,21.48434946,21.21504872,20.93285495
E02004174,21.30888572,21.91529777,21.99809567,21.52517365,21.63509599,21.60545477
E02004175,17.59816056,17.65466442,17.82217628,17.34613721,17.06381867,17.01528887
E02004176,19.99182487,20.47461479,20.97696098,21.5823332,21.31017049,21.63694733
E02004177,18.75899714,18.59202491,18.16556438,18.26940327,18.73919817,19.45600203
E02004178,20.02008517,19.56279037,19.99459955,20.35153593,19.66008538,19.6666651
E02004179,19.76890512,19.87267368,20.53998662,20.64276136,20.37590385,20.17164043
E02004180,21.11256099,21.496628,21.6210531,21.78447908,21.85787145,21.48102502
E02004181,20.01726022,19.42625238,19.76259547,20.11366012,20.26710881,20.01511411
E02004182,18.68287802,18.99527179,19.32820331,19.39168694,19.72399389,19.40636155
E02004183,20.73264003,21.36463696,21.10091112,20.5416547,20.49776162,20.62246993
E02004184,19.77363741,19.2588022,19.46479182,19.04052498,19.22992366,19.34374238
E02004185,20.04911144,19.99490575,20.73670307,20.69922401,21.12818095,21.32779949
E02004186,20.767038,20.65847619,20.66036573,20.71263227,20.9104372,20.59858081
E02004187,20.34083372,20.97253845,20.75657033,20.67907055,20.59121496,19.9885195
E02004188,20.77042835,21.21292564,21.06822239,21.22162155,21.37708014,21.44466808
E02004189,18.20909861,18.73192477,19.04993295,19.43615506,19.08726432,18.845804
E02004190,20.62143987,20.82832022,20.84789549,21.20297709,20.90010945,20.86246799
E02004191,19.9069492,20.16410353,20.79882646,20.96493887,21.52448472,21.59672845
E02004192,20.91938239,21.37089066,21.87625882,22.04823519,22.99608494,22.45696498
E02004193,19.53314703,19.88156819,20.1643001,20.36951719,20.33930481,20.30406127
E02004194,20.67256608,20.54224392,21.19487754,21.15561011,21.62376571,21.47608708
E02004195,20.72392168,20.5350242,20.40634526,20.80286861,20.88457558,20.81517917
E02004196,20.46797822,20.28053844,20.22658352,20.50027441,20.59354899,20.77002302
E02004197,21.22934208,22.02306962,22.54684033,22.98854547,22.89932626,22.83506986
E02004198,21.51606482,21.67772822,21.69441859,21.90661763,21.94276745,21.96799892
E02004199,20.51209654,20.4677743,20.5298405,20.87397683,20.67590018,20.71550951
E02004200,21.73492689,21.58815657,21.80646921,21.99302383,21.74068526,21.80106771
E02004201,20.347737,20.39473074,20.64689682,21.3872082,21.39819045,21.79621905
E02004202,21.24221234,20.77493413,21.67476959,21.56389283,21.96748937,21.95749596
E02004203,21.11917173,21.32383655,21.23918481,21.25533539,21.35068186,21.41101605
E02004204,21.28409439,21.75438171,21.74597107,21.84471168,22.08557032,22.20918374
E02004205,20.52940967,21.04145777,21.04714659,21.02354841,21.13146298,21.47767405
E02004206,19.02272903,19.01394181,19.01455258,19.29473632,19.28987164,19.49405393
E02004207,20.0529791,19.83412121,20.43623757,20.45407095,20.97500433,21.35568906
E02004208,20.67254392,20.58631827,20.6157445,20.59198257,20.79824822,20.81743502
E02004209,19.97440773,19.89250576,20.01271142,20.83806138,20.80150769,20.74085702
E02004210,19.64826236,19.55266981,19.5295024,19.80130141,19.74170392,20.08439304
E02004211,21.56283651,21.33329863,20.7675753,20.61246629,20.78844392,20.7806574
E02004212,19.83632973,19.75578969,19.85121719,20.42680976,20.56516881,20.43624496
E02004213,19.78660048,20.00494985,20.23810271,20.69097079,20.78592673,20.40712972
E02004214,19.2714349,19.02493482,18.89563957,19.28301603,19.31498333,19.23023235
E02004215,17.12804143,17.26332074,17.3702652,17.58985253,17.81711856,17.56644615
E02004216,21.42415398,22.32395353,21.90600577,22.14098179,21.27294533,20.87573809
E02004217,19.67079453,19.77574094,19.95808591,20.09083451,20.59401235,20.59413718
E02004218,22.15718325,21.831798,22.82132271,22.07234553,22.39521958,22.51427862
E02004219,20.49156232,20.93217468,21.40913307,21.38473693,21.15344567,20.79805523
E02004220,21.41726187,21.58478659,21.5718464,20.86178768,20.00052755,20.07104131
E02004221,20.01226447,19.85747161,19.68843474,19.96292738,20.20100726,20.0713591
E02004222,19.99908043,20.20013924,21.31669394,20.88954041,21.41787469,21.57928603
E02004223,19.75864933,19.55246967,19.58706133,19.47507816,19.64665656,19.79250212
E02004224,19.74415639,19.77943522,19.90697705,20.4435298,20.10717897,20.17440496
E02004225,19.93520655,20.0171676,19.98239735,19.85361014,19.31350837,19.39402426
E02004226,21.1187201,21.0871357,21.29058507,21.34843235,21.08754076,21.17746102
E02004227,18.36376068,18.75287134,19.02773296,19.03591621,18.90643478,19.26301091
E02004228,20.30462959,20.95066173,20.96634536,20.46806913,20.48254009,20.71377564
E02004229,21.22309584,21.06596051,20.91884584,20.91946734,20.67148669,20.60780435
E02004230,20.26770804,19.97585874,20.16211661,20.23303075,19.92746285,20.23881332
E02004231,20.93023001,20.76140695,20.92972608,20.90850102,20.86220109,20.89841758
E02004232,20.32087822,20.28477334,20.52626891,20.5489793,20.726205,19.98992076
E02004233,21.19111059,21.02590235,21.42937404,21.70393865,21.79132118,21.63228572
E02004234,19.89432717,20.12295766,20.00531425,20.14306253,20.45484038,20.58537081
E02004235,19.75308684,19.43139999,19.65622474,19.85746375,20.2552778,20.04227056
E02006840,20.78349777,20.31036282,20.35324626,20.47632818,20.1769538,20.22977948
TOWN01,19.67079453,19.77574094,19.95808591,20.09083451,20.59401235,20.59413718
TOWN02,19.85624627,20.07696554,20.43133965,20.68438514,20.98282813,21.04755282
TOWN03,20.15594275,20.16124795,20.36686729,20.3133377,20.54471111,20.38794976
TOWN04,20.07346052,20.03088544,20.2009796,20.23743108,20.1723377,20.24690665
TOWN05,19.59725145,19.45261813,20.04636839,20.16968727,19.83864822,19.61628752
TOWN06,20.6884817,21.27497262,21.59050216,21.69090923,21.68617542,21.5999067
TOWN07,20.56675024,20.35063909,20.76414668,20.57778831,20.6197833,20.38306934
TOWN08,20.82459002,20.80015808,20.93357226,21.10634422,21.14425909,21.09064504
TOWN09,19.72248946,19.80298282,19.87411047,20.02022946,20.06792324,20.2117528
TOWN10,20.20327677,20.26043472,20.51798833,20.50950314,20.52294747,20.43597445
TOWN11,20.55136974,20.62277089,20.55767702,20.62432776,20.66398212,20.56965892
TOWN12,20.40598995,20.25799295,20.26014281,20.15585813,19.73636207,19.91594498
TOWN13,15.28810956,15.4324749,15.6294914,15.72279969,15.69730708,16.02061888
TOWN14,21.04672949,21.146544,21.25177006,21.56655248,21.60594261,21.18300938
TOWN15,19.05925076,19.02996506,19.14053385,19.19917178,19.10968688,19.49096829
TOWN16,20.22588171,20.54307259,20.71872738,20.96407412,20.84272659,20.83066872
TOWN17,21.32687057,21.29906464,21.45995067,21.7276101,21.71546586,21.76605985
TOWN18,19.08245025,20.14261304,20.86124465,21.0670073,20.34964322,20.50893032
TOWN19,21.69964371,21.87068659,21.87016644,21.82371305,22.17777712,22.46634753
TOWN20,20.07823266,20.12680741,20.27499788,20.48509039,20.5820337,20.54240751
TOWN21,20.90163468,20.72466011,20.76416003,20.84977591,20.76147278,20.78239803
TOWN22,20.7757289,20.91756982,21.4830355,21.96215817,22.00276795,22.00838689
TOWN23,16.34800664,16.54822256,16.69553714,16.67286245,16.81390098,17.05732656
TOWN24,22.10895635,21.96021072,22.12793491,22.25858384,22.09165753,21.98521135
TOWN25,16.62241297,17.26990684,17.06968369,16.76873262,16.69752595,16.12349545
TOWN26,20.44085486,20.34636329,20.54901796,20.71159953,20.86480001,20.67564676
TOWN27,20.75910633,20.69706329,20.56105063,20.60600111,20.66773122,20.77354303
TOWN28,20.38511887,20.59770856,20.89490285,21.25947836,21.25915168,21.44053967
TOWN29,20.18622212,20.38138655,20.82773509,21.11539313,21.5432372,21.41200361
DIV1,19.43985317,19.28018204,19.4584723,19.39047301,19.53546904,19.55203742
DIV2,19.72794327,19.87077232,20.06410601,20.29466999,20.73924617,20.53676743
DIV3,19.39388015,19.66329329,19.88027406,20.1512543,20.57532064,20.55277545
DIV4,19.58498402,19.50884085,19.84768349,19.91660699,20.08329558,19.74495006
DIV5,20.1556638,20.1841607,20.11036457,19.65329574,19.78286197,19.9844047
DIV6,19.91152539,20.56515714,20.88667799,21.06398445,20.84870922,20.69429152
DIV7,20.06548904,20.06808644,20.78376581,20.64599011,20.9919783,21.17282199
DIV8,19.47442345,19.48593945,19.48128983,19.73569822,19.56267645,19.57854581
DIV9,20.95071245,20.97912922,21.40663615,21.4215091,21.75567204,22.05368136
DIV10,19.59725145,19.45261813,20.04636839,20.16968727,19.83864822,19.61628752
DIV11,20.73345039,20.67401616,20.8508661,21.0240886,20.91205366,20.81072609
DIV12,20.53383416,20.69304434,20.73555298,21.18988323,21.27376524,21.37948788
DIV13,20.98860055,21.26298496,21.41151197,21.47915639,21.62521954,21.38159398
DIV14,20.48651516,20.79922781,21.14052996,21.67026974,21.23416002,21.33752561
DIV15,21.20544918,21.89322556,22.0088167,21.76940166,21.92502002,21.76600971
DIV16,20.54376535,20.85991102,21.26769688,21.88650569,21.83744456,22.00937784
DIV17,19.55229674,19.00557199,19.3509469,19.45476398,19.46286545,19.32004778
DIV18,20.90870132,21.03284467,21.17617644,21.44033364,21.96391178,21.70005846
DIV19,19.63312995,19.75582257,19.7602183,19.90261866,19.96056809,20.14880531
DIV20,20.63380323,20.77248042,20.86702706,20.4881163,20.49411022,20.30724327
DIV21,20.74507079,20.52431653,21.20221642,21.21747789,21.63583918,21.86284612
DIV22,20.34770489,20.34089016,20.32573944,20.19181415,20.3268797,20.24052656
DIV23,20.80491212,20.99541047,20.81302461,21.07865274,21.00390424,20.94332611
DIV24,20.80503031,20.90201988,21.58262187,21.51325191,21.37789934,21.626624
DIV25,20.48464011,20.6523813,20.89328635,21.54654862,21.59181292,20.9347912
DIV26,20.31488098,20.28141094,20.83247549,20.975531,21.48087462,21.51284109
DIV27,21.35544992,21.18425014,21.11808848,21.06270865,20.82374614,20.90519134
DIV28,20.47920702,20.50027032,20.735383,20.61283051,20.74812207,20.77666512
DIV29,19.11871849,19.62800545,19.79558867,19.62725198,19.54921633,19.85366267
DIV30,18.17700739,18.11399337,17.96502338,17.78931943,17.85839229,18.14740818
DIV31,21.99600638,21.9386735,22.48496662,21.95189737,22.04862429,21.93762592
DIV32,19.53314703,19.88156819,20.1643001,20.36951719,20.33930481,20.30406127
DIV33,20.95630319,21.01439073,21.07147826,21.38010886,21.28122977,21.35030098
DIV34,20.56256659,20.44774135,20.22034985,20.69871316,20.66977975,20.68555123
DIV35,19.44761698,19.35805931,19.15358792,19.62485769,19.76065854,19.57240032
DIV36,18.67627593,18.90036754,18.96880196,19.06984435,19.00120768,18.86964852
DIV37,20.32768618,20.2548601,20.21013819,20.15315965,19.95467943,19.96714678
DIV38,20.30843615,20.11226748,20.30637314,20.36065871,20.2945968,20.09894982
DIV39,21.40527258,21.42913492,22.20352545,22.30782012,22.43825811,22.3457765
DIV40,21.65391277,21.98147169,22.34743506,22.4828859,22.2809372,22.15605875
DIV41,21.23914944,21.08869311,21.23948518,21.40209359,21.40798121,21.50165806
DIV42,19.92724798,20.04938911,20.26992127,20.40197123,20.59006211,20.83659378
DIV43,22.07096242,21.83011596,21.97374114,22.13100682,21.97508848,21.88978354
DIV44,20.85926982,20.98210146,21.07422661,21.50273969,21.30765639,21.3672615
DIV45,20.34562,20.96371781,20.75232057,20.5464675,20.43907728,20.00094547
DIV46,18.11948874,18.37165313,18.74540643,18.45671095,18.09907643,18.24711046
DIV47,18.00330855,17.89004327,17.96441362,18.14684707,18.47486084,18.40144715
DIV48,21.19111059,21.02590235,21.42937404,21.70393865,21.79132118,21.63228572
DIV49,20.30354556,20.19390022,20.19639967,20.31242841,20.41702208,20.57323612
DIV50,20.70407304,20.91073615,21.48813721,21.68874133,21.85994591,22.19425462
DIV51,19.67622942,19.77776724,20.05817846,20.49983092,20.36921307,20.57874107
DIV52,20.58405467,20.53685207,20.57035698,20.57831752,20.21984746,20.37818652
DIV53,20.10380439,20.23780053,20.81867687,20.95398739,21.3935184,21.36718018
DIV54,22.61561761,22.66996178,23.010689,23.06078347,22.79474199,22.56489748
DIV55,22.57918063,22.56003759,22.63856766,22.38422923,22.36581818,22.47036231
DIV56,21.70783242,21.89603218,22.38354151,21.88149079,21.99296665,21.77580812
DIV57,19.3901748,19.48181166,19.17887375,19.51860815,19.68100659,19.50173463
DIV58,19.78221425,19.70068778,19.76819174,19.96467873,20.32919905,20.21121697
CHSCTAXE,20.75894361,20.80722805,21.03978804,21.19113033,21.28737108,21.33203422
CHSCTBARNSTAPLE,20.15223282,20.14130902,20.24846961,20.13506149,20.25283903,20.09240549
CHSCTBIDEFORD,20.0260784,20.01495793,20.24169522,20.27459332,20.38013025,20.43161839
CHSCTBRAUNTON,19.26443078,19.26682704,19.59581035,19.68916498,19.47726458,19.62072567
CHSCTCREDITON,20.69617318,21.17000455,21.54136417,21.725113,21.69611498,21.68497571
CHSCTCULLOMPTON,20.61256371,20.49557304,20.87532476,20.78906519,20.93594623,20.69451951
CHSCTDAWLISH,20.18912377,20.21452067,20.20091453,20.2688608,20.40162688,20.53985033
CHSCTEXETERCHALL,20.53955012,20.52949571,20.82133906,20.80159452,20.84489122,20.81628846
CHSCTEXETERSYCAMORE,19.82466662,19.93004565,20.07356462,20.04861318,20.01045007,19.90751693
CHSCTEXMOUTH,20.55136974,20.62277089,20.55767702,20.62432776,20.66398212,20.56965892
CHSCTHONITON,20.97613417,21.10277582,21.43911001,21.81111627,21.86097646,21.60049046
CHSCTIVYBRIDGE,20.45924539,20.68130466,20.895545,21.11885589,21.06125678,21.08215318
CHSCTKINGSBRIDGE,21.32687057,21.29906464,21.45995067,21.7276101,21.71546586,21.76605985
CHSCTNABBOT,20.09616575,20.12967683,20.18810576,20.39241196,20.42654968,20.34082957
CHSCTOKE,20.86089908,20.71135524,20.78000179,20.81063526,20.77441161,20.77830969
CHSCTSMOLTON,20.8264538,21.29682161,21.1804608,21.38141571,21.34900586,21.00854102
CHSCTTAVISTOCK,20.20221514,20.17896743,20.39660794,20.57640459,20.62747105,20.42943271
CHSCTTEIGN,20.0643062,20.22437777,20.44744765,20.7291724,21.07487536,21.12475488
CHSCTTIVERTON,20.19560939,20.45431166,20.83200782,21.20201432,21.1437045,21.28725806
CHSCTTORRINGTON,19.75702119,19.9724193,20.10253586,20.00427882,19.76053477,19.96622944
CHSCTTOTNES,20.52428668,20.59841746,20.94698078,21.11401326,21.41229225,21.31713426
Eastern,20.54332427,20.60991227,20.82059672,20.92613575,20.95487691,20.900977
Northern,19.9103896,20.00733121,20.17803007,20.18387396,20.13683522,20.15858713
Southern,20.00049098,20.1046295,20.20980579,20.31080644,20.3694656,20.30869636
Western,19.53577163,19.61043861,19.77541952,19.94911429,20.02978366,20.02980221
