Area,2012,2013,2014,2015,2016
E92000001,,,,,
E12000009,,,,,
E01015023,,,,,
E01015024,,,,,
E01015025,,,,,
E01015026,,,,,
E01015027,,,,,
E01015028,,,,,
E01015029,,,,,
E01015030,,,,,
E01015031,,,,,
E01015032,,,,,
E01015033,,,,,
E01015034,,,,,
E01015035,,,,,
E01015036,,,,,
E01015037,,,,,
E01015038,,,,,
E01015039,,,,,
E01015040,,,,,
E01015041,,,,,
E01015042,,,,,
E01015043,,,,,
E01015044,,,,,
E01015045,,,,,
E01015046,,,,,
E01015047,,,,,
E01015048,,,,,
E01015049,,,,,
E01015050,,,,,
E01015051,,,,,
E01015052,,,,,
E01015053,,,,,
E01015054,,,,,
E01015055,,,,,
E01015056,,,,,
E01015057,,,,,
E01015058,,,,,
E01015059,,,,,
E01015060,,,,,
E01015061,,,,,
E01015062,,,,,
E01015063,,,,,
E01015064,,,,,
E01015065,,,,,
E01015066,,,,,
E01015067,,,,,
E01015068,,,,,
E01015069,,,,,
E01015070,,,,,
E01015071,,,,,
E01015072,,,,,
E01015073,,,,,
E01015074,,,,,
E01015075,,,,,
E01015076,,,,,
E01015077,,,,,
E01015078,,,,,
E01015079,,,,,
E01015080,,,,,
E01015081,,,,,
E01015082,,,,,
E01015083,,,,,
E01015084,,,,,
E01015085,,,,,
E01015086,,,,,
E01015087,,,,,
E01015088,,,,,
E01015089,,,,,
E01015090,,,,,
E01015091,,,,,
E01015092,,,,,
E01015093,,,,,
E01015094,,,,,
E01015095,,,,,
E01015096,,,,,
E01015097,,,,,
E01015098,,,,,
E01015099,,,,,
E01015100,,,,,
E01015101,,,,,
E01015102,,,,,
E01015103,,,,,
E01015104,,,,,
E01015105,,,,,
E01015106,,,,,
E01015107,,,,,
E01015108,,,,,
E01015109,,,,,
E01015110,,,,,
E01015111,,,,,
E01015112,,,,,
E01015113,,,,,
E01015114,,,,,
E01015115,,,,,
E01015116,,,,,
E01015117,,,,,
E01015118,,,,,
E01015119,,,,,
E01015120,,,,,
E01015121,,,,,
E01015122,,,,,
E01015123,,,,,
E01015124,,,,,
E01015125,,,,,
E01015126,,,,,
E01015127,,,,,
E01015128,,,,,
E01015129,,,,,
E01015130,,,,,
E01015131,,,,,
E01015132,,,,,
E01015133,,,,,
E01015134,,,,,
E01015135,,,,,
E01015136,,,,,
E01015137,,,,,
E01015138,,,,,
E01015139,,,,,
E01015140,,,,,
E01015141,,,,,
E01015142,,,,,
E01015143,,,,,
E01015144,,,,,
E01015145,,,,,
E01015146,,,,,
E01015147,,,,,
E01015148,,,,,
E01015149,,,,,
E01015150,,,,,
E01015151,,,,,
E01015152,,,,,
E01015153,,,,,
E01015155,,,,,
E01015156,,,,,
E01015157,,,,,
E01015158,,,,,
E01015159,,,,,
E01015160,,,,,
E01015161,,,,,
E01015162,,,,,
E01015163,,,,,
E01015164,,,,,
E01015165,,,,,
E01015166,,,,,
E01015167,,,,,
E01015168,,,,,
E01015169,,,,,
E01015170,,,,,
E01015171,,,,,
E01015172,,,,,
E01015173,,,,,
E01015174,,,,,
E01015175,,,,,
E01015176,,,,,
E01015177,,,,,
E01015178,,,,,
E01015179,,,,,
E01015180,,,,,
E01015181,,,,,
E01015182,,,,,
E01015183,,,,,
E01015184,,,,,
E01015185,,,,,
E01015186,,,,,
E01015187,,,,,
E01015188,,,,,
E01015189,,,,,
E01015190,,,,,
E01015191,,,,,
E01015192,,,,,
E01015193,,,,,
E01015194,,,,,
E01015195,,,,,
E01015196,,,,,
E01015197,,,,,
E01015198,,,,,
E01015199,,,,,
E01015200,,,,,
E01015201,,,,,
E01015202,,,,,
E01015203,,,,,
E01015204,,,,,
E01015205,,,,,
E01015206,,,,,
E01015207,,,,,
E01015208,,,,,
E01015209,,,,,
E01015210,,,,,
E01015211,,,,,
E01015212,,,,,
E01015213,,,,,
E01015214,,,,,
E01015215,,,,,
E01015216,,,,,
E01015217,,,,,
E01015218,,,,,
E01015219,,,,,
E01015220,,,,,
E01015221,,,,,
E01015222,,,,,
E01015223,,,,,
E01015224,,,,,
E01015225,,,,,
E01015226,,,,,
E01015227,,,,,
E01015228,,,,,
E01015229,,,,,
E01015230,,,,,
E01015231,,,,,
E01015232,,,,,
E01015233,,,,,
E01015234,,,,,
E01015235,,,,,
E01015236,,,,,
E01015237,,,,,
E01015238,,,,,
E01015239,,,,,
E01015240,,,,,
E01015241,,,,,
E01015242,,,,,
E01015243,,,,,
E01015244,,,,,
E01015245,,,,,
E01015246,,,,,
E01015247,,,,,
E01015248,,,,,
E01015249,,,,,
E01015250,,,,,
E01015251,,,,,
E01015252,,,,,
E01015253,,,,,
E01015254,,,,,
E01015255,,,,,
E01015256,,,,,
E01015257,,,,,
E01015258,,,,,
E01015259,,,,,
E01015260,,,,,
E01015261,,,,,
E01015262,,,,,
E01015263,,,,,
E01015264,,,,,
E01015265,,,,,
E01015266,,,,,
E01015267,,,,,
E01015268,,,,,
E01015269,,,,,
E01015270,,,,,
E01015271,,,,,
E01019886,166.0583942,158.8447653,106.6176471,125,330.5369128
E01019887,188.3116883,224.025974,220.8201893,318.6119874,579.6178344
E01019888,152.6315789,85.42713568,87.17948718,153.8461538,193.5483871
E01019889,102.5641026,79.42238267,81.27208481,173.1448763,182.4324324
E01019890,117.0568562,73.089701,53.33333333,30,100.9771987
E01019891,49.12280702,88.02816901,52.63157895,87.71929825,66.66666667
E01019892,79.41176471,131.403118,207.6271186,300.8474576,388.101983
E01019893,125,106.870229,105.6511057,184.2751843,198.1481481
E01019894,105.2631579,50.72463768,73.52941176,66.17647059,281.4814815
E01019895,0,#,72.91666667,31.25,#
E01019896,169.2307692,111.1111111,137.5661376,52.91005291,71.85628743
E01019897,196.0227273,90.09009009,86.30952381,71.42857143,136.4985163
E01019898,35.04043127,#,83.12958435,17.11491443,35.1758794
E01019899,110.6557377,45.87155963,110.6719368,126.4822134,304.1666667
E01019900,59.92509363,65.93406593,49.64539007,74.46808511,69.68641115
E01019901,25.86206897,42.01680672,56.03448276,99.13793103,27.52293578
E01019902,119.3181818,125.3405995,85.87257618,44.32132964,136.4985163
E01019903,71.61803714,74.46808511,67.20430108,32.25806452,19.23076923
E01019904,170.5685619,197.1830986,125.8741259,216.7832168,210.8843537
E01019905,52.89672544,49.47916667,#,40.10695187,#
E01019906,48.50746269,29.3040293,109.4339623,113.2075472,#
E01019907,85.60311284,63.43283582,37.31343284,67.1641791,73.7704918
E01019908,90.54325956,94.45585216,136.8015414,125.2408478,272.3658052
E01019909,53.51170569,82.50825083,26.75585284,50.16722408,157.5342466
E01019910,83.87096774,143.75,74.76635514,168.2242991,156.8047337
E01019911,84.84848485,65.0887574,60.60606061,42.42424242,89.38547486
E01019912,103.5856574,86.20689655,121.6216216,90.09009009,90.49773756
E01019913,#,45.80152672,#,102.3622047,#
E01019914,322.5108225,188.559322,156.4356436,205.9405941,436.1054767
E01019915,35.97122302,102.5641026,51.09489051,47.44525547,138.7900356
E01019916,150.1272265,134.8837209,167.0428894,182.8442438,274.8815166
E01019917,95.10086455,97.14285714,85.71428571,91.42857143,40.22988506
E01019918,164.1221374,153.5580524,67.19367589,118.5770751,234.5679012
E01019919,143.9790576,107.5268817,116.6666667,152.7777778,149.5844875
E01019920,221.8649518,139.3188854,156.4417178,131.9018405,155.4878049
E01019921,161.3832853,106.7073171,97.92284866,195.8456973,129.1291291
E01019922,214.057508,187.1165644,215.339233,268.4365782,572.755418
E01019923,303.3707865,205.9925094,169.9604743,138.3399209,397.4895397
E01019924,65.57377049,154.494382,179.3478261,163.0434783,237.3333333
E01019925,65.97222222,22.05882353,88.96797153,24.91103203,60.93189964
E01019927,134.6153846,227.4678112,185.9504132,264.4628099,549.1071429
E01019928,298.4615385,154.340836,220.2797203,174.8251748,146.6666667
E01019929,40.625,97.71986971,84.69055375,198.6970684,158.5760518
E01019930,91.30434783,140.969163,58.33333333,91.66666667,230.7692308
E01019931,67.79661017,55.81395349,#,105.7692308,65.32663317
E01019932,281.4814815,352,207.4688797,215.7676349,258.6872587
E01019933,145.0777202,116.751269,97.08737864,169.9029126,193.5483871
E01019934,159.0106007,122.6765799,174.2160279,324.0418118,214.5454545
E01019935,52.94117647,67.41573034,#,81.39534884,#
E01019936,103.8251366,111.7647059,86.41975309,86.41975309,157.8947368
E01019937,165.7754011,80.51948052,128.0653951,174.386921,167.5675676
E01019938,38.96103896,69.82543641,66.66666667,89.74358974,96.93877551
E01019939,41.66666667,31.57894737,31.03448276,65.51724138,126.7123288
E01019940,0,26.81992337,#,57.34767025,56.39097744
E01019942,148.5148515,111.4058355,116.8478261,76.08695652,138.3285303
E01019943,73.65439093,141.6666667,34.09090909,105.1136364,169.0140845
E01019944,125.7309942,84.98583569,103.8575668,97.92284866,278.8203753
E01019945,51.22494432,35.0877193,103.1390135,145.7399103,118.6440678
E01019946,72.36842105,147.4358974,99.37888199,130.4347826,71.89542484
E01019947,362.7906977,145.5399061,179.3721973,103.1390135,272.3004695
E01019948,88.88888889,110.5263158,50.56179775,73.03370787,60.10928962
E01019949,136.0946746,53.25443787,47.90419162,113.7724551,196.8085106
E01019950,294.1176471,191.7098446,94.97206704,318.4357542,258.6206897
E01019951,45.13888889,27.49140893,82.19178082,37.67123288,77.20588235
E01019952,68.27309237,95.65217391,125.4901961,70.58823529,101.2658228
E01019953,186.6028708,224.4897959,175.879397,175.879397,241.025641
E01019954,245.9459459,257.8125,200.4716981,224.0566038,338.0614657
E01019955,186.440678,209.1503268,94.59459459,145.2702703,150.1706485
E01019956,30,164.2512077,115.3846154,129.8076923,170
E01019957,71.42857143,78.0141844,#,104.1666667,94.59459459
E01019958,155.4054054,99.66777409,81.9112628,71.67235495,143.8356164
E01019959,97.45762712,75,65.63706564,27.02702703,48
E01019960,147.9099678,36.66666667,45.01607717,45.01607717,47.16981132
E01019961,32.89473684,43.76367615,54.34782609,36.95652174,42.1286031
E01019962,59.42622951,60.92436975,36.01694915,36.01694915,95.94882729
E01019963,85.63535912,28.8184438,30.72625698,#,61.33333333
E01019964,0,24.64788732,40.54054054,43.91891892,24.73498233
E01019965,39.90024938,56.47058824,32.78688525,63.23185012,141.2037037
E01019966,52.91005291,101.1904762,43.75,162.5,0
E01019967,72.64957265,52.40174672,#,34.7826087,92.82700422
E01019968,76.92307692,76.33587786,70.89552239,85.82089552,174.0740741
E01019969,118.7214612,127.2727273,138.3928571,151.7857143,153.1914894
E01019970,59.02777778,79.31034483,69.53642384,49.66887417,56.33802817
E01019971,304.72103,165.9388646,179.8245614,171.0526316,286.8852459
E01019972,159.375,143.2748538,96.49122807,108.1871345,294.1176471
E01019973,70.92198582,41.2371134,23.97260274,47.94520548,63.82978723
E01019974,155.5555556,188.3408072,85.58558559,99.0990991,103.4482759
E01019975,338.2716049,285,132.8502415,350.2415459,475.177305
E01019976,85.97285068,59.9078341,79.16666667,108.3333333,32.5203252
E01019977,123.8670695,95.84664537,104.9180328,173.7704918,97.97297297
E01019980,229.0076336,266.6666667,210.1265823,237.9746835,305.8823529
E01019981,289.6174863,235.9882006,298.2954545,252.8409091,472.9344729
E01019982,250,197.740113,269.541779,229.1105121,377.7777778
E01019983,111.1111111,78.29181495,67.56756757,155.4054054,142.8571429
E01019984,21.27659574,64.30868167,50.50505051,67.34006734,76.38888889
E01019985,340.3141361,247.3404255,162.601626,289.9728997,364.1304348
E01019986,138.8012618,64.41717791,53.15614618,49.83388704,46.97986577
E01019987,147.0588235,94.54545455,122.0338983,122.0338983,206.2937063
E01019988,62.04379562,84.80565371,145.4545455,163.6363636,163.6363636
E01019989,56.81818182,46.692607,33.19502075,62.2406639,68.6695279
E01019990,239.8843931,230.7692308,247.4747475,207.0707071,378.4461153
E01019991,211.0552764,190.3614458,201.4563107,332.5242718,307.3286052
E01019992,238.9937107,186.0465116,165.1376147,155.9633028,270.1863354
E01019993,#,26.17801047,#,53.39805825,116.8224299
E01019994,212.7659574,145.1612903,146.6666667,164.4444444,94.59459459
E01019995,231.1557789,322.2748815,171.5686275,186.2745098,303.6649215
E01019996,60.81081081,58.44155844,59.60264901,112.5827815,319.4444444
E01019997,35.71428571,60,75.18796992,52.63157895,72
E01019998,167.9104478,49.64539007,118.8811189,80.41958042,60.07067138
E01019999,83.33333333,73.17073171,55.04587156,73.39449541,28.98550725
E01020000,181.4516129,88.8030888,101.0452962,170.7317073,186.3799283
E01020001,#,#,34.28571429,0,0
E01020002,164.7058824,115.2737752,89.13649025,175.4874652,136.2530414
E01020003,41.17647059,137.7245509,250.7739938,219.8142415,226.8370607
E01020004,51.72413793,49.46996466,#,48.7804878,86.46616541
E01020005,279.296875,258,277.7777778,238.6831276,493.5622318
E01020006,159.7374179,141.5929204,197.5051975,145.5301455,163.3064516
E01020007,75,72.28915663,#,62.14689266,109.8901099
E01020008,39.10614525,124.3781095,105,70,215.3110048
E01020009,40.6779661,50.16722408,89.04109589,61.64383562,158.9403974
E01020010,331.9838057,273.4530938,263.5983264,378.6610879,452.4312896
E01020011,146.3414634,110,94.44444444,122.2222222,65.32663317
E01020012,151.6034985,170.9401709,218.6588921,148.6880466,350.5747126
E01020013,366.7953668,201.5810277,124.5136187,182.8793774,108.6956522
E01020014,507.8947368,401.0695187,309.9730458,312.6684636,729.0502793
E01020015,377.1428571,360.3960396,419.4831014,284.2942346,444.6721311
E01020016,321.2435233,284.9740933,210.5263158,268.4210526,265.4028436
E01020017,261.6487455,224.025974,154.3209877,55.55555556,116.5644172
E01020018,163.2653061,127.0718232,194.8051948,220.7792208,288.8888889
E01020019,175,80,141.025641,166.6666667,74.62686567
E01020020,179.8561151,40.26845638,194.4444444,145.8333333,262.7737226
E01020021,77.46478873,111.1111111,49.38271605,#,162.3376623
E01020022,316.1290323,227.5862069,286.6666667,233.3333333,278.1954887
E01020023,33.2594235,36.7816092,13.39285714,80.35714286,99.36575053
E01020024,#,162.5,233.2268371,54.31309904,28.03738318
E01020025,62.5,113.28125,58.09128631,87.13692946,136.9294606
E01020026,85.80858086,50,65.57377049,52.45901639,64.98194946
E01020027,164.3835616,104.4303797,32.36245955,67.96116505,119.047619
E01020029,63.49206349,81.25,53.15614618,93.02325581,59.80066445
E01020030,214.7239264,188.7323944,154.9295775,208.4507042,224.2744063
E01020031,118.3098592,137.8378378,132.7913279,130.0813008,119.8979592
E01020032,154.1666667,155.7377049,102.5641026,153.8461538,201.754386
E01020033,185.5955679,167.0822943,169.6428571,180.8035714,280.6652807
E01020035,74.25742574,61.9047619,27.89699571,75.10729614,325.3833049
E01020036,241.4860681,193.3534743,179.8107256,268.1388013,238.0952381
E01020037,393.2926829,204.2682927,300,212.1212121,476.6081871
E01020038,52.26480836,53.00353357,134.4827586,110.3448276,266.6666667
E01020039,429.9065421,271.4932127,244.1860465,313.9534884,428.1984334
E01020040,132.0754717,88.88888889,89.84375,97.65625,108.6142322
E01020041,173.7373737,131.9587629,166.6666667,231.372549,309.6153846
E01020042,187.7133106,51.54639175,75.86206897,34.48275862,71.17437722
E01020043,179.7323136,114.3984221,101.010101,165.6565657,180.5825243
E01020044,32.5443787,78.07807808,26.86567164,62.68656716,36.03603604
E01020045,79.26829268,74.91856678,46.20462046,128.7128713,129.3375394
E01020046,26.94610778,64.22018349,44.91017964,113.7724551,60.60606061
E01020047,62.99212598,72.02216066,124.3243243,94.59459459,102.2099448
E01020048,272.3112128,245.4545455,194.7115385,293.2692308,391.8918919
E01020049,96.63865546,26.9058296,27.64976959,23.04147465,#
E01020050,84.54810496,74.17582418,20.40816327,119.5335277,146.627566
E01020051,112,93.02325581,117.1548117,62.76150628,264.8401826
E01020052,126.3157895,148.0519481,159.7938144,157.2164948,303.1914894
E01020053,151.8324607,148.3375959,217.1581769,246.6487936,301.3333333
E01020054,100,85.4368932,96.07843137,178.4313725,181.6479401
E01020055,340.2061856,213.7203166,236.6197183,222.5352113,274.566474
E01020056,111.9221411,50.12531328,52.63157895,32.58145363,59.3824228
E01020057,267.8132678,252.7472527,147.8599222,132.2957198,287.1287129
E01020058,98.40425532,92.07161125,80.11049724,66.29834254,317.1428571
E01020059,83.83233533,82.84023669,62.74509804,109.8039216,76.61290323
E01020060,148.2889734,128.2051282,112.3188406,188.4057971,365.3136531
E01020061,125.2699784,79.12087912,102.6694045,98.56262834,202.8688525
E01020062,#,43.47826087,58.82352941,110.2941176,37.03703704
E01020063,145.3154876,111.328125,52.83757339,138.9432485,237.7358491
E01020064,104.5454545,58.69074492,62.92134831,123.5955056,123.0769231
E01020065,159.4684385,142.1052632,98.80749574,107.3253833,194.1747573
E01020066,83.01404853,86.58536585,67.68837803,75.35121328,106.25
E01020067,319.218241,283.3876221,249.5974235,246.3768116,354.3307087
E01020068,53.4351145,82.03125,65.2173913,36.23188406,114.5038168
E01020069,89.82035928,42.68292683,56.07476636,124.6105919,102.2364217
E01020070,58.82352941,93.92265193,55.23255814,78.48837209,231.6715543
E01020071,74.25742574,83.13539192,65.65656566,174.2424242,138.6666667
E01020072,21.53846154,77.84431138,39.03903904,45.04504505,43.61370717
E01020073,113.28125,114.6245059,107.8066914,208.1784387,173.4317343
E01020074,83.33333333,63.49206349,62.5,53.24074074,30.37383178
E01020075,45.34005038,46.68304668,49.5049505,12.37623762,73.52941176
E01020076,109.6605744,56.26598465,70.12987013,111.6883117,188.976378
E01020077,86.56716418,72.46376812,35.82089552,#,63.44410876
E01020078,184.8184818,249.1582492,177.7777778,177.7777778,282.5396825
E01020079,122.923588,121.2121212,210.8843537,380.952381,308.7719298
E01020080,114.4278607,93.75,181.372549,#,167.5675676
E01020081,105.8020478,81.56028369,138.576779,194.7565543,283.6879433
E01020082,87.37864078,72.72727273,188.5964912,144.7368421,#
E01020083,138.2405745,60.37735849,80.43875686,122.4862888,128.8566243
E01020084,84.90566038,76.2195122,89.17197452,98.72611465,289.1986063
E01020085,113.8613861,66.17647059,53.39805825,99.51456311,134.2105263
E01020086,77.19298246,44.36860068,60.28368794,35.46099291,114.5038168
E01020087,128.6173633,83.33333333,81.76100629,103.7735849,96.27329193
E01020088,76.38888889,103.7735849,74.51923077,50.48076923,35
E01020089,58.69565217,82.49496982,61.89555126,56.09284333,111.5311909
E01020090,54.83870968,87.94788274,16.07717042,#,90.90909091
E01020091,#,73.59307359,45.83333333,54.16666667,80.97165992
E01020092,48.7804878,#,53.47593583,96.25668449,24.63054187
E01020093,157.8947368,67.37588652,148.6988848,81.78438662,166.6666667
E01020094,201.7167382,265.4867257,197.4248927,231.7596567,319.6347032
E01020095,282.6666667,152.173913,239.1304348,301.6304348,642.2976501
E01020096,153.3101045,139.0728477,112.6760563,179.5774648,44.7761194
E01020097,57.55395683,34.9127182,50.63291139,53.16455696,28.49740933
E01020098,59.13978495,67.56756757,71.83908046,143.6781609,112.0689655
E01020099,47.82608696,54.54545455,28.16901408,61.03286385,205
E01020100,38.88888889,123.0769231,70.27027027,64.86486486,189.6551724
E01020101,199.2619926,193.6758893,152.9411765,286.2745098,472.7272727
E01020102,76.92307692,34.3980344,48.8372093,93.02325581,62.5
E01020103,164.6489104,259.8253275,232.1792261,303.4623218,590.7258065
E01020104,180.4511278,174.6031746,222.9508197,350.8196721,475.9493671
E01020105,107.6923077,96.96969697,55.38461538,120,197.4110032
E01020106,59.70149254,#,57.97101449,#,87.83783784
E01020107,114.2857143,127.9069767,109.7560976,117.8861789,179.0393013
E01020108,100.2386635,56.73758865,62.20095694,45.45454545,86.85446009
E01020109,60.71428571,61.5942029,27.77777778,38.19444444,83.33333333
E01020110,143.0894309,96.67194929,113.7820513,73.71794872,96.12141653
E01020111,484.1498559,190.6158358,232.6283988,308.1570997,288.02589
E01020112,305.5555556,260.1880878,225.3521127,316.9014085,988.7640449
E01020113,167.2240803,291.3907285,305.4662379,189.7106109,383.6477987
E01020114,152.7272727,82.73381295,92.93680297,144.9814126,299.5951417
E01020115,82.12560386,69.65174129,99.05660377,99.05660377,165.1376147
E01020116,294.7976879,131.8051576,173.2522796,249.2401216,366.7711599
E01020117,59.52380952,56.4516129,92.74193548,92.74193548,165.9751037
E01020118,196.7654987,122.8571429,173.0205279,184.7507331,346.0410557
E01020119,41.28440367,57.97101449,25,110,252.688172
E01020120,44.66501241,31.0880829,20.51282051,12.82051282,66.83804627
E01020121,178.9976134,152.4249423,141.1764706,249.4117647,236.6589327
E01020122,#,#,70.94594595,84.45945946,74.19354839
E01020123,131.4878893,233.5766423,170.1244813,257.2614108,667.7852349
E01020124,107.6923077,65.32663317,48.30917874,101.4492754,543.4782609
E01020125,#,29.41176471,105.5555556,27.77777778,94.97206704
E01020126,#,88.78504673,94.05940594,59.40594059,108.1081081
E01020127,16.90140845,20.46783626,34.39153439,39.68253968,64
E01020128,50.42016807,28.07017544,126.1538462,98.46153846,47.77070064
E01020129,295.5465587,207.4688797,240.1574803,236.2204724,350.5976096
E01020130,238.6363636,85.04398827,120.4481793,145.6582633,160
E01020131,53.69127517,137.3873874,84.6325167,109.1314031,63.92694064
E01020132,47.76119403,73.17073171,54.14012739,76.43312102,86.95652174
E01020133,96.02649007,38.46153846,17.92114695,89.60573477,129.4964029
E01020134,292.4901186,172.6618705,134.4827586,265.5172414,500
E01020135,53.82436261,129.0322581,122.5626741,208.913649,216.2921348
E01020136,355.987055,126.1261261,156.9767442,159.8837209,176.2917933
E01020137,105.2631579,106.5292096,167.8832117,226.2773723,213.5231317
E01020138,50.2283105,98.43400447,59.36073059,109.5890411,245.6521739
E01020139,374.5318352,220.5323194,190.1408451,306.3380282,176.6784452
E01020140,100,125,104.7120419,261.7801047,421.875
E01020141,235.0674374,287.9078695,201.1494253,235.6321839,538.3141762
E01020142,61.34969325,68.31119545,105.3604436,68.39186691,118.9189189
E01020143,74.24593968,47.61904762,60.60606061,60.60606061,131.0344828
E01020144,#,#,27.02702703,#,50.44510386
E01020145,37.61755486,73.17073171,82.0668693,82.0668693,204.1420118
E01020146,#,25.86206897,21.27659574,72.34042553,74.23580786
E01020147,59.70149254,48.19277108,27.23735409,35.01945525,38.75968992
E01020148,25.86206897,49.32735426,64.51612903,27.64976959,69.44444444
E01020149,28.34008097,107.1428571,141.2639405,133.8289963,225.0922509
E01020150,83.59133127,69.27710843,84.84848485,27.27272727,27.77777778
E01020151,181.8181818,108.4337349,105.2631579,93.56725146,162.3376623
E01020152,58.82352941,70.86614173,83.33333333,83.33333333,70.42253521
E01020153,51.85185185,#,64,#,91.66666667
E01020154,63.82978723,158.2278481,91.21621622,135.1351351,235.6902357
E01020155,202.5862069,333.3333333,179.8245614,271.9298246,651.8218623
E01020156,43.47826087,83.10991957,29.8102981,59.62059621,113.3144476
E01020157,35.0877193,44.345898,60.34482759,112.0689655,94.62365591
E01020158,50.31446541,101.2658228,31.05590062,71.42857143,133.126935
E01020159,52.08333333,#,22.80130293,100.9771987,125.3918495
E01020160,100,94.43099274,76.37231504,95.46539379,138.8174807
E01020161,218.8679245,141.4342629,91.81636727,143.7125749,229.9794661
E01020162,99.75062344,74.16879795,96.93877551,68.87755102,150.3759398
E01020163,63.87665198,34.48275862,67.91569087,100.7025761,172.2488038
E01020164,88.57142857,127.5362319,90.90909091,102.6392962,112.1212121
E01020165,125.6544503,60,63.61323155,38.16793893,80.93994778
E01020166,29.22077922,32.89473684,32.78688525,16.39344262,45.30744337
E01020167,#,#,34.92063492,60.31746032,87.66233766
E01020168,98.93048128,186.9688385,108.5043988,111.4369501,153.6231884
E01020169,60.92436975,110.1871102,79.33194154,73.06889353,53.64806867
E01020170,34.18803419,66.29834254,24.45652174,35.32608696,25.78796562
E01020171,#,#,38.79310345,38.79310345,80.16877637
E01020172,39.85507246,112.6760563,78.17589577,58.63192182,106.5292096
E01020173,39.3258427,57.80346821,77.84431138,65.86826347,39.73509934
E01020174,59.3220339,60.60606061,34.04255319,29.78723404,42.37288136
E01020175,#,#,32.84671533,76.64233577,125.4480287
E01020176,142.0765027,59.52380952,45.45454545,68.18181818,#
E01020177,267.3992674,249.1467577,245.4873646,173.2851986,272.7272727
E01020178,112.3188406,43.04635762,52.45901639,45.90163934,30.48780488
E01020179,27.02702703,54.26356589,25.17985612,35.97122302,49.46996466
E01020180,117.0483461,152.2248244,149.6598639,149.6598639,217.1945701
E01020181,100.591716,253.5612536,175.4385965,169.5906433,168.6046512
E01020182,99.43181818,192.8783383,121.1180124,161.4906832,219.1358025
E01020183,54.29864253,122.8070175,112.1495327,107.4766355,88.23529412
E01020184,109.0909091,149.4661922,76.92307692,87.41258741,110.2661597
E01020185,#,61.9047619,100,78.94736842,142.8571429
E01020186,#,29.41176471,38.04347826,32.60869565,33.89830508
E01020187,96.85863874,62.67029973,89.67391304,76.08695652,63.18681319
E01020188,54.79452055,61.66219839,38.78116343,55.40166205,102.3391813
E01020189,104.815864,85.33333333,140.9921671,117.4934726,146.1538462
E01020190,25.51020408,96.1038961,104.9868766,57.74278215,123.9130435
E01020191,86.20689655,122.6415094,95.89041096,73.05936073,245.9016393
E01020192,#,39.21568627,70.24793388,37.19008264,150
E01020193,15.24390244,14.57725948,59.65909091,62.5,54.75504323
E01020194,59.60264901,45.75163399,77.88161994,68.53582555,96.96969697
E01020195,165.3333333,163.0434783,103.1746032,129.6296296,230.5555556
E01020196,118.0124224,167.1826625,159.2356688,200.6369427,238.3900929
E01020197,148.7179487,82.4742268,71.42857143,45.91836735,26.73796791
E01020198,201.9230769,126.6233766,131.8327974,199.3569132,293.3753943
E01020199,126.6490765,160.5633803,140.8450704,239.4366197,142.8571429
E01020200,91.60305344,43.47826087,95.58823529,80.88235294,85.27131783
E01020201,38.83495146,95.23809524,79.20792079,103.960396,25.77319588
E01020202,112.1076233,56.76855895,72.79693487,76.62835249,271.5231788
E01020203,60.71428571,47.78156997,41.66666667,17.36111111,17.79359431
E01020204,153.1322506,186.3207547,179.138322,117.9138322,266.6666667
E01020205,0,53.92156863,44.33497537,24.63054187,110.0478469
E01020206,33.11258278,107.4918567,115.755627,61.09324759,117.4496644
E01020207,70.53941909,108.3916084,120.9439528,159.2920354,278.5087719
E01020208,268.2926829,151.2027491,170.0680272,142.8571429,176.6784452
E01020209,121.7105263,114.7540984,183.3333333,146.6666667,212.9032258
E01020210,#,28.08988764,38.67403315,38.67403315,77.3480663
E01020211,435.8974359,203.8567493,272.7272727,239.6694215,221.0526316
E01020212,338.2352941,354.2435424,257.9365079,146.8253968,556.8627451
E01020213,213.2352941,288.8086643,266.6666667,308.7719298,252.559727
E01020214,138.4615385,177.8656126,136.5461847,124.497992,168
E01020215,#,0,59.45945946,64.86486486,30.92783505
E01020216,312.5,199.0846682,200.913242,289.9543379,312.7962085
E01020217,218.9542484,193.5483871,167.2131148,203.2786885,195.1951952
E01020218,170.9090909,233.5766423,195.035461,117.0212766,265.993266
E01020219,155.3191489,200.4132231,185.7142857,165.3061224,182.3770492
E01020220,178.5714286,104.1666667,108.2621083,102.5641026,90.65934066
E01020221,40,65.78947368,60.77348066,71.82320442,142.8571429
E01020222,#,30.07518797,43.79562044,36.49635036,65.63706564
E01020223,117.9941003,130.1587302,112.1794872,189.1025641,146.2585034
E01020224,251.4792899,225.1461988,184.7133758,207.0063694,332.2368421
E01020225,175.4385965,191.5584416,222.2222222,185.1851852,361.1111111
E01020226,42.65402844,142.1800948,119.8156682,193.5483871,376.146789
E01020227,61.30268199,102.3622047,60.37735849,60.37735849,31.74603175
E01020228,81.08108108,163.2653061,150,183.3333333,144.8598131
E01020229,126.4822134,92.19858156,104.3956044,115.3846154,143.2291667
E01020230,96.89922481,116.9811321,88.46153846,100,271.3178295
E01020231,35.46099291,44.98269896,128.7878788,143.9393939,243.7275986
E01020232,166.2650602,144.963145,95.45454545,102.2727273,192.5601751
E01020233,43.06220096,74.76635514,49.01960784,63.7254902,65.32663317
E01020234,127.7258567,151.6129032,148.1481481,219.1358025,287.5399361
E01020235,65.93406593,135.0364964,138.1818182,109.0909091,101.1235955
E01020236,63.63636364,22.52252252,61.2244898,107.1428571,86.29441624
E01020237,87.94788274,44.36860068,29.8013245,26.49006623,38.06228374
E01020238,81.1965812,38.29787234,29.41176471,50.42016807,55.31914894
E01020239,119.1489362,133.6206897,84.82142857,62.5,122.5490196
E01020240,72,67.72908367,125,150.862069,141.9354839
E01020241,67.56756757,36.11111111,122.1590909,65.34090909,64.32748538
E01020242,46.51162791,34.38395415,61.8336887,87.42004264,106.1571125
E01020243,111.1111111,64.51612903,93.45794393,74.76635514,79.81220657
E01020244,128.113879,117.2161172,142.8571429,89.28571429,251.9685039
E01020245,70.92198582,28.88086643,63.90977444,97.7443609,106.4638783
E01020246,148.1481481,135.9223301,128.8659794,201.0309278,267.7595628
E01020247,201.7804154,190.0311526,191.2225705,326.0188088,136.3636364
E01020248,132.5757576,103.5856574,92.93680297,96.65427509,307.4324324
E01020249,38.0952381,51.02040816,85.56149733,37.43315508,42.32804233
E01020250,84.55882353,113.5531136,81.85053381,64.0569395,94.33962264
E01020251,195.2054795,72.4137931,20.54794521,17.12328767,120.9964413
E01020252,138.3399209,206.8965517,122.605364,80.45977011,86.95652174
E01020253,24.63054187,58.08080808,51.02040816,38.26530612,88.70967742
E01020254,135.7142857,145.3287197,163.5220126,91.19496855,383.3333333
E01020255,152.6104418,130.0813008,141.0788382,195.0207469,121.2121212
E01020256,118.5897436,150.3267974,35.46099291,42.55319149,89.34707904
E01020257,42.55319149,52.40174672,50,40.90909091,116.3793103
E01020258,49.46996466,45.29616725,71.67235495,88.73720137,134.2756184
E01020259,33.33333333,84.21052632,78.2122905,162.0111732,79.26829268
E01020260,98.9010989,31.91489362,74.71264368,132.183908,75.67567568
E01020261,108.5972851,41.86046512,61.53846154,87.17948718,62.1761658
E01020262,50,61.79775281,63.29113924,107.5949367,184.0490798
E01020263,31.39013453,#,22.12389381,44.24778761,26.08695652
E01020264,169.9029126,172.7272727,211.7117117,126.1261261,223.8095238
E01020265,104.4776119,38.46153846,61.4334471,54.60750853,218.4300341
E01020266,81.232493,90.11627907,87.34939759,81.3253012,65.0887574
E01020267,23.62204724,67.72908367,70.24793388,99.17355372,73.7704918
E01020268,148.5714286,80.40201005,106.9958848,90.53497942,153.256705
E01020269,161.2903226,221.0526316,195.2662722,100.591716,235.7142857
E01020270,135.6466877,51.94805195,60.60606061,96.96969697,135.2112676
E01020271,197.0588235,132.9479769,129.6296296,89.50617284,160.6060606
E01020272,416.502947,386.407767,328.8201161,133.4622824,426.035503
E01020273,35.58718861,35.97122302,55.76208178,59.4795539,45.11278195
E01020274,#,48.88888889,43.85964912,30.70175439,25.3164557
E01020275,122.4489796,42.42424242,136.3636364,68.18181818,129.4117647
E01020276,40.16064257,39.0625,71.42857143,93.98496241,116
E01020277,287.037037,245.4873646,182.5095057,283.269962,428.5714286
E01020278,37.57225434,117.47851,102.7190332,154.0785498,276.4705882
E01020279,281.0902896,200.6125574,168.6217009,259.5307918,521.8658892
E01020280,299.7811816,231.6513761,175.7990868,228.3105023,261.6407982
E01020281,24.81389578,41.36253041,74.82993197,72.56235828,79.25407925
E01020282,164.556962,92.71523179,100.9463722,107.2555205,211.0091743
E01020283,162.3931624,168.9497717,58.55855856,94.59459459,98.63945578
E01020284,159.6638655,189.9791232,331.9327731,207.9831933,507.3068894
E01020285,215.4150198,172.2113503,118,236,318.4584178
E01020286,71.64179104,74.92795389,66.66666667,101.4492754,285.3107345
E01020287,20.92050209,#,49.38271605,98.7654321,159.4202899
E01020288,133.5616438,87.10801394,95.23809524,170.0680272,132.8671329
E01020289,81.4479638,24.50980392,60.74766355,74.76635514,154.2056075
E01020290,25.27075812,106.2271062,39.0070922,63.82978723,158.6715867
E01020291,58.25242718,89.70099668,95.08196721,85.24590164,238.5620915
E01020292,93.98496241,27.77777778,174.2424242,185.6060606,36.63003663
E01020293,154.3778802,152.2248244,107.5794621,61.12469438,134.5177665
E01020294,250.6527415,212.1212121,205.3571429,254.4642857,392.5233645
E01020295,96.15384615,75.90759076,132.9113924,56.96202532,151.7241379
E01020296,80.70175439,#,53.23193916,22.81368821,#
E01020297,130.9904153,190.9385113,172.6384365,234.5276873,194.3573668
E01020298,177.6315789,55.90062112,101.5384615,83.07692308,205.1282051
E01020299,46.41350211,77.86885246,76.27118644,199.1525424,214.8760331
E01020300,71.42857143,49.10714286,54.39330544,71.12970711,90.90909091
E01020301,27.90697674,86.16780045,118.3574879,70.04830918,171.5039578
E01020302,290.5198777,140.1869159,153.125,106.25,191.8238994
E01020303,109.375,147.1698113,45.80152672,114.5038168,147.5409836
E01020304,154.8913043,80.42895442,122.8571429,82.85714286,210.6741573
E01020305,130.6532663,88.54166667,94.33962264,231.1320755,190.2439024
E01020306,90.25270758,75.47169811,62.04379562,47.44525547,32.14285714
E01020307,211.7647059,173.8095238,167.9389313,157.7608142,283.919598
E01020308,#,60.49822064,27.77777778,100.6944444,90.57971014
E01020309,89.04109589,31.80212014,96.42857143,132.1428571,204.620462
E01020310,139.7379913,99.0990991,103.286385,192.4882629,141.509434
E01020311,38.78116343,102.4930748,74.07407407,102.5641026,171.1956522
E01020312,517.699115,175.1152074,61.9047619,61.9047619,68.96551724
E01020313,183.6065574,151.4195584,205.7877814,96.46302251,166.1016949
E01020314,57.04697987,61.01694915,65.35947712,68.62745098,72.13114754
E01020315,114.8648649,47.13804714,65.97222222,79.86111111,73.33333333
E01020316,0,15.01501502,39.87730061,27.60736196,92.02453988
E01020317,32.11009174,27.77777778,89.20187793,117.370892,38.46153846
E01020318,41.84100418,54.85232068,85.10638298,42.55319149,32.9218107
E01020319,98.48484848,89.88764045,52.04460967,126.394052,298.8505747
E01020320,41.19850187,60.97560976,30.56768559,#,150.4065041
E01020321,69.93006993,152.2727273,96.84684685,123.8738739,108.1730769
E01020322,176.7810026,90.90909091,61.33333333,170.6666667,297.6939203
E01020323,279.4612795,132.1428571,77.19298246,214.0350877,372.8222997
E01020324,129.4642857,39.21568627,45.22613065,95.47738693,105.5276382
E01020325,136.2229102,118.2108626,160.5351171,93.64548495,229.5597484
E01020326,166.6666667,139.5348837,115.3846154,175.4807692,309.6446701
E01020327,180.5157593,110.1190476,105.1051051,201.2012012,291.4285714
E01020328,148.9361702,165.8767773,135.7466063,215.6862745,303.2786885
E01020329,200,48.7804878,82.98755187,91.28630705,83.33333333
E01020330,255.4945055,119.8830409,84.98583569,135.9773371,297.5206612
E01020331,150.5016722,110.4100946,119.3548387,48.38709677,133.5504886
E01020332,174.0740741,142.8571429,77.51937984,108.5271318,197.761194
E01020333,59.55334988,66.66666667,80.51948052,109.0909091,133.5078534
E01020334,128.9473684,143.2160804,97.98994975,95.47738693,148.6146096
E01020335,56.60377358,98.11320755,76.04562738,129.2775665,122.5296443
E01020336,#,54.72636816,76.53061224,30.6122449,#
E01020337,92.89617486,73.65439093,86.95652174,103.2608696,236.9942197
E01020338,105.8394161,102.003643,90.25270758,59.566787,118.0811808
E01020339,#,41.09589041,65.35947712,26.14379085,153.5836177
E01020340,95.84664537,77.63975155,27.52293578,103.9755352,223.880597
E01020341,56,45.97701149,83.33333333,102.2727273,121.6730038
E01020342,206.4896755,87.61329305,95.67901235,70.98765432,163.6904762
E01032628,36.14457831,31.63017032,46.22871046,75.42579075,141.2300683
E01032657,,,,,
E01032658,,,,,
E01033232,59.45945946,63.82978723,42.39401496,82.29426434,142.8571429
E01033233,81.96721311,77.63975155,61.72839506,141.9753086,245.1612903
E01033234,129.3103448,118.1556196,70.62146893,98.8700565,188.0597015
E01033235,110.4294479,89.17197452,83.91608392,62.93706294,92.85714286
E01033236,#,#,69.44444444,#,0
E07000040,114.6675604,103.6343106,97.57802541,120.4819277,175.4435713
E07000041,174.723984,148.7764182,143.067169,157.3095654,227.4831553
E07000042,126.3436018,107.8920478,102.6212715,129.6776137,179.1799627
E07000043,132.8872933,113.3253692,112.45637,142.8883072,231.9519453
E07000044,74.81882875,89.08960946,79.30405317,83.40935749,126.7614823
E07000045,124.1911292,118.2717734,116.8550743,116.1776536,170.3824999
E07000046,137.2967647,118.5148758,120.2749141,143.2662412,225.8406791
E07000047,128.2409254,97.40194603,88.76156011,107.7603538,179.4484702
E10000008,127.6506746,113.9637571,109.6158311,126.435973,189.5631562
E06000026,,,,,
E06000027,,,,,
IMDQ1,304.1923022,256.9690109,240.3089687,257.1878129,419.2
IMDQ2,182.590766,161.0572246,150.4456525,180.6065289,273.6527275
IMDQ3,116.3365785,104.4613711,99.22935128,112.3326004,167.5361422
IMDQ4,82.93804383,78.90923844,78.94284733,95.37853625,134.0603314
IMDQ5,66.27556683,57.65376095,64.57564576,65.41908276,99.47140798
E02003122,,,,,
E02003123,,,,,
E02003124,,,,,
E02003125,,,,,
E02003126,,,,,
E02003127,,,,,
E02003128,,,,,
E02003129,,,,,
E02003130,,,,,
E02003131,,,,,
E02003132,,,,,
E02003133,,,,,
E02003134,,,,,
E02003135,,,,,
E02003136,,,,,
E02003137,,,,,
E02003138,,,,,
E02003139,,,,,
E02003140,,,,,
E02003141,,,,,
E02003142,,,,,
E02003143,,,,,
E02003144,,,,,
E02003145,,,,,
E02003146,,,,,
E02003147,,,,,
E02003148,,,,,
E02003149,,,,,
E02003150,,,,,
E02003151,,,,,
E02003152,,,,,
E02003153,,,,,
E02003154,,,,,
E02003155,,,,,
E02003156,,,,,
E02003157,,,,,
E02003158,,,,,
E02003159,,,,,
E02003161,,,,,
E02003163,,,,,
E02003164,,,,,
E02003165,,,,,
E02003166,,,,,
E02003167,,,,,
E02003168,,,,,
E02003169,,,,,
E02003170,,,,,
E02003171,,,,,
E02004129,76.21009269,86.25877633,62.1814475,60.14271152,109.7308489
E02004130,185.5345912,207.5869336,169.057377,250,301.9067797
E02004131,132.3132313,115.0943396,102.7857829,148.895293,155.4307116
E02004132,75.94936709,45.32077693,53.05651672,43.82929642,86.03988604
E02004133,143.2360743,141.4342629,116.7444963,182.7885257,303.7564767
E02004134,84.39716312,102.5299601,129.7968397,183.4085779,241.9928826
E02004135,65.15151515,60.95679012,62.45297216,73.73965388,105.9094398
E02004136,84.38061041,84.96332518,62.11562116,81.79581796,161.6656461
E02004137,65.93406593,48.19277108,64.32038835,52.18446602,72.77289837
E02004138,202.6578073,131.3789359,99.11894273,146.4757709,177.8265642
E02004139,179.8753339,205.1971326,153.3219761,162.6916525,224.738676
E02004140,97.48427673,115.5624037,79.06976744,97.6744186,140.625
E02004141,97.89029536,47.97979798,88.81298036,111.8701964,115.8586689
E02004142,27.5142315,31.10704483,53.00353357,41.51943463,73.67475292
E02004143,87.63308763,82.71298594,66.21961442,104.7778709,75.66638005
E02004144,79.4649882,100.0781861,86.65644172,108.1288344,192.0731707
E02004145,132.5714286,70.25761124,92.61430246,57.44431419,116.5279429
E02004146,185.1620948,156.875,163.8940234,181.7621688,289.7371715
E02004147,137.283237,121.9168428,115.9317212,140.8250356,175.4002911
E02004148,169.2169217,129.0613718,107.2695035,132.9787234,247.5247525
E02004149,95.28795812,56.58436214,71.78464606,84.74576271,101.3306039
E02004150,168.9088191,146.3068182,147.4966171,196.2110961,252.50501
E02004151,168.8888889,162.0575221,171.7171717,176.7676768,262.6546682
E02004152,158.5365854,105.5045872,149.9250375,115.4422789,181.8181818
E02004153,204.0462428,179.7289334,160.8796296,203.7037037,268.4485764
E02004154,99.09281228,95.68733154,123.2604374,101.3916501,163.1716907
E02004155,282.962071,174.4254567,183.5985312,201.9583843,277.258567
E02004156,239.8104265,224.2817424,171.3764813,162.260711,195.3917051
E02004157,37.98586572,90.98712446,88.46487424,78.92454467,114.5038168
E02004158,186.4716636,175.2516282,118.9479976,197.8481769,230.412072
E02004159,92.81437126,75.41625857,58.35294118,80.94117647,203.6117381
E02004160,155.0877193,127.9826464,128.9865344,144.5783133,175.616836
E02004161,345.2380952,283.9248434,278.1316348,282.3779193,417.7631579
E02004162,140.1515152,117.6470588,106.3049853,108.5043988,195.9213401
E02004163,139.6508728,134.7861178,151.0333863,131.9554849,214.3939394
E02004164,72,62.74821287,32.546786,69.16192026,76.09594706
E02004165,86.6873065,85.22378909,102.7568922,69.54887218,134.7381865
E02004166,96.04105572,76.47058824,54.93689681,73.49665924,123.7188873
E02004167,201.2133468,188.7755102,180.8024378,187.404774,285.4291417
E02004168,182.1589205,183.1306991,182.6625387,264.7058824,325.0377074
E02004169,74.9682338,67.18851924,58.82352941,117.6470588,94.27828349
E02004170,197.4560872,158.6206897,136.7030442,150.4882252,258.2132565
E02004171,107.9952267,83.73493976,65.23076923,113.8461538,110.7055961
E02004172,82.05128205,77.6293823,92.18106996,120.9876543,113.0653266
E02004173,93.64767518,68.42818428,66.53225806,96.77419355,144.5126108
E02004174,157.1994716,99.73404255,120.2815099,145.8733205,242.9487179
E02004175,282.0053715,162.4231782,170.620438,229.9270073,444.7646494
E02004176,84.25720621,117.9138322,90.05847953,128.6549708,268.5851319
E02004177,189.2744479,152.9223379,190.3986981,184.7030106,325.6767842
E02004178,75.32210109,67.5944334,38.3480826,32.44837758,87.04253215
E02004179,97.36989368,77.00650759,89.27599347,69.67882417,101.1904762
E02004180,47.89915966,54.6875,43.91891892,34.62837838,54.98281787
E02004181,189.2826275,122.0779221,98.54327335,182.5192802,219.0812721
E02004182,223.2346241,221.2927757,197.108067,257.2298326,515.1975684
E02004183,110.880829,127.6813075,111.8421053,152.4122807,353.0678149
E02004184,165.1331719,134.3429409,160.9620722,203.5152636,303.196347
E02004185,86.76789588,84.4017094,63.80638064,102.310231,185.7798165
E02004186,98.61591696,76.66098807,85.59861191,123.1925969,173.0538922
E02004187,114.2076503,106.0773481,110.9280615,143.8769907,130.726257
E02004188,74.93309545,84.13672217,69.74637681,118.6594203,161.9469027
E02004189,23.01790281,51.56382079,67.75300172,71.18353345,139.5744681
E02004190,104.2471042,98.8372093,96.58725048,101.7385705,127.547666
E02004191,99.430019,177.955665,131.4641745,139.5638629,172.4793912
E02004192,45.15050167,64.1025641,34.3417825,46.60670482,81.61512027
E02004193,99.38782859,72.34667646,71.05459985,80.77786088,134.0167046
E02004194,71.60096541,61.53846154,85.38461538,55.38461538,100.456621
E02004195,124.260355,180.0486618,117.791411,157.0552147,316.6666667
E02004196,45.02369668,66.18240517,50.51302289,67.08760852,110.2941176
E02004197,43.74364191,46.15384615,69.81519507,59.54825462,78.02874743
E02004198,85.61928512,124.8966088,107.2319202,98.08811305,112.4063281
E02004199,61.14649682,36.11457036,40.54054054,51.5970516,65.24317912
E02004200,35.0631136,78.32167832,58.5106383,51.86170213,70.34482759
E02004201,47.67580453,47.50593824,54.47941889,60.53268765,69.9881376
E02004202,75.31106745,54.30463576,98.81175735,93.80863039,126.8292683
E02004203,31.25,52.13764338,62.5,80.50847458,93.27548807
E02004204,75.90933052,82.23510807,81.66491043,81.66491043,99.46236559
E02004205,112.5827815,103.7811746,103.1626506,113.7048193,203.9187228
E02004206,84.00809717,132.7967807,125.1271617,149.5422177,162.1349446
E02004207,111.7696867,94.17808219,99.16666667,84.16666667,183.7748344
E02004208,96.28008753,65.56195965,76.38888889,84.02777778,128.7726358
E02004209,90.85545723,114.5218418,100.4086398,81.14419148,151.2401694
E02004210,277.1958098,255.7041699,237.012987,116.0714286,294.0185341
E02004211,115.3100775,59.5581172,60.06006006,77.07707708,77.39307536
E02004212,154.6052632,143.8791733,160.4743083,137.5494071,173.5340729
E02004213,84.54810496,105.4054054,83.54866494,89.57795004,185.4655564
E02004214,277.1653543,213.3436773,208.0696203,195.4113924,250.3805175
E02004215,178.4232365,166.9421488,161.0517666,197.2062449,278.7828947
E02004216,189.7590361,224.3654822,191.5550978,173.0175077,266.1290323
E02004217,151.6108654,145.994832,124.8391248,172.4581725,199.8710509
E02004218,139.2405063,128.3367556,131.0629515,181.630547,193.3867735
E02004219,51.40186916,51.64319249,60.60606061,53.97727273,89.46322068
E02004220,86.4321608,97.53593429,115.7360406,158.3756345,168.1957187
E02004221,133.5927367,66.40625,87.51608752,109.3951094,151.4360313
E02004222,169.2176871,127.0670148,118.729097,138.7959866,183.0985915
E02004223,206.7683154,189.5117541,173.5476799,224.6985751,392.6162584
E02004224,101.2987013,52.16622458,114.3359719,108.1794195,86.40864086
E02004225,156.0283688,112,118.7957689,124.4914565,190.4761905
E02004226,44.84304933,84.35852373,50.6993007,104.020979,144.3298969
E02004227,173.0659026,134.5826235,136.7763905,133.938706,238.4219554
E02004228,48.29770388,77.47035573,76.4940239,78.0876494,198.6863711
E02004229,118.871726,118.1208054,82.65027322,131.8306011,225.7012394
E02004230,188.5824246,125.2408478,110.0628931,176.1006289,266.9245648
E02004231,110.4014599,79.92565056,69.40639269,103.196347,219.5571956
E02004232,110.3000811,92.22133119,91.78743961,78.90499195,166.798419
E02004233,94.71094711,98.638052,85.46655656,90.42113955,144.5427729
E02004234,116.3918526,54.34782609,81,94,115.3081511
E02004235,175.2751905,90.20618557,96.03524229,66.07929515,102.3131673
E02006840,,,,,
TOWN01,151.6108654,145.994832,124.8391248,172.4581725,199.8710509
TOWN02,108.1928655,108.6614173,87.19778042,129.60761,209.6206492
TOWN03,137.9763469,120.0481506,117.3586139,158.5485453,262.5729063
TOWN04,152.7698458,126.8229911,132.8213879,165.9556314,247.7362762
TOWN05,87.50525873,76.63782447,72.66009852,58.29228243,97.8216194
TOWN06,113.2747566,82.33604596,93.5302391,121.6596343,171.9971571
TOWN07,138.4615385,100.8955224,88.0239521,110.7784431,160.6299213
TOWN08,83.43634116,109.0342679,80.63492063,108.5714286,219.4813409
TOWN09,102.9471134,116.7330677,115.785411,124.6622926,192.7619048
TOWN10,159.8270376,136.5806685,137.0153592,151.1961347,216.5155315
TOWN11,119.3080357,101.5477118,100.0664158,117.8879787,174.5340922
TOWN12,115.6697973,98.17464233,88.03165183,116.7161227,167.5675676
TOWN13,120.6781915,110.7072042,111.7003646,110.7059993,222.1098753
TOWN14,125.382263,129.3394777,110.1564897,147.2844431,172.327828
TOWN15,191.9655667,139.4078758,148.7043581,175.5005889,330.1349325
TOWN16,65.77985675,64.38721137,66.54756588,72.65148132,120.3319502
TOWN17,69.59204662,90.48257373,83.6627141,70.8168643,89.32676519
TOWN18,#,88.78504673,94.05940594,59.40594059,108.1081081
TOWN19,40.32258065,51.65562914,67.47638327,95.81646424,88.35904628
TOWN20,128.5440047,124.2638398,118.7646714,117.004108,175.3454545
TOWN21,118.2818012,103.7129226,83.53960396,127.0627063,214.972387
TOWN22,77.98165138,71.83186951,64.12261495,82.26462308,147.3214286
TOWN23,152.3642732,99.82486865,84.91107286,111.8760757,163.8968481
TOWN24,140.0247831,140.5161819,121.8724778,132.7683616,177.3662551
TOWN25,107.839236,97.44408946,101.7289908,138.721351,123.5772358
TOWN26,131.059246,92.21274278,92.46009906,90.25866813,146.8144044
TOWN27,164.1648036,140.2190923,139.4472362,100.1884422,179.2215945
TOWN28,122.4041046,122.1122112,111.923649,141.2989588,193.1733861
TOWN29,90.83988835,121.4144411,96.81433549,101.0452962,129.4891249
DIV1,112.367749,110.3896104,90.77912795,110.0786276,132.5648415
DIV2,116.464181,112.4948111,106.7048242,134.0964841,170.3074434
DIV3,116.4415463,118.1434599,100.8958039,143.8000943,238.4722869
DIV4,201.7385005,170.995671,146.835443,217.721519,345.3608247
DIV5,147.2839956,131.4243759,149.8207885,189.2473118,343.7390389
DIV6,34.8189415,52.48490478,71.52941176,64.94117647,110.9022556
DIV7,189.1615542,152.9726119,133.7558372,183.1220814,298.6754967
DIV8,151.9654842,132.130668,166.988417,171.3320463,246.3356974
DIV9,76.4242705,85.10638298,87.11600183,72.90233838,137.962963
DIV10,87.50525873,76.63782447,72.66009852,58.29228243,97.8216194
DIV11,74.11566536,83.24496288,121.045392,152.2237506,210.8843537
DIV12,63.92106392,63.66392378,68.25053996,82.07343413,90.11754462
DIV13,72.95466389,64.05505558,72.27615965,111.6504854,107.832618
DIV14,74.47817837,86.43167552,71.11756168,79.82583454,146.9287469
DIV15,140.9774436,83.1758034,110.9070878,136.2467866,193.1441209
DIV16,65.44901065,79.78723404,55.19356075,91.6059793,112.6815862
DIV17,180.270793,133.7868481,117.2675522,135.483871,211.9056533
DIV18,77.90298873,110.1449275,67.71344455,90.77526987,180.1397206
DIV19,99.72677596,116.6741171,112.5054089,128.9485071,186.4192324
DIV20,109.2936803,68.08199122,75.06887052,92.97520661,124.822695
DIV21,76.80250784,56.167979,95.38305429,92.84627093,126.4880952
DIV22,153.0715005,103.4658512,100.9591116,100.454316,191.0860656
DIV23,113.7164751,105.5919549,99.59134252,121.2350537,173.627046
DIV24,218.3322724,190.2925104,161.5873016,218.4126984,293.5433071
DIV25,129.3352601,125.5572065,116.6482097,161.3141381,194.1391941
DIV26,90.72058061,73.28244275,65.20605112,91.28847157,181.0105497
DIV27,93.96853147,98.42519685,76.95690413,107.7396658,204.72103
DIV28,202.6431718,133.4525939,154.6617916,167.4588665,239.2817882
DIV29,120.6781915,110.7072042,111.7003646,110.7059993,222.1098753
DIV30,232.7044025,157.4539363,181.0752688,206.0215054,380.5309735
DIV31,108.1952118,90.5192949,95.49461312,122.9187071,142.5061425
DIV32,99.38782859,72.34667646,71.05459985,80.77786088,134.0167046
DIV33,75.95573441,89.46322068,80.31730293,79.32573128,92.95499022
DIV34,101.6691958,108.7945413,82.66666667,71.61904762,127.9434851
DIV35,184.6339501,164.9122807,166.6032712,171.1677444,224.5487365
DIV36,205.5692056,197.72635,185.8261228,178.4095591,265.5870445
DIV37,107.0215176,83.81171068,103.291714,136.7763905,160.8471666
DIV38,154.0114613,110.5563481,102.0480226,133.4745763,221.9460227
DIV39,90.61748196,75.09083569,79.54079541,107.4210742,154.3434343
DIV40,173.2600733,166.2486564,175.6080114,194.9213162,274.6979389
DIV41,48.65771812,75.26286663,63.03418803,57.69230769,91.34873724
DIV42,137.2750643,92.77293696,81.51898734,110.3797468,148.7519103
DIV43,135.3199805,151.7509728,120.7958314,125.5329228,179.1262136
DIV44,81.39534884,82.62236192,85.10638298,94.85815603,127.1003878
DIV45,114.2460685,114.2201835,107.2410632,147.5710357,167.8865508
DIV46,168.1415929,167.5807434,160.5246721,123.0480949,179.4081381
DIV47,142.0682731,130.2851524,146.8330134,126.6794626,174.4186047
DIV48,94.71094711,98.638052,85.46655656,90.42113955,144.5427729
DIV49,182.2358346,156.4497932,150.4491018,98.80239521,202.0164302
DIV50,151.7653759,143.0183357,133.9617252,142.5307055,213.9812447
DIV51,136.9643572,129.4788274,136.8507832,175.1854905,227.1788517
DIV52,104.0268456,98.82747069,85.96713021,114.6228403,168.1231794
DIV53,92.58465495,138.9236546,112.0981387,109.5600677,144.6917808
DIV54,103.4985423,99.80897803,96.22467772,109.1160221,218.907563
DIV55,83.18014706,71.20036513,50.56947608,50.56947608,82.72058824
DIV56,77.95019848,68.55879101,54.4242873,96.63087745,108.1081081
DIV57,266.2403231,212.9878869,186.7024849,198.791135,312.2585177
DIV58,163.4117178,80.21172638,87.60330579,95.04132231,139.8427803
CHSCTAXE,131.039641,118.0161339,99.34756821,126.1862396,186.1259655
CHSCTBARNSTAPLE,147.4194852,130.7588076,128.2841823,174.5308311,281.9860814
CHSCTBIDEFORD,143.6802746,120.1753318,119.6435112,149.0660481,243.9684884
CHSCTBRAUNTON,144.8298537,112.745098,116.1750083,124.2956579,228.288258
CHSCTCREDITON,112.8318584,76.25863771,89.19961427,115.7184185,166.8292683
CHSCTCULLOMPTON,120.923701,96.44354713,80.65020319,106.5958112,140.748796
CHSCTDAWLISH,140.2096593,128.3796211,127.5510204,111.6982507,183.5853132
CHSCTEXETERCHALL,140.6323368,123.1710149,127.1369914,150.6532288,211.5606104
CHSCTEXETERSYCAMORE,187.1750433,155.216285,153.6322265,158.7729648,235.4665773
CHSCTEXMOUTH,119.3080357,101.5477118,100.0664158,117.8879787,174.5340922
CHSCTHONITON,100.1304631,100.4958678,86.12993883,110.4314763,156.0789517
CHSCTIVYBRIDGE,82.47574243,75.07061097,75.79826917,78.63324381,125.8543834
CHSCTKINGSBRIDGE,69.59204662,90.48257373,83.6627141,70.8168643,89.32676519
CHSCTNABBOT,132.0725227,131.3579095,122.2058937,120.1949107,181.1204912
CHSCTOKE,119.2001553,97.64178523,84.96605238,126.28516,195.85432
CHSCTSMOLTON,100.3194888,99.42270686,99.13099453,140.6501448,133.5914811
CHSCTTAVISTOCK,107.0331695,81.76488738,83.25508607,80.12519562,136.0138213
CHSCTTEIGN,104.3538355,94.15470774,92.05020921,129.3584379,140.7511408
CHSCTTIVERTON,125.7354822,124.7913724,115.4797552,140.2161177,204.3010753
CHSCTTORRINGTON,118.2680265,101.2160229,105.2349473,119.5283187,188.4553138
CHSCTTOTNES,86.41655886,131.6725979,97.18999742,109.8221191,174.1851369
Eastern,,,,,
Northern,,,,,
Southern,,,,,
Western,,,,,
