Area,March 2013 - Feb 2014,March 2014 - Feb 2015,March 2015 - Feb 2016,March 2016 - Feb 2017,March 2017 - Feb 2018
E92000001,,,,,
E12000009,,,,,
E01015023,0.145454545,0.100840336,0.142857143,0.099099099,0.146788991
E01015024,#,#,#,#,#
E01015025,#,#,#,#,#
E01015026,0.257142857,0.28,0.232876712,0.112903226,0.16
E01015027,0.070707071,0.047619048,0.053763441,0.054347826,#
E01015028,0.25974026,0.236842105,0.219178082,0.162162162,0.14516129
E01015029,0.147058824,#,0.044247788,0.09009009,0.114035088
E01015030,0.170454545,0.234567901,0.150684932,0.197368421,0.184615385
E01015031,0.224489796,0.229508197,0.2,0.15,0.220338983
E01015032,0.11627907,0.230769231,0.153846154,0.225,0.181818182
E01015033,#,#,#,#,#
E01015034,0,#,0,#,#
E01015035,0.071428571,0.098901099,#,0.102564103,0.1
E01015036,#,#,0,#,#
E01015037,0.181818182,0.169491525,#,0.090909091,0.096153846
E01015038,#,0.068181818,0.065934066,0.05952381,#
E01015039,0.140350877,0.107692308,0.120689655,0.120689655,#
E01015040,0.233333333,0.225,0.201834862,0.119565217,0.153846154
E01015041,0.120689655,0.112903226,0.131578947,0.125,0.109375
E01015042,0.197802198,0.163043478,0.12195122,0.1625,0.08974359
E01015043,0.252631579,0.253012048,0.185185185,0.174603175,0.192982456
E01015044,0.225,0.146666667,0.1,0.107142857,0.122807018
E01015045,0.277777778,0.193548387,0.120689655,0.153846154,0.12
E01015046,0.223404255,0.186915888,0.234693878,0.18,0.195652174
E01015047,0.285714286,0.25,0.182926829,0.097826087,0.104651163
E01015048,0.324324324,0.166666667,0.126213592,0.173076923,0.123893805
E01015049,0.25,0.205882353,#,#,#
E01015050,0.208333333,#,0.3125,#,#
E01015051,#,#,0.171428571,#,#
E01015052,0.222222222,0.157894737,0.171428571,0.194444444,#
E01015053,0.291666667,0.238095238,0.24,#,#
E01015054,0.259259259,#,#,#,#
E01015055,0.153846154,0.183673469,0.164948454,0.15625,0.088607595
E01015056,0.155172414,0.12962963,0.098360656,0.119402985,0.087719298
E01015057,0.206896552,0.215053763,0.163043478,0.126315789,0.1
E01015058,0.178861789,0.151079137,0.139705882,0.234848485,0.192
E01015059,0.168421053,0.154639175,0.115789474,0.08045977,0.091954023
E01015060,0.1,0.118811881,0.075268817,0.089108911,0.103448276
E01015061,0.138461538,0.101265823,0.164556962,0.072289157,0.107692308
E01015062,0.210526316,0.291666667,0.275862069,0.170212766,0.2
E01015063,0.157894737,0.105263158,0.089285714,0.142857143,#
E01015064,#,0.095890411,#,#,#
E01015065,#,0,0,0,0
E01015066,#,0.084507042,#,#,0.090909091
E01015067,#,#,0,#,#
E01015068,#,0.051020408,#,0.103092784,0.085714286
E01015069,0.139784946,0.097826087,0.069767442,0.086956522,0.119047619
E01015070,0.113207547,0.05785124,0.061946903,#,0.044642857
E01015071,0.092307692,#,#,#,0.084745763
E01015072,0.223300971,0.166666667,0.113636364,0.112359551,0.066666667
E01015073,0.168831169,0.144578313,0.228571429,0.092307692,0.095238095
E01015074,0.213592233,0.116504854,0.097826087,0.107526882,0.073170732
E01015075,0.157303371,0.126315789,0.094117647,0.1125,0.142857143
E01015076,0.121212121,0.107692308,#,#,#
E01015077,0.160493827,0.095890411,#,#,0.063291139
E01015078,0.270833333,0.316326531,0.17,0.2,0.1
E01015079,#,#,#,#,0.072463768
E01015080,0.2,0.162790698,0.160714286,#,0.095238095
E01015081,0.121212121,0.114285714,#,0.0875,0.163043478
E01015082,0.152941176,0.137254902,0.127659574,0.123809524,0.159090909
E01015083,0.11627907,0.115384615,0.075949367,0.109756098,0.118421053
E01015084,0.159574468,0.119047619,0.105263158,0.082191781,0.136363636
E01015085,0.164383562,0.125,0.123287671,0.102941176,0.089552239
E01015086,0.103448276,#,0.13559322,0.152542373,0.105263158
E01015087,0.184,0.152671756,0.16,0.12,0.134920635
E01015088,0.2,0.181818182,0.285714286,0.169642857,0.137614679
E01015089,0.174603175,0.152542373,0.105263158,#,0.101694915
E01015090,#,#,#,#,#
E01015091,0.126582278,0.125,0.098360656,0.109090909,#
E01015092,0.130434783,#,#,#,#
E01015093,#,0.192307692,#,0.096153846,#
E01015094,0.172413793,0.101265823,0.08,0.086956522,#
E01015095,0.107692308,0.111111111,0.117647059,#,#
E01015096,0.142857143,0.118421053,0.169014085,0.083333333,#
E01015097,#,#,#,0.1,0.119402985
E01015098,0.126760563,#,#,#,#
E01015099,#,#,#,#,#
E01015100,0.116666667,#,#,#,#
E01015101,#,#,#,#,#
E01015102,0.138888889,0.105263158,0.072463768,0.107692308,#
E01015103,0.077922078,#,#,0.05952381,#
E01015104,#,#,#,#,0.053763441
E01015105,0.076086957,#,#,#,#
E01015106,0.081081081,#,#,#,#
E01015107,0.07,0.079207921,0.076923077,0.0875,0.074074074
E01015108,0.061728395,#,#,#,#
E01015109,0.075,0.066666667,0.116666667,#,#
E01015110,#,0.068181818,0.090909091,0.069444444,#
E01015111,0.064935065,#,#,0,#
E01015112,#,0.077922078,#,#,0.081967213
E01015113,0.093333333,#,#,#,#
E01015114,#,0,#,0.087719298,#
E01015115,0.131578947,0.179104478,#,0.094339623,0.109090909
E01015116,0.107692308,0.077922078,#,#,#
E01015117,0.081395349,#,0.086419753,0.061728395,#
E01015118,#,0.051546392,#,0.055555556,#
E01015119,0.074468085,0.051020408,0.051020408,0.060606061,0.050505051
E01015120,0.070588235,0.072164948,0.058823529,0.07,0.0625
E01015121,0.08,#,#,#,#
E01015122,0.060606061,0.068627451,0.056179775,0.076923077,0.068965517
E01015123,0.088235294,#,#,0,#
E01015124,#,0,#,0,#
E01015125,0.115789474,0.097560976,#,#,#
E01015126,#,#,#,#,#
E01015127,0.086956522,0.072289157,0.096385542,#,#
E01015128,#,#,#,#,#
E01015129,#,0.060240964,0.119402985,0.105263158,#
E01015130,0.057142857,0.08,0.084210526,0.053763441,#
E01015131,0,#,#,#,0
E01015132,0.075,#,#,#,#
E01015133,0.139240506,#,#,#,#
E01015134,#,#,#,0.066666667,#
E01015135,0.102564103,0.094117647,0.06185567,0.05,0.049019608
E01015136,0.104651163,0.076923077,0.063291139,#,0.057471264
E01015137,#,0.076086957,#,0.055555556,0.072164948
E01015138,0,#,0.056818182,0.06741573,#
E01015139,0.092307692,0.077922078,#,#,0.056818182
E01015140,0.132075472,0.116666667,#,0,#
E01015141,0.065217391,#,0.051020408,#,#
E01015142,0.186440678,0.125,0.137931034,0.105263158,0.127272727
E01015143,0.196428571,0.105263158,#,0.118644068,0.118644068
E01015144,0.230769231,0.207920792,0.163265306,0.114942529,0.133333333
E01015145,0.240875912,0.21875,0.116666667,0.147540984,0.165137615
E01015146,0.215517241,0.196850394,0.131034483,0.14,0.09375
E01015147,0.18,0.16,0.102040816,#,#
E01015148,0.085365854,0.074468085,0.081632653,0.119047619,#
E01015149,0.177083333,0.165048544,0.153846154,0.14,0.11
E01015150,0.088235294,#,#,0.083333333,0.126760563
E01015151,0.245614035,0.1625,0.223684211,0.214285714,0.151515152
E01015152,0.261538462,0.194444444,0.226666667,0.256410256,0.25974026
E01015153,0.273972603,0.205128205,0.189873418,0.169014085,0.193548387
E01015155,0.416,0.338235294,0.306569343,0.269503546,0.234848485
E01015156,0.553191489,0.369565217,0.314814815,0.326530612,0.131578947
E01015157,0.155555556,0.211538462,0.160714286,0.108695652,#
E01015158,0.283333333,0.262820513,0.260416667,0.338842975,0.302631579
E01015159,0.065789474,0.125,0.147058824,0.126760563,0.09375
E01015160,#,#,0.075757576,#,0
E01015161,0.070588235,0.172839506,0.146341463,0.098591549,#
E01015162,0.142857143,0.1375,0.106666667,0.1,0.090909091
E01015163,#,#,#,0.076923077,#
E01015164,0.054347826,0.104166667,0.072916667,0.09,0.135416667
E01015165,0.082474227,0.121212121,0.106382979,0.105882353,#
E01015166,0.174757282,0.126126126,0.090163934,0.06779661,0.074380165
E01015167,0.193548387,0.168831169,0.098591549,#,0.147058824
E01015168,0.220930233,0.225352113,0.225352113,0.24,0.182926829
E01015169,0.15,0.111111111,0.067567568,0.101449275,#
E01015170,0.13559322,0.104477612,0.088235294,0.111111111,0.102941176
E01015171,#,#,#,#,#
E01015172,0.102564103,0.082352941,0.075949367,#,0.115942029
E01015173,0.097222222,0.113924051,0.086956522,#,0.08
E01015174,0.139240506,0.103448276,0.125,0.162790698,0.12987013
E01015175,0.181818182,0.157142857,0.078125,0.095238095,#
E01015176,0.170454545,0.135802469,0.141176471,0.058139535,0.097560976
E01015177,0.077922078,0.076923077,0.077922078,0.123287671,0.101449275
E01015178,0.184615385,0.185714286,0.138461538,0.111111111,0.096774194
E01015179,#,0.145833333,0.176470588,0.16,0.113636364
E01015180,0.289473684,0.197368421,0.202702703,0.246753247,0.197368421
E01015181,0.197183099,0.151898734,0.116883117,0.141025641,0.101449275
E01015182,0.12244898,0.146788991,0.117021277,0.179775281,0.296610169
E01015183,0.095238095,#,#,#,#
E01015184,0,0,#,#,0
E01015185,#,#,#,#,#
E01015186,0.105263158,0.130952381,0.118421053,0.101449275,#
E01015187,#,0,#,#,#
E01015188,#,#,#,0.073529412,0.075757576
E01015189,#,#,0.158730159,0.173076923,#
E01015190,0.070707071,0.059322034,0.060344828,0.081967213,#
E01015191,#,#,#,0.043859649,#
E01015192,0.093220339,0.056,#,0.068627451,0.057471264
E01015193,0.098901099,0.130952381,0.101449275,0.1,0.125
E01015194,0.12,0.171428571,0.179104478,0.157142857,0.133333333
E01015195,#,0.050847458,0.077669903,0.04950495,0.049019608
E01015196,0.1171875,0.085714286,0.102941176,0.125984252,0.144067797
E01015197,#,#,#,#,#
E01015198,#,0.086956522,0,#,#
E01015199,0,0,#,#,#
E01015200,0.083333333,#,#,#,#
E01015201,0,#,#,0.078125,0.089285714
E01015202,#,0.068493151,#,#,#
E01015203,#,0,#,#,#
E01015204,#,0.071428571,#,0.067567568,0.071428571
E01015205,0.084507042,#,0.078125,#,0.084507042
E01015206,0.117647059,0.074626866,0.08974359,0.105263158,0.138888889
E01015207,0.082568807,0.08490566,#,0.059405941,0.068181818
E01015208,#,0,#,#,#
E01015209,#,0.102941176,0.102941176,#,#
E01015210,0.101010101,0.127272727,0.175438596,0.092592593,0.067961165
E01015211,#,#,#,#,#
E01015212,0.068181818,#,0.091954023,0.085106383,#
E01015213,0.1,0.111111111,0.068181818,#,#
E01015214,0.182926829,0.151898734,0.1875,0.164383562,0.102564103
E01015215,0.154639175,0.078431373,0.065934066,#,0.076923077
E01015216,0.17,0.112244898,0.108108108,0.12345679,0.141176471
E01015217,0.24137931,0.186046512,0.2,0.206896552,0.162790698
E01015218,0.129032258,0.097826087,0.114583333,0.113402062,0.071428571
E01015219,#,#,0.088235294,0.075757576,0.096774194
E01015220,0.111111111,0.116666667,0.080645161,#,0.088235294
E01015221,0.0625,0.076923077,0.057471264,#,#
E01015222,#,0.066666667,0.08,0.105263158,#
E01015223,#,#,#,#,#
E01015224,#,0.072289157,0.05952381,#,0.070588235
E01015225,0.051020408,0.086956522,0.056818182,0.085106383,#
E01015226,#,#,#,#,#
E01015227,#,#,#,0,0
E01015228,0.122807018,0.096153846,0.153846154,#,#
E01015229,0.119402985,#,#,#,0.102040816
E01015230,#,#,#,#,#
E01015231,0.2,0.185185185,0.189873418,0.154761905,0.156626506
E01015232,0.2375,0.14893617,0.061728395,0.116883117,0.135135135
E01015233,0.196969697,0.179487179,0.133333333,0.15942029,0.220588235
E01015234,0.152173913,0.123595506,0.106382979,0.113402062,0.0875
E01015235,#,#,#,#,#
E01015236,#,#,#,#,0.083333333
E01015237,0.094736842,0.04950495,0.0625,0.05,#
E01015238,0.152542373,0.095238095,0.067567568,#,#
E01015239,0.1,0.095238095,#,0.101694915,#
E01015240,#,#,#,#,#
E01015241,0.103896104,#,#,0.08988764,#
E01015242,0.133333333,0.152380952,0.1,0.066037736,0.054945055
E01015243,#,#,#,#,#
E01015244,#,#,#,#,#
E01015245,#,#,0.107142857,0.094339623,0.090909091
E01015246,#,#,#,#,0
E01015247,0.065789474,0.069767442,0.0875,#,#
E01015248,0.098765432,0.094117647,0.094117647,#,#
E01015249,0.083333333,0.145833333,0.052631579,#,0.08974359
E01015250,#,#,#,#,#
E01015251,#,#,#,#,#
E01015252,0.165137615,0.133858268,0.083333333,0.07751938,0.052631579
E01015253,0.139534884,0.082474227,0.095238095,0.0625,0.05
E01015254,#,0.073529412,0.082191781,0.064935065,0.082191781
E01015255,0.287878788,0.234848485,0.236842105,0.21686747,0.260869565
E01015256,0.188405797,0.157894737,0.142857143,0.140350877,0.236363636
E01015257,0.184466019,0.172727273,0.141414141,0.148514851,0.111111111
E01015258,0.105882353,0.130952381,0.066666667,0.069444444,#
E01015259,0.085106383,0.068627451,#,0.08045977,0.082352941
E01015260,0.166666667,0.090909091,0.134146341,0.188235294,0.1375
E01015261,0.209302326,0.197802198,0.180851064,0.259615385,0.27027027
E01015262,0.116504854,0.101123596,0.069767442,0.136842105,0.183908046
E01015263,0.136363636,0.127659574,0.090909091,0.070588235,0.117021277
E01015264,#,#,#,#,#
E01015265,0.093333333,#,0.080645161,#,#
E01015266,0.169642857,0.19379845,0.169354839,0.165289256,0.142857143
E01015267,0.189189189,0.1875,0.185185185,0.304347826,0.179487179
E01015268,0.092592593,#,#,0.133333333,#
E01015269,#,#,0,0,#
E01015270,0,#,0,#,#
E01015271,0.108695652,#,#,#,#
E01019886,0.076923077,0.051724138,0.080291971,0.080291971,0.104895105
E01019887,0.142857143,0.166666667,0.123287671,0.151898734,0.12345679
E01019888,#,0.108695652,0.111111111,0.102040816,#
E01019889,0,#,#,0.063291139,#
E01019890,0.14084507,0.073529412,#,#,#
E01019891,#,#,#,#,#
E01019892,0.112676056,0.076190476,0.050632911,0.095808383,0.097826087
E01019893,0.06,0.074766355,0.06,0.054545455,0.040322581
E01019894,0,#,#,0,#
E01019895,#,#,#,#,#
E01019896,#,#,#,0.128205128,#
E01019897,#,#,#,0.069444444,0.092307692
E01019898,0.093023256,0.057471264,#,#,#
E01019899,0.071428571,0.071428571,#,0.08974359,#
E01019900,#,#,#,#,0
E01019901,#,#,0,#,#
E01019902,0.098765432,0.104651163,#,0.058823529,#
E01019903,0.111111111,0.090909091,0.097826087,#,#
E01019904,0.118421053,0.104651163,0.072289157,0.072289157,0.123287671
E01019905,0.0390625,#,0.055555556,0.06,#
E01019906,#,#,#,0,#
E01019907,0.179104478,0.065789474,#,#,#
E01019908,0.125,0.102564103,0.090909091,0.103092784,0.06
E01019909,0.128205128,0.064102564,0.083333333,0.071428571,#
E01019910,0.074074074,0.060606061,0.065217391,#,#
E01019911,#,#,#,#,#
E01019912,0.109375,#,#,#,#
E01019913,#,#,#,#,#
E01019914,0.175438596,0.180327869,0.198275862,0.157894737,0.104
E01019915,0.082352941,0.102272727,0.082191781,0.105263158,0.1
E01019916,0.137931034,0.111111111,0.152777778,0.134328358,0.13559322
E01019917,0.102272727,0.127659574,0.122641509,0.134615385,0.103448276
E01019918,0.132352941,0.150684932,0.188405797,0.166666667,0.115942029
E01019919,0.16091954,0.131868132,0.126760563,0.0625,0.076923077
E01019920,0.138461538,0.162162162,0.123595506,0.073684211,0.064102564
E01019921,0.06,0.067961165,0.083333333,0.08,0.06
E01019922,0.138297872,0.10619469,0.115384615,0.103773585,0.137254902
E01019923,0.205128205,0.155844156,0.15942029,0.162162162,0.157142857
E01019924,0.134831461,0.102040816,0.144736842,0.070422535,0.073529412
E01019925,#,#,#,0.086206897,0.084745763
E01019927,0.173076923,#,0.12244898,0.090909091,0.132075472
E01019928,0.1125,0.095890411,0.098765432,0.102564103,0.103896104
E01019929,#,#,#,#,#
E01019930,#,#,0,#,#
E01019931,#,#,0,#,#
E01019932,0.13253012,0.084507042,0.066666667,0.075757576,0.081967213
E01019933,#,#,0.094339623,#,#
E01019934,0.107142857,#,#,#,0.084507042
E01019935,0,0,#,#,#
E01019936,#,#,0,#,#
E01019937,#,0.045454545,0.057692308,0.09,0.096774194
E01019938,0.064102564,#,#,#,0.076923077
E01019939,#,#,#,#,#
E01019940,#,#,#,#,0
E01019942,0.083333333,0.082644628,0.115384615,0.060606061,0.057142857
E01019943,#,#,#,0.048076923,#
E01019944,0.068181818,#,#,0.069306931,#
E01019945,0.055555556,0.052083333,#,0.050505051,0.074468085
E01019946,#,#,#,#,#
E01019947,#,#,0.079365079,0.111111111,0.107142857
E01019948,#,0.1,0.115384615,#,#
E01019949,0,0,#,#,#
E01019950,#,#,0.071428571,#,#
E01019951,#,#,#,0.109756098,0.058823529
E01019952,0.078125,0.096774194,#,#,#
E01019953,0.13559322,#,#,#,#
E01019954,0.126315789,0.132743363,0.087378641,0.107142857,0.093457944
E01019955,#,#,0.053763441,0.058823529,0.079545455
E01019956,#,#,#,#,#
E01019957,#,0,#,#,#
E01019958,0.083333333,0.056818182,#,0.065789474,#
E01019959,#,0.113636364,#,#,0
E01019960,#,0.092592593,0.098039216,#,#
E01019961,0.111111111,#,0.048780488,0.086614173,0.038167939
E01019962,#,0.056338028,0.03649635,#,#
E01019963,0.117647059,#,#,#,#
E01019964,#,#,#,#,0
E01019965,#,#,#,#,#
E01019966,#,0,#,#,#
E01019967,#,0,#,#,0
E01019968,0.140350877,#,#,#,0
E01019969,0.086206897,0.112903226,#,#,#
E01019970,#,0.096774194,#,#,#
E01019971,0.152173913,0.113636364,#,#,#
E01019972,0.14516129,0.126984127,#,0.087719298,#
E01019973,0.08045977,0.0625,#,#,#
E01019974,0.181818182,0.14893617,0.106382979,0.192982456,0.094339623
E01019975,0.194444444,0.12037037,0.16,0.252631579,0.155555556
E01019976,0.106382979,#,#,0.076923077,#
E01019977,0.08,#,0.080645161,0.123076923,0.070422535
E01019980,0.209677419,0.175675676,0.171428571,0.162162162,0.114754098
E01019981,0.081632653,0.087378641,0.096774194,0.073170732,0.06097561
E01019982,0.104477612,0.12,0.083333333,0.106666667,0.088607595
E01019983,0.121212121,0.097222222,#,0.151515152,#
E01019984,#,#,#,#,#
E01019985,0.134831461,0.161616162,0.154639175,0.113402062,0.128205128
E01019986,0.163934426,0.089285714,#,#,#
E01019987,0.189189189,0.216216216,0.130434783,#,#
E01019988,0.094594595,0.075949367,0.068181818,#,0.082191781
E01019989,0.084745763,#,#,#,#
E01019990,0.104477612,0.207792208,0.206349206,0.222222222,0.126582278
E01019991,0.184210526,0.111111111,0.102564103,0.094594595,0.131578947
E01019992,0.158536585,0.117021277,0.098901099,0.098901099,0.09375
E01019993,#,#,#,#,#
E01019994,0.2,#,#,#,0
E01019995,0.342105263,0.269230769,0.2,0.11627907,#
E01019996,0.285714286,#,#,#,0
E01019997,#,#,0,0,0
E01019998,#,#,0.113636364,0.106382979,#
E01019999,#,#,#,#,0
E01020000,0.171875,0.180327869,0.104477612,0.136363636,0.161290323
E01020001,#,#,0,#,#
E01020002,0.207792208,0.144578313,0.113636364,0.133333333,0.064935065
E01020003,0.107692308,0.065789474,0.065934066,0.075268817,#
E01020004,#,0.064102564,0.086956522,0.098591549,#
E01020005,0.14893617,0.159722222,0.088888889,0.09375,0.13559322
E01020006,0.108910891,0.103448276,0.075630252,0.078947368,0.075471698
E01020007,#,#,#,0.131578947,#
E01020008,#,#,0.125,0.134615385,0
E01020009,#,#,#,#,#
E01020010,0.188679245,0.14953271,0.213592233,0.163461538,0.145631068
E01020011,#,#,0.132075472,0.2,0.122807018
E01020012,0.186046512,0.153061224,0.133333333,0.135416667,0.125
E01020013,0.163934426,0.13559322,0.109090909,0.12,#
E01020014,0.191489362,0.098901099,0.145833333,0.153846154,0.146067416
E01020015,0.251968504,0.180451128,0.169491525,0.105769231,0.080808081
E01020016,0.411764706,0.390243902,0.46875,0.512820513,0.411764706
E01020017,0.284482759,0.256,0.290322581,0.255319149,0.137931034
E01020018,0.365853659,0.4,0.459459459,0.3875,0.379746835
E01020019,#,0.5,0.65,0.615384615,0.384615385
E01020020,0.333333333,0.288888889,0.375,0.418604651,0.282608696
E01020021,0,#,#,#,#
E01020022,0.461538462,0.295454545,#,0.269230769,#
E01020023,#,0.053763441,0.088607595,#,#
E01020024,0,#,#,#,0
E01020025,0.25,#,#,#,#
E01020026,#,0.068965517,0.069767442,0.0625,0.068181818
E01020027,0.075757576,0.092105263,0.082191781,0.066666667,0.078125
E01020029,0.215189873,0.144927536,0.128205128,0.142857143,0.109375
E01020030,0.140350877,0.109375,0.109375,0.111111111,#
E01020031,#,0.085365854,#,#,0.107142857
E01020032,0.231884058,0.2,0.126984127,0.096774194,#
E01020033,0.12,0.098901099,0.127659574,0.095652174,0.120689655
E01020035,#,#,#,0.072164948,0.051020408
E01020036,0.202531646,0.168674699,0.105882353,0.101123596,0.1
E01020037,0.179487179,0.144578313,0.120481928,0.105882353,0.12195122
E01020038,0.069767442,0.094117647,#,0.058139535,0.053191489
E01020039,0.123809524,0.076271186,0.145833333,0.188235294,0.157142857
E01020040,0.087719298,#,#,#,#
E01020041,0.133333333,0.176923077,0.142857143,0.197802198,0.139240506
E01020042,#,#,0.078947368,#,#
E01020043,0.113207547,0.076271186,0.052173913,0.064516129,0.043859649
E01020044,#,#,#,#,#
E01020045,#,0.07,0.049019608,0.074766355,0.06122449
E01020046,#,0.052631579,0.054347826,#,#
E01020047,#,#,0.075,0.0625,#
E01020048,0.144444444,0.14893617,0.120879121,0.085365854,0.084507042
E01020049,#,#,#,#,#
E01020050,#,#,#,0.077922078,#
E01020051,0.088235294,0.117647059,0.073529412,#,0.072463768
E01020052,0.138888889,0.075268817,0.102040816,0.126582278,#
E01020053,0.2,0.098901099,0.076923077,0.064935065,0.066666667
E01020054,0.116883117,0.108433735,#,0.071428571,0.078947368
E01020055,#,0.088607595,0.098591549,0.1,0.109589041
E01020056,0,#,#,0.050505051,#
E01020057,0.113636364,0.12745098,0.108108108,0.084210526,0.086021505
E01020058,#,#,0.117021277,0.107142857,#
E01020059,#,#,#,0.090909091,0.075268817
E01020060,0.078125,0.109589041,0.095890411,#,#
E01020061,0.078125,0.043165468,0.060606061,0.074380165,0.064516129
E01020062,0.069767442,#,#,0.076923077,#
E01020063,0.104895105,0.082278481,0.090322581,0.126865672,0.076923077
E01020064,0.051020408,#,0.055555556,0,0.064814815
E01020065,0.204545455,0.135416667,0.102272727,0.10989011,0.072289157
E01020066,#,0.032051282,0.074324324,0.090322581,0.075949367
E01020067,0.145038168,0.108843537,0.080536913,0.093023256,0.107692308
E01020068,#,#,#,#,#
E01020069,#,#,0.094117647,0.0875,0.067567568
E01020070,#,#,#,#,#
E01020071,0.130952381,0.096385542,#,#,#
E01020072,0.069444444,#,0.093333333,0.083333333,0.072463768
E01020073,0.204819277,0.164383562,0.103448276,0.179104478,0.184210526
E01020074,#,#,0,#,#
E01020075,#,#,#,#,0.077777778
E01020076,0.111111111,0.079545455,0.05952381,0.064516129,0.057471264
E01020077,0.05952381,0.056818182,#,#,#
E01020078,0.104477612,0.138888889,0.088235294,0.118644068,0.1
E01020079,0.147058824,0.070422535,0.095890411,0.169230769,0.122807018
E01020080,#,#,#,0,#
E01020081,#,0.080645161,#,#,#
E01020082,#,0.081967213,#,#,#
E01020083,0.117647059,0.113821138,0.068965517,0.1,0.043103448
E01020084,#,0.056818182,0.058139535,#,0.081967213
E01020085,0.08,0.063157895,#,#,#
E01020086,0,#,#,#,#
E01020087,0.055555556,0.111111111,0.090909091,0.086419753,0.076923077
E01020088,0.060606061,0.058252427,#,0.060606061,#
E01020089,0.06122449,0.08,0.063063063,0.048543689,0.067961165
E01020090,#,#,#,#,#
E01020091,#,#,#,#,#
E01020092,#,#,#,#,#
E01020093,#,0.086956522,#,#,#
E01020094,0.280991736,0.261261261,0.229885057,0.233333333,0.152941176
E01020095,0.179775281,0.172413793,0.095238095,0.094736842,0.105882353
E01020096,0.211267606,0.150684932,0.151515152,0.106060606,0.161764706
E01020097,#,0.059405941,0.044247788,0.0625,#
E01020098,0.054054054,0.057692308,#,0.047619048,0.063157895
E01020099,0.181818182,#,#,#,#
E01020100,0.172413793,0.098360656,#,0,#
E01020101,#,0.077922078,0.06097561,0.135135135,0.082191781
E01020102,0.058823529,0.097087379,0.074074074,0.073684211,#
E01020103,0.150943396,0.11965812,0.148148148,0.076923077,0.096491228
E01020104,0.232876712,0.177419355,0.144927536,0.126984127,#
E01020105,0.064935065,0.083333333,#,#,#
E01020106,0,#,#,#,#
E01020107,#,#,#,#,#
E01020108,#,0.065217391,#,#,#
E01020109,#,#,#,#,#
E01020110,#,#,#,#,#
E01020111,0.227272727,0.165048544,0.085714286,0.064516129,0.103448276
E01020112,0.142857143,0.126582278,0.147727273,0.15,0.14084507
E01020113,0.256097561,0.27173913,0.22826087,0.207317073,0.207317073
E01020114,0.185185185,0.087719298,0.095238095,0.147058824,0.114754098
E01020115,0.092592593,#,#,#,#
E01020116,0.122641509,0.088235294,0.068181818,#,0.112676056
E01020117,0.095890411,0.05952381,#,#,#
E01020118,0.145833333,0.12,0.10989011,#,0.068181818
E01020119,#,#,0.084745763,#,#
E01020120,#,#,#,#,#
E01020121,0.080357143,#,#,0.076923077,#
E01020122,0.075949367,#,#,#,#
E01020123,0.12,0.076923077,#,0.101449275,#
E01020124,0.084745763,#,#,#,#
E01020125,#,0,0,#,#
E01020126,#,0,0,#,#
E01020127,#,#,#,#,#
E01020128,#,#,#,#,#
E01020129,0.153846154,0.113924051,0.11627907,0.120481928,0.083333333
E01020130,0.077777778,0.049019608,0.05,#,0.104651163
E01020131,0.072289157,0.097560976,0.056179775,0.083333333,0.065217391
E01020132,0.08974359,0.06741573,0.082352941,0.064935065,#
E01020133,0,#,0.101694915,#,#
E01020134,0.189189189,0.142857143,0.115942029,0.14516129,0.111111111
E01020135,0.141304348,0.093023256,0.066666667,#,0.074468085
E01020136,0.1,0.1,#,#,#
E01020137,0.153846154,0.125,0.131578947,0.125,0.083333333
E01020138,0.166666667,0.089108911,0.114285714,0.098039216,0.082474227
E01020139,0.13253012,0.131578947,0.104477612,0.130434783,0.103448276
E01020140,0.148148148,#,#,#,#
E01020141,0.145454545,0.108108108,0.166666667,0.12195122,0.112
E01020142,#,#,#,#,#
E01020143,0.048,0.045801527,0.076923077,#,#
E01020144,#,#,#,#,#
E01020145,0.084337349,0.063157895,0.064516129,#,#
E01020146,#,#,0,0,#
E01020147,0.070588235,0.058139535,#,#,#
E01020148,0.075757576,0,#,#,#
E01020149,0.117647059,#,0.072463768,#,0.126984127
E01020150,0.053191489,#,0.046728972,0.078431373,0.117021277
E01020151,#,#,0,0,#
E01020152,#,#,0,#,#
E01020153,#,#,#,#,#
E01020154,0.056179775,0.077777778,0.075,#,#
E01020155,#,#,#,0.080645161,#
E01020156,#,#,#,#,#
E01020157,#,#,0.052173913,0.081818182,0.046728972
E01020158,0.058823529,#,#,#,#
E01020159,#,#,#,#,0.078125
E01020160,0.054263566,0.063636364,#,#,#
E01020161,0.087591241,0.136054422,0.133333333,0.108695652,0.142857143
E01020162,0.072164948,0.067307692,#,#,0.045454545
E01020163,0.110294118,0.055555556,0.051724138,#,#
E01020164,0.045045045,0.063063063,0.048076923,0.05,#
E01020165,0.090909091,#,#,#,#
E01020166,#,#,#,#,#
E01020167,#,#,0,#,#
E01020168,0.066666667,0.105769231,#,#,#
E01020169,0.04,#,#,0.040650407,#
E01020170,0.047619048,#,#,#,#
E01020171,#,#,#,0.083333333,0.078125
E01020172,0.103448276,#,#,#,#
E01020173,#,0,#,0,#
E01020174,0.079365079,#,#,#,#
E01020175,0.064935065,#,#,0,#
E01020176,#,#,#,#,#
E01020177,0.138888889,0.118421053,#,0.064102564,0.1
E01020178,#,0.085714286,#,#,#
E01020179,#,#,#,#,#
E01020180,0.1,0.086956522,0.080357143,0.0625,0.046875
E01020181,0.111111111,0.085714286,0.055045872,#,#
E01020182,0.073170732,0.096774194,0.055555556,0.091954023,0.087378641
E01020183,0.074626866,0.094594595,0.074626866,0.111111111,#
E01020184,#,#,#,#,#
E01020185,0.098039216,#,#,#,#
E01020186,#,#,0,#,#
E01020187,0.069767442,#,#,0,#
E01020188,#,#,#,#,0
E01020189,0.098214286,0.074380165,0.047619048,0.047619048,0.064516129
E01020190,#,#,0.056074766,0.060606061,0.068627451
E01020191,0.102040816,0.111111111,#,#,#
E01020192,0.067567568,#,#,0,#
E01020193,0.077777778,#,#,#,#
E01020194,#,0.052083333,#,#,#
E01020195,0.05982906,0.082644628,0.061403509,0.089108911,0.071428571
E01020196,0.141025641,0.085365854,#,0.054347826,#
E01020197,#,#,#,#,0
E01020198,#,0.116883117,0.08974359,0.138888889,0.136986301
E01020199,0.097560976,0.16091954,0.115789474,0.112359551,0.093023256
E01020200,#,#,#,#,#
E01020201,#,#,#,#,#
E01020202,0.119402985,#,#,#,#
E01020203,#,#,0,0,#
E01020204,0.144444444,0.146067416,0.129411765,0.092105263,0.117647059
E01020205,#,#,#,#,#
E01020206,0.085714286,#,#,#,0.078947368
E01020207,0.107692308,0.074074074,0.063829787,0.076190476,0.050847458
E01020208,0.081081081,0.115942029,0.109589041,0.138888889,0.108108108
E01020209,0.073529412,#,#,0.090909091,#
E01020210,#,#,0,#,#
E01020211,0.158536585,0.12987013,0.111111111,0.225352113,0.131578947
E01020212,0.148514851,0.153061224,0.095238095,0.106666667,0.129032258
E01020213,0.152542373,0.088235294,#,0.107142857,0.092307692
E01020214,0.134328358,0.094594595,#,0.074074074,0.075949367
E01020215,#,#,#,#,#
E01020216,0.210084034,0.201438849,0.125925926,0.194029851,0.156028369
E01020217,0.149253731,0.157142857,0.115942029,0.094594595,0.126760563
E01020218,0.294736842,0.153061224,0.180722892,0.179487179,0.215189873
E01020219,0.100840336,#,0.075,0.040983607,0.053030303
E01020220,0.103896104,0.112676056,0.065789474,0.078947368,0.084507042
E01020221,0.065934066,0.083333333,0.0625,0.07,0.067961165
E01020222,#,#,#,#,#
E01020223,#,0.057471264,#,#,0.08
E01020224,0.140625,0.119402985,0.136986301,0.1125,0.106666667
E01020225,0.12,0.102564103,0.101265823,0.063291139,0.092105263
E01020226,#,#,0.071428571,#,0.076923077
E01020227,0.119565217,#,0.057471264,0.073170732,0.068493151
E01020228,#,#,#,#,#
E01020229,0.126760563,0.073170732,0.054347826,#,0.054945055
E01020230,0.166666667,0.113924051,0.084507042,0.102941176,0.098360656
E01020231,#,0.056818182,0.113636364,0.053191489,0.055555556
E01020232,0.133928571,0.122807018,0.085470085,0.045045045,0.13
E01020233,0.151515152,#,#,#,#
E01020234,0.154761905,0.179487179,0.111111111,0.103896104,0.15942029
E01020235,0,#,0.115384615,0.070422535,0.075757576
E01020236,#,#,0.080645161,#,#
E01020237,#,0.102941176,#,#,#
E01020238,0,#,#,0,0
E01020239,0,#,#,0,#
E01020240,#,#,#,#,#
E01020241,#,#,#,0.054945055,#
E01020242,0.138888889,0.071428571,#,0.053191489,#
E01020243,#,#,#,#,#
E01020244,0.101449275,#,#,#,#
E01020245,#,#,#,#,0.075757576
E01020246,#,#,#,0,#
E01020247,0.141304348,0.104651163,0.125,0.08,0.0625
E01020248,0.095890411,0.090909091,#,#,#
E01020249,0.083333333,#,#,0.081967213,#
E01020250,0.101449275,0.064102564,0.08,0.093333333,0.108108108
E01020251,#,#,#,#,#
E01020252,0.142857143,0.122807018,0.074626866,0.080645161,0.101449275
E01020253,#,#,0.05982906,0.043859649,#
E01020254,0.1125,0.090909091,#,0.085365854,0.141025641
E01020255,#,0.108108108,0.076923077,0.069444444,0.070422535
E01020256,0.089552239,0.126760563,0.064935065,0.1,0.068493151
E01020257,0,#,0.068493151,#,#
E01020258,0.066666667,0.076923077,0.079545455,#,#
E01020259,0,#,0,0,#
E01020260,0.125,#,#,#,0
E01020261,#,0,#,#,#
E01020262,#,#,#,#,#
E01020263,#,#,#,#,#
E01020264,0.192982456,0.132352941,0.123076923,0.080645161,#
E01020265,#,#,#,0.084507042,#
E01020266,0.068493151,#,#,0.054945055,#
E01020267,#,#,#,#,#
E01020268,#,0.127272727,0.163265306,0.155172414,0.118644068
E01020269,0.186046512,0.162790698,#,#,#
E01020270,#,#,#,#,#
E01020271,0.061403509,0.051724138,0.097345133,0.071428571,#
E01020272,0.198412698,0.1640625,0.121212121,0.108527132,#
E01020273,#,#,#,#,#
E01020274,#,#,#,#,0
E01020275,0.166666667,#,#,#,#
E01020276,#,#,#,#,#
E01020277,0.198717949,0.149068323,0.162337662,0.130718954,0.112676056
E01020278,0.08988764,#,#,0.068493151,#
E01020279,0.13559322,0.109243697,0.084745763,0.123893805,0.090909091
E01020280,0.185185185,0.234234234,0.161616162,0.116504854,0.073684211
E01020281,0.117647059,0.072916667,0.049019608,0.068965517,0.054054054
E01020282,0.181818182,0.15,0.088235294,0.140350877,0.129032258
E01020283,0.12,#,0.094594595,0.067567568,0.068493151
E01020284,0.153153153,0.165217391,0.115044248,0.140186916,0.08490566
E01020285,0.156028369,0.144,0.103448276,0.089285714,0.155555556
E01020286,#,0.084210526,0.094736842,0.075268817,#
E01020287,0.090909091,#,#,0,0
E01020288,#,#,#,#,0.072289157
E01020289,0.097222222,#,#,#,0.092592593
E01020290,#,0.077922078,0.072463768,#,#
E01020291,0.093333333,#,#,#,#
E01020292,#,0.084507042,#,#,#
E01020293,0.06779661,#,0.058333333,0.095238095,0.094488189
E01020294,0.148148148,0.141304348,0.166666667,0.121495327,0.074468085
E01020295,0.085714286,#,#,#,#
E01020296,0.064935065,#,0,#,0
E01020297,0.225806452,0.147540984,#,0.086956522,0.106060606
E01020298,#,#,#,#,#
E01020299,#,#,#,#,#
E01020300,0.117647059,0.098360656,#,0.080645161,#
E01020301,0.086956522,0.06185567,#,#,#
E01020302,0.06097561,#,#,#,#
E01020303,0.06097561,#,0.078125,0.09375,0.09375
E01020304,0.05,0.085714286,0.083333333,#,#
E01020305,0.173913043,0.16,#,#,#
E01020306,#,0.079365079,0.089552239,#,0
E01020307,0.136842105,0.130434783,0.097826087,0.075,#
E01020308,0.0625,#,#,#,#
E01020309,#,#,#,0.061728395,0.108108108
E01020310,0.189655172,0.072463768,0.084507042,0.105263158,0.098591549
E01020311,#,#,#,#,#
E01020312,0,#,#,#,0.065789474
E01020313,0.1,0.089552239,#,0.083333333,0.125
E01020314,#,0.067567568,0.076923077,#,#
E01020315,#,#,0,#,#
E01020316,0.05952381,#,#,#,#
E01020317,#,#,#,#,0
E01020318,#,#,#,#,#
E01020319,#,#,#,#,#
E01020320,0.067567568,#,#,#,#
E01020321,0.069565217,0.09009009,0.115384615,0.091954023,0.084337349
E01020322,0.126213592,0.102564103,0.101694915,0.078947368,0.081967213
E01020323,0.106060606,#,0.153846154,0.133333333,#
E01020324,#,#,#,#,#
E01020325,#,0.088607595,0.071428571,#,#
E01020326,0.144329897,0.144444444,0.076086957,0.083333333,0.091954023
E01020327,0.081081081,0.157894737,0.111111111,#,#
E01020328,0.091836735,0.063636364,0.054545455,0.093220339,0.125
E01020329,0.086206897,0.084507042,0.084507042,0.107692308,0.075757576
E01020330,0.112359551,0.133333333,0.08988764,0.097826087,0.076086957
E01020331,#,#,#,#,#
E01020332,0.102564103,0.077922078,0.068493151,0.086956522,0.098360656
E01020333,0.083333333,#,#,#,#
E01020334,0.152380952,0.121495327,0.065934066,0.081395349,0.076923077
E01020335,#,#,#,#,#
E01020336,#,#,#,#,0
E01020337,0.142857143,0.15625,0.161290323,#,#
E01020338,0.086021505,0.075268817,#,#,#
E01020339,#,#,#,0.105263158,#
E01020340,0.135135135,0.102564103,0.108433735,0.113924051,0.074626866
E01020341,#,#,0.071428571,0,#
E01020342,0.070588235,#,#,0.067567568,#
E01032628,#,0.044642857,0.05982906,0.074074074,0.097087379
E01032657,#,#,#,0.3,#
E01032658,0.243243243,0.3125,0.177777778,0.16,#
E01033232,0.131147541,0.087719298,#,#,#
E01033233,0.163934426,0.2125,0.157894737,0.14084507,0.112903226
E01033234,0.098591549,#,#,0.104651163,0.08045977
E01033235,#,#,#,#,0
E01033236,0,#,#,0,#
E07000040,0.081331198,0.068466096,0.067290032,0.070884791,0.063826117
E07000041,0.146221366,0.125920032,0.119120969,0.120303839,0.091320267
E07000042,0.08503027,0.074405523,0.06915593,0.075389238,0.064444444
E07000043,0.10381914,0.08560558,0.0723972,0.070707071,0.066792098
E07000044,0.059778598,0.050666032,0.040304743,0.040946083,0.047270828
E07000045,0.088969737,0.077674568,0.066439246,0.067206077,0.067567568
E07000046,0.107130787,0.089089089,0.074642127,0.073162393,0.062432723
E07000047,0.076105442,0.072908036,0.065384615,0.058278146,0.058160505
E10000008,0.094357431,0.081058308,0.072613152,0.07365888,0.066392302
E06000026,0.13636735,0.118530885,0.103205181,0.098019385,0.09221978
E06000027,0.098981298,0.088901635,0.080197871,0.08125937,0.077858497
IMDQ1,0.195435785,0.170372077,0.15716524,0.15147768,0.138527575
IMDQ2,0.129310345,0.109769647,0.094972919,0.092318534,0.086185769
IMDQ3,0.082417967,0.07433427,0.064379442,0.064038381,0.060395897
IMDQ4,0.064686589,0.054834551,0.050407644,0.054786006,0.049765597
IMDQ5,0.053407602,0.04488583,0.04060419,0.044688165,0.038709677
E02003122,0.054393305,0.05904059,0.062068966,0.070175439,0.084805654
E02003123,0.106818182,0.118040089,0.104545455,0.085308057,0.065326633
E02003124,0.153664303,0.155813953,0.146282974,0.110831234,0.099462366
E02003125,0.12654321,0.107692308,0.089456869,0.09202454,0.119863014
E02003126,0.122186495,0.107266436,0.073684211,0.071684588,0.050724638
E02003127,0.168085106,0.140756303,0.16,0.125284738,0.105263158
E02003128,0.1352657,0.12,0.091370558,0.098143236,0.114285714
E02003129,0.084459459,0.048109966,0.033333333,0.054982818,0.074074074
E02003130,0.180530973,0.149484536,0.113752122,0.117338004,0.108348135
E02003131,0.117948718,0.093670886,0.089709763,0.089673913,0.077134986
E02003132,0.125313283,0.086075949,0.051282051,0.06377551,0.064267352
E02003133,0.107551487,0.108108108,0.071770335,0.121287129,0.121693122
E02003134,0.195454545,0.176744186,0.145552561,0.115384615,0.081081081
E02003135,0.195227766,0.172340426,0.136160714,0.127358491,0.138381201
E02003136,0.081218274,0.046753247,0.05,0.03021978,0.035326087
E02003137,0.027093596,0.035377358,0.021582734,0.031553398,0.041884817
E02003138,0.094827586,0.037634409,0.028490028,0.044776119,0.046296296
E02003139,0.059322034,0.057220708,0.058823529,0.057692308,0.055555556
E02003140,0.055288462,0.053658537,0.039577836,0.061111111,0.052023121
E02003141,0.186351706,0.154450262,0.122222222,0.126843658,0.122093023
E02003142,0.157894737,0.158396947,0.128107075,0.105263158,0.095435685
E02003143,0.090206186,0.074358974,0.062146893,0.050595238,0.062091503
E02003144,0.182857143,0.2,0.179347826,0.117647059,0.151685393
E02003145,0.131034483,0.108196721,0.093645485,0.103333333,0.095744681
E02003146,0.152173913,0.150724638,0.142857143,0.109422492,0.100334448
E02003147,0.269879518,0.209821429,0.172985782,0.155717762,0.145728643
E02003148,0.31627907,0.252336449,0.231759657,0.232067511,0.165137615
E02003149,0.189873418,0.16,0.151057402,0.184848485,0.193548387
E02003150,0.271084337,0.228279387,0.224555735,0.21509434,0.194196429
E02003151,0.073746313,0.051724138,0.05362776,0.037151703,0.025236593
E02003152,0.070063694,0.062745098,0.054511278,0.048824593,0.049723757
E02003153,0.059459459,0.06557377,0.068376068,0.053571429,0.024539877
E02003154,0.127058824,0.123853211,0.104368932,0.110837438,0.121134021
E02003155,0.095238095,0.073426573,0.049122807,0.06185567,0.060150376
E02003156,0.09202454,0.090573013,0.0651341,0.051001821,0.053742802
E02003157,0.136612022,0.1171875,0.097701149,0.124637681,0.094224924
E02003158,0.102459016,0.082733813,0.057971014,0.065454545,0.04887218
E02003159,0.158602151,0.107816712,0.113846154,0.109792285,0.097633136
E02003161,0.24057971,0.2,0.195530726,0.214501511,0.235465116
E02003163,0.092682927,0.081081081,0.04950495,0.088888889,0.079787234
E02003164,0.057692308,0.05733945,0.055155875,0.042696629,0.037037037
E02003165,0.062146893,0.056022409,0.06122449,0.063953488,0.071216617
E02003166,0.084070796,0.080272109,0.081991215,0.086402266,0.07480916
E02003167,0.162352941,0.130820399,0.102137767,0.111627907,0.127182045
E02003168,0.058333333,0.06504065,0.068306011,0.063711911,0.06122449
E02003169,0.036900369,0.047297297,0.027118644,0.044067797,0.046594982
E02003170,0.05,0.047085202,0.070588235,0.073417722,0.04494382
E02003171,0.06017192,0.066489362,0.067204301,0.050704225,0.036827195
E02004129,0.067307692,0.060747664,0.040358744,0.044117647,0.04784689
E02004130,0.114503817,0.061068702,0.07751938,0.069498069,0.088105727
E02004131,0.074204947,0.053030303,0.049586777,0.064655172,0.066390041
E02004132,0.039702233,0.05952381,0.057692308,0.057591623,0.050938338
E02004133,0.075085324,0.067647059,0.078125,0.093023256,0.08
E02004134,0.081325301,0.067357513,0.0625,0.066513761,0.058956916
E02004135,0.0546875,0.03343465,0.032520325,0.066481994,0.036211699
E02004136,0.054761905,0.041666667,0.052272727,0.052752294,0.036951501
E02004137,0.054054054,0.043478261,0.027149321,0.059360731,0.054054054
E02004138,0.048387097,0.051094891,0.066666667,0.058219178,0.066914498
E02004139,0.102189781,0.088888889,0.053291536,0.066869301,0.07165109
E02004140,0.060606061,0.049079755,#,0.048275862,0.048611111
E02004141,0.062761506,0.042307692,0.048387097,0.072,0.070247934
E02004142,0.070063694,0.06097561,0.035211268,0.045454545,0.033112583
E02004143,0.081570997,0.055096419,0.054140127,0.047457627,0.065891473
E02004144,0.105919003,0.074850299,0.078231293,0.067137809,0.04137931
E02004145,0.053475936,0.062801932,0.051020408,0.056410256,0.051546392
E02004146,0.131455399,0.113978495,0.121076233,0.096412556,0.098086124
E02004147,0.132890365,0.13030303,0.144654088,0.123839009,0.104575163
E02004148,0.120274914,0.113333333,0.113402062,0.113074205,0.080267559
E02004149,0.078947368,0.109004739,0.092682927,0.095238095,0.058201058
E02004150,0.141263941,0.133105802,0.114186851,0.134185304,0.121710526
E02004151,0.140877598,0.117894737,0.0907173,0.099365751,0.07860262
E02004152,0.297468354,0.265432099,0.234042553,0.248175182,0.165467626
E02004153,0.122807018,0.122340426,0.108695652,0.116531165,0.084795322
E02004154,0.101754386,0.078688525,0.07523511,0.080128205,0.052631579
E02004155,0.152631579,0.104477612,0.108033241,0.11849711,0.107462687
E02004156,0.322147651,0.297520661,0.346820809,0.311926606,0.225694444
E02004157,0.106508876,0.078125,0.076086957,0.051020408,0.033333333
E02004158,0.170984456,0.130653266,0.119363395,0.145658263,0.100303951
E02004159,0.071604938,0.075514874,0.058426966,0.075156576,0.065400844
E02004160,0.096866097,0.078873239,0.071428571,0.090116279,0.054878049
E02004161,0.188311688,0.134328358,0.147826087,0.120092379,0.101895735
E02004162,0.113879004,0.103092784,0.064638783,0.06614786,0.032258065
E02004163,0.118320611,0.104026846,0.11627907,0.106918239,0.102484472
E02004164,0.047619048,0.04950495,0.04109589,0.043010753,0.032490975
E02004165,0.04587156,0.056818182,0.069565217,0.062146893,0.063711911
E02004166,0.07073955,0.053824363,0.04519774,0.069908815,0.063897764
E02004167,0.170212766,0.105386417,0.089588378,0.098404255,0.076923077
E02004168,0.118055556,0.113712375,0.094915254,0.105839416,0.084942085
E02004169,0.047619048,0.036939314,0.047619048,0.058355438,0.062146893
E02004170,0.077844311,0.085399449,0.095505618,0.090909091,0.080495356
E02004171,0.075987842,0.061971831,0.037356322,0.045576408,0.04076087
E02004172,0.114864865,0.093959732,0.077205882,0.096885813,0.095744681
E02004173,0.068249258,0.06162465,0.06442577,0.07079646,0.040345821
E02004174,0.088669951,0.096470588,0.094147583,0.09375,0.073746313
E02004175,0.173611111,0.114186851,0.096666667,0.103806228,0.102661597
E02004176,0.119148936,0.05952381,0.043478261,0.067510549,0.060344828
E02004177,0.154061625,0.134920635,0.112716763,0.079113924,0.107843137
E02004178,0.031620553,0.039840637,0.038297872,0.023041475,0.037914692
E02004179,0.051428571,0.065395095,0.046321526,0.046961326,0.054597701
E02004180,0.050909091,0.04290429,0.025179856,0.036231884,#
E02004181,0.107744108,0.089108911,0.1,0.098181818,0.071146245
E02004182,0.197860963,0.157894737,0.150442478,0.13091922,0.105413105
E02004183,0.119133574,0.075862069,0.06614786,0.071428571,0.066666667
E02004184,0.115686275,0.091911765,0.090566038,0.067518248,0.071705426
E02004185,0.036697248,0.069958848,0.048192771,0.051282051,0.035714286
E02004186,0.061425061,0.051339286,0.029545455,0.050359712,0.045945946
E02004187,0.100478469,0.093366093,0.06372549,0.072681704,0.065656566
E02004188,0.090909091,0.084745763,0.082758621,0.076388889,0.074074074
E02004189,0.0625,0.044368601,0.041666667,0.02811245,0.06
E02004190,0.059633028,0.044811321,0.035799523,0.051886792,0.051980198
E02004191,0.078886311,0.078723404,0.063596491,0.06345733,0.054393305
E02004192,0.030959752,0.028753994,0.030100334,0.028880866,0.02238806
E02004193,0.07001321,0.060991105,0.046791444,0.045706371,0.049418605
E02004194,0.041791045,0.037681159,0.045714286,0.047619048,0.056666667
E02004195,0.07960199,0.068292683,0.049261084,0.045226131,0.052631579
E02004196,0.037900875,0.034883721,0.042813456,0.033033033,0.052307692
E02004197,0.052631579,0.042635659,#,0.037656904,0.052845528
E02004198,0.067278287,0.06010929,0.030555556,0.034810127,0.032679739
E02004199,0.067307692,0.051886792,0.023923445,#,0.03
E02004200,0.059171598,#,0.02994012,#,0.034482759
E02004201,0.035532995,0.052132701,0.054347826,0.044198895,0.038251366
E02004202,0.074175824,0.041025641,0.036745407,0.051912568,0.05
E02004203,0.038314176,0.0433213,0.041353383,0.022813688,0.034615385
E02004204,0.059471366,0.064444444,0.034782609,0.042553191,0.063596491
E02004205,0.115151515,0.093663912,0.08423913,0.057065217,0.084795322
E02004206,0.103448276,0.084870849,0.095435685,0.075313808,0.101851852
E02004207,0.085714286,0.090301003,0.060810811,0.034364261,0.055921053
E02004208,0.054313099,0.043478261,0.054711246,0.080691643,0.051575931
E02004209,0.069605568,0.071881607,0.064777328,0.068322981,0.078891258
E02004210,0.15,0.121126761,0.108262108,0.085545723,0.052459016
E02004211,0.079497908,0.044534413,0.05,0.044715447,0.04
E02004212,0.079617834,0.052631579,0.065359477,0.077702703,0.062295082
E02004213,0.071942446,0.086092715,0.054487179,0.058631922,0.041269841
E02004214,0.194805195,0.141025641,0.137254902,0.151815182,0.146179402
E02004215,0.133522727,0.117647059,0.094339623,0.109289617,0.109859155
E02004216,0.11627907,0.096989967,0.048442907,0.084870849,0.090566038
E02004217,0.076335878,0.100244499,0.072815534,0.0875,0.075520833
E02004218,0.097315436,0.064189189,0.068100358,0.056603774,0.053639847
E02004219,0.040268456,0.04137931,0.033210332,#,0.024489796
E02004220,0.138095238,0.090909091,0.060185185,0.059360731,0.070422535
E02004221,0.138157895,0.077777778,0.065217391,0.082926829,0.064356436
E02004222,0.162962963,0.157303371,0.100371747,0.101449275,0.078358209
E02004223,0.149275362,0.120765832,0.108066971,0.109177215,0.092982456
E02004224,0.06741573,0.060070671,0.036630037,0.035971223,0.040145985
E02004225,0.1,0.109677419,0.088135593,0.0609319,0.036144578
E02004226,0.058631922,0.039735099,0.040740741,0.04296875,0.031128405
E02004227,0.074829932,0.054421769,0.061135371,0.073839662,0.068432671
E02004228,0.065217391,0.071216617,0.067307692,0.045751634,0.043189369
E02004229,0.102827763,0.094387755,0.08616188,0.077994429,0.077142857
E02004230,0.094043887,0.106628242,0.081081081,0.089552239,0.089855072
E02004231,0.062240664,0.054393305,0.082608696,0.084821429,0.043290043
E02004232,0.071186441,0.069620253,0.076219512,0.054545455,0.056478405
E02004233,0.090225564,0.077358491,0.057494867,0.040169133,0.043280182
E02004234,0.04029304,0.046428571,0.045454545,0.026819923,0.030651341
E02004235,0.04620462,0.041935484,0.027303754,0.038869258,0.058419244
E02006840,0.075342466,0.076033058,0.074074074,0.0528,0.047957371
TOWN01,0.076335878,0.100244499,0.072815534,0.0875,0.075520833
TOWN02,0.066666667,0.048913043,0.062402496,0.083596215,0.062027231
TOWN03,0.105581999,0.084327437,0.073898012,0.074025405,0.06146789
TOWN04,0.13202934,0.106115108,0.083232811,0.083034648,0.073744437
TOWN05,0.042801556,0.053231939,0.043392505,0.041407867,0.051612903
TOWN06,0.089509143,0.084259259,0.07925636,0.086734694,0.068181818
TOWN07,0.069418386,0.062768702,0.064204046,0.066849817,0.060747664
TOWN08,0.060240964,0.048192771,0.03307888,0.031496063,0.039548023
TOWN09,0.109090909,0.086158192,0.085168869,0.061403509,0.085578447
TOWN10,0.135786569,0.115312553,0.108680434,0.111795775,0.085771763
TOWN11,0.10439826,0.089398023,0.091782797,0.083212385,0.073926074
TOWN12,0.087121212,0.082862524,0.07,0.053191489,0.036199095
TOWN13,0.070773263,0.061696658,0.063636364,0.062820513,0.058355438
TOWN14,0.083028083,0.060122699,0.054224464,0.059585492,0.067750678
TOWN15,0.145038168,0.109947644,0.088391906,0.079726651,0.088835534
TOWN16,0.059562842,0.048793566,0.038873239,0.037790698,0.051220965
TOWN17,0.059219381,0.048507463,0.027742749,0.02745098,0.031207598
TOWN18,#,0,0,#,#
TOWN19,0.038888889,0.048076923,0.03902439,#,0.033980583
TOWN20,0.089700997,0.078544061,0.064283735,0.068438914,0.070895522
TOWN21,0.085144928,0.085889571,0.077687444,0.078196872,0.068391867
TOWN22,0.047560976,0.047457627,0.05134189,0.054086538,0.046818727
TOWN23,0.061946903,0.051896208,0.049212598,0.052734375,0.051440329
TOWN24,0.069131833,0.066469719,0.046827795,0.071646341,0.068429238
TOWN25,0.085621971,0.08985025,0.064080944,0.07008547,0.066783831
TOWN26,0.065561417,0.059084195,0.053158706,0.040225261,0.046666667
TOWN27,0.104497354,0.082592122,0.08,0.075980392,0.051948052
TOWN28,0.095890411,0.077345036,0.07,0.075244113,0.064214828
TOWN29,0.060352832,0.05625,0.054151625,0.059099437,0.05476865
DIV1,0.112698413,0.100609756,0.067545305,0.080592105,0.047945205
DIV2,0.069952305,0.085889571,0.06,0.067307692,0.053511706
DIV3,0.079365079,0.057569296,0.065693431,0.087114338,0.066901408
DIV4,0.163072776,0.12890095,0.129927007,0.115714286,0.098214286
DIV5,0.107541899,0.080157687,0.07628294,0.065277778,0.061046512
DIV6,0.065666041,0.039927405,0.028409091,0.026422764,0.05465587
DIV7,0.146478873,0.121297602,0.095652174,0.099415205,0.0736
DIV8,0.117988395,0.105769231,0.082514735,0.077689243,0.080082136
DIV9,0.067375887,0.065813528,0.04029304,0.025925926,0.055755396
DIV10,0.042801556,0.053231939,0.043392505,0.041407867,0.051612903
DIV11,0.083732057,0.065539112,0.060483871,0.064257028,0.053571429
DIV12,0.05017301,0.063973064,0.048951049,0.044596913,0.046846847
DIV13,0.059183673,0.048582996,0.032323232,0.052313883,0.03803132
DIV14,0.081871345,0.054945055,0.037735849,0.048828125,0.037623762
DIV15,0.093093093,0.096126255,0.081790123,0.088235294,0.064189189
DIV16,0.081260365,0.063004847,0.05794702,0.065180103,0.062080537
DIV17,0.073500967,0.075438596,0.077898551,0.077490775,0.064814815
DIV18,0.049618321,0.044401544,0.037848606,0.035714286,0.034934498
DIV19,0.10998308,0.089905363,0.088669951,0.064250412,0.091397849
DIV20,0.097014925,0.121107266,0.095890411,0.099009901,0.079422383
DIV21,0.069042316,0.043209877,0.040511727,0.051339286,0.050847458
DIV22,0.094142259,0.09270217,0.088295688,0.089958159,0.068965517
DIV23,0.110592938,0.090573013,0.096256684,0.083221477,0.075618375
DIV24,0.140350877,0.118055556,0.116642959,0.132653061,0.092913386
DIV25,0.080555556,0.052407932,0.061764706,0.070015221,0.080952381
DIV26,0.041474654,0.06361829,0.04,0.047008547,0.046296296
DIV27,0.085106383,0.081996435,0.076642336,0.07456979,0.062264151
DIV28,0.130503145,0.098802395,0.091627172,0.094684385,0.091222031
DIV29,0.070773263,0.061696658,0.063636364,0.062820513,0.058355438
DIV30,0.162790698,0.125937031,0.105263158,0.090909091,0.105448155
DIV31,0.071310116,0.052631579,0.051756007,0.037037037,0.042510121
DIV32,0.07001321,0.060991105,0.046791444,0.045706371,0.049418605
DIV33,0.06728972,0.057093426,0.028119508,0.026819923,0.031620553
DIV34,0.071875,0.071942446,0.06362379,0.065826331,0.071117562
DIV35,0.143939394,0.10982659,0.096069869,0.113537118,0.102240896
DIV36,0.116176471,0.092920354,0.075110457,0.094801223,0.093650794
DIV37,0.138121547,0.084656085,0.0625,0.070754717,0.06746988
DIV38,0.083061889,0.088989442,0.078668684,0.072180451,0.074303406
DIV39,0.052631579,0.043806647,0.051401869,0.058267717,0.051612903
DIV40,0.137540453,0.120588235,0.097891566,0.109970674,0.088989442
DIV41,0.052747253,0.031847134,0.029082774,0.021413276,0.028888889
DIV42,0.055984556,0.047038328,0.043478261,0.050086356,0.052631579
DIV43,0.074427481,0.070546737,0.044802867,0.068345324,0.063636364
DIV44,0.039279869,0.043624161,0.038655462,0.055837563,0.059440559
DIV45,0.11752988,0.102615694,0.084016393,0.082978723,0.075949367
DIV46,0.270718232,0.253012048,0.288557214,0.263291139,0.195906433
DIV47,0.204225352,0.163090129,0.14159292,0.140311804,0.086651054
DIV48,0.090225564,0.077358491,0.057494867,0.040169133,0.043280182
DIV49,0.104134763,0.084194978,0.082352941,0.083090379,0.051987768
DIV50,0.111441308,0.079301075,0.07862069,0.090647482,0.076040172
DIV51,0.089320388,0.084095064,0.073260073,0.07606679,0.063953488
DIV52,0.07907743,0.075163399,0.065486726,0.052336449,0.033596838
DIV53,0.069230769,0.065433855,0.063235294,0.061933535,0.062027231
DIV54,0.090206186,0.08988764,0.099337748,0.089820359,0.081510934
DIV55,0.048523207,0.062626263,0.049309665,0.047109208,0.036480687
DIV56,0.059090909,0.050408719,0.048076923,0.055072464,0.054628225
DIV57,0.15477997,0.113372093,0.122171946,0.111627907,0.091917591
DIV58,0.049844237,0.045454545,0.048136646,0.043046358,0.048092869
CHSCTAXE,0.066276803,0.056647399,0.053009387,0.070477248,0.061452514
CHSCTBARNSTAPLE,0.117983368,0.088989442,0.083288841,0.079297499,0.065217391
CHSCTBIDEFORD,0.118759853,0.098534613,0.074092999,0.079192547,0.069844789
CHSCTBRAUNTON,0.107215105,0.086532206,0.069953364,0.065446868,0.074264706
CHSCTCREDITON,0.077935223,0.07925636,0.0781893,0.082251082,0.060066741
CHSCTCULLOMPTON,0.072833212,0.062626263,0.06151743,0.059957173,0.05465288
CHSCTDAWLISH,0.106803219,0.084438241,0.082503556,0.071631206,0.067322239
CHSCTEXETERCHALL,0.106880894,0.086759469,0.078982597,0.091518605,0.069199457
CHSCTEXETERSYCAMORE,0.171042164,0.149467499,0.142215569,0.134953271,0.105594957
CHSCTEXMOUTH,0.10439826,0.089398023,0.091782797,0.083212385,0.073926074
CHSCTHONITON,0.065627031,0.05210295,0.052258065,0.056894244,0.05805114
CHSCTIVYBRIDGE,0.062667381,0.051832461,0.041482301,0.041831543,0.053864169
CHSCTKINGSBRIDGE,0.059219381,0.048507463,0.027742749,0.02745098,0.031207598
CHSCTNABBOT,0.095645967,0.081391304,0.070323488,0.077342048,0.076866495
CHSCTOKE,0.07885906,0.080952381,0.076292043,0.067782427,0.064597315
CHSCTSMOLTON,0.092189501,0.090066225,0.06424581,0.078103208,0.074753173
CHSCTTAVISTOCK,0.064308682,0.058601134,0.048859935,0.037164487,0.045616536
CHSCTTEIGN,0.066617321,0.07239819,0.05204461,0.055764883,0.058823529
CHSCTTIVERTON,0.09394314,0.076056338,0.072164948,0.077698695,0.06377858
CHSCTTORRINGTON,0.075832743,0.070833333,0.065155807,0.05730659,0.049592894
CHSCTTOTNES,0.063663075,0.059099437,0.049038462,0.050682261,0.051231527
Eastern,0.100924499,0.087324784,0.082747233,0.086000124,0.071501272
Northern,0.105123087,0.086956522,0.073274714,0.071680217,0.065066061
Southern,0.092067989,0.082236842,0.072415821,0.073406071,0.071897444
Western,0.118539534,0.102577938,0.088459394,0.083817427,0.081289465
