Area,0 to 4,5 to 9,10 to 14,15 to 19,20 to 24,25 to 29,30 to 34,35 to 39,40 to 44,45 to 49,50 to 54,55 to 59,60 to 64,65 to 69,70 to 74,75 to 79,80 to 84,85 and over,,
E92000001,,,,,,,,,,,,,,,,,,,,
E12000009,,,,,,,,,,,,,,,,,,,,
E01015023,105,109,140,113,90,98,139,118,109,139,101,113,89,75,67,40,41,57,,Western
E01015024,74,59,46,78,86,105,86,73,91,124,123,133,84,100,75,57,20,17,,Western
E01015025,74,77,60,74,55,88,45,63,75,97,115,132,120,122,149,123,102,88,,Western
E01015026,151,134,58,63,89,182,148,89,90,96,107,100,65,60,69,35,21,31,,Western
E01015027,88,88,106,92,88,67,102,91,91,116,155,138,108,123,73,65,41,37,,Western
E01015028,118,128,80,68,71,132,124,80,64,79,89,99,71,69,44,33,38,23,,Western
E01015029,151,170,131,126,91,136,157,134,98,113,101,105,66,72,58,44,51,25,,Western
E01015030,130,133,94,88,96,125,139,100,89,114,113,101,89,70,78,41,57,41,,Western
E01015031,67,54,63,54,225,183,117,83,67,89,80,71,60,56,42,31,42,71,,Western
E01015032,43,42,53,208,738,246,118,95,58,86,79,39,39,35,45,16,23,22,,Western
E01015033,55,113,84,104,94,50,45,82,88,135,147,114,105,85,86,57,67,54,,Western
E01015034,46,75,95,97,59,59,47,70,74,108,128,102,71,85,95,64,59,99,,Western
E01015035,95,70,63,102,82,99,73,79,87,135,109,112,71,88,99,55,37,29,,Western
E01015036,84,91,96,83,44,61,69,80,88,144,111,90,97,88,101,64,66,91,,Western
E01015037,82,92,84,68,59,122,81,83,85,76,132,118,69,76,103,69,61,28,,Western
E01015038,83,103,103,129,85,114,92,105,106,140,148,109,102,99,83,55,56,42,,Western
E01015039,103,73,67,84,191,322,218,163,130,106,99,73,58,31,53,20,21,14,,Western
E01015040,118,136,116,98,100,110,98,83,108,127,90,104,74,54,63,37,27,15,,Western
E01015041,111,121,58,64,91,125,155,152,66,115,100,115,63,81,38,19,40,12,,Western
E01015042,96,105,90,71,89,148,143,106,87,111,99,85,68,43,46,42,32,5,,Western
E01015043,138,122,77,75,129,180,119,102,81,107,105,83,65,43,32,33,10,14,,Western
E01015044,65,82,42,63,106,170,125,107,78,114,109,103,60,77,53,43,14,32,,Western
E01015045,138,126,51,63,144,191,141,106,70,97,111,74,92,51,30,31,13,33,,Western
E01015046,139,155,135,115,123,138,171,141,92,118,113,132,80,114,62,61,18,20,,Western
E01015047,182,155,123,112,110,154,143,104,104,118,130,105,124,81,103,34,22,13,,Western
E01015048,219,134,115,161,194,205,215,153,147,133,133,89,62,75,43,45,19,12,,Western
E01015049,54,39,16,73,722,132,97,68,53,39,73,36,55,40,26,21,19,17,,Western
E01015050,32,20,20,137,1103,198,95,54,54,39,35,44,25,34,17,28,26,30,,Western
E01015051,40,20,17,215,961,136,49,36,34,52,37,18,32,39,48,26,19,18,,Western
E01015052,57,76,50,68,878,200,109,125,57,60,41,55,71,49,28,14,15,22,,Western
E01015053,28,39,41,158,556,122,59,68,58,48,55,51,37,35,19,17,20,8,,Western
E01015054,26,22,18,463,940,93,43,28,46,29,30,38,36,38,22,12,7,14,,Western
E01015055,81,85,91,92,83,66,81,106,96,102,96,110,102,90,62,26,29,32,,Western
E01015056,101,67,71,61,86,131,136,95,62,96,119,118,114,100,88,49,57,53,,Western
E01015057,140,129,105,89,99,108,120,111,105,101,108,87,64,60,56,38,34,52,,Western
E01015058,110,155,106,133,108,103,115,83,103,101,104,73,80,71,57,25,18,12,,Western
E01015059,101,95,103,110,94,165,121,110,94,156,132,108,66,64,59,35,21,15,,Western
E01015060,94,101,90,132,120,90,120,98,94,105,109,82,73,83,76,61,35,14,,Western
E01015061,113,101,63,103,255,159,128,78,109,89,73,49,55,42,41,25,23,22,,Western
E01015062,62,80,53,223,819,231,95,90,74,78,70,40,49,30,49,25,15,20,,Western
E01015063,125,111,74,56,86,159,119,109,56,105,94,106,64,79,51,63,35,34,,Western
E01015064,62,68,71,78,77,51,50,68,80,125,109,128,126,133,124,96,88,81,,Western
E01015065,115,91,69,56,47,84,72,63,73,58,107,89,71,107,89,65,60,51,,Western
E01015066,63,82,63,80,54,77,76,81,89,80,103,107,90,107,108,53,29,24,,Western
E01015067,55,61,60,76,83,40,43,57,65,94,106,120,111,101,140,91,64,74,,Western
E01015068,100,120,88,111,72,99,106,100,103,107,96,100,83,93,97,52,68,40,,Western
E01015069,103,122,90,108,110,103,82,106,87,91,103,88,81,81,64,44,32,28,,Western
E01015070,178,189,152,130,135,202,198,199,176,182,198,179,109,120,112,49,47,38,,Western
E01015071,90,96,88,92,63,90,60,86,107,112,105,98,108,105,93,70,42,45,,Western
E01015072,98,113,110,116,85,94,146,89,91,107,96,133,87,64,50,55,31,23,,Western
E01015073,91,87,84,90,64,86,117,102,63,101,145,141,78,69,66,52,41,30,,Western
E01015074,96,115,92,84,82,91,112,92,70,98,105,89,103,89,82,71,37,36,,Western
E01015075,96,109,73,70,83,84,85,98,60,95,115,105,71,81,71,67,33,22,,Western
E01015076,85,83,84,55,93,92,100,104,73,105,106,110,73,64,64,59,44,38,,Western
E01015077,169,171,142,89,120,210,190,162,120,156,163,148,109,93,89,77,52,82,,Western
E01015078,142,121,107,120,84,132,128,84,101,88,107,88,108,82,50,45,47,24,,Western
E01015079,109,137,94,111,52,84,117,86,116,113,124,108,116,101,106,58,66,45,,Western
E01015080,52,76,89,76,63,83,88,64,37,50,67,40,25,23,33,15,17,6,,Western
E01015081,113,118,105,107,81,109,99,85,89,114,110,89,76,76,74,47,38,37,,Western
E01015082,108,103,96,103,95,124,127,90,85,100,136,143,98,95,104,61,41,40,,Western
E01015083,98,80,72,79,88,109,79,95,88,69,121,118,91,87,75,57,44,43,,Western
E01015084,60,86,82,85,71,72,70,90,78,86,103,112,92,96,96,55,43,44,,Western
E01015085,70,92,92,103,60,108,83,89,67,98,127,107,95,97,77,82,74,52,,Western
E01015086,75,83,62,60,62,86,90,80,65,73,86,87,63,97,84,68,34,38,,Western
E01015087,107,146,126,164,120,90,111,97,103,117,121,79,68,63,56,44,25,19,,Western
E01015088,185,166,125,121,110,144,144,89,88,95,101,64,67,46,53,25,14,16,,Western
E01015089,99,96,83,76,94,130,127,81,85,102,133,97,88,122,118,69,43,69,,Western
E01015090,51,82,83,55,57,46,80,81,77,72,86,124,122,103,99,43,28,30,,Western
E01015091,60,57,70,66,73,55,68,74,60,91,96,118,156,177,115,51,36,38,,Western
E01015092,127,92,89,262,272,169,148,150,105,95,72,58,87,95,74,45,14,36,,Western
E01015093,59,83,80,72,48,59,80,95,92,81,66,96,159,134,82,46,35,17,,Western
E01015094,104,104,63,76,78,81,87,64,66,65,75,81,119,124,85,31,37,49,,Western
E01015095,65,58,61,52,74,81,61,76,68,94,76,92,76,123,160,91,37,25,,Western
E01015096,53,89,101,88,71,61,67,86,113,88,89,92,109,85,111,66,29,20,,Western
E01015097,79,68,44,72,80,59,61,80,84,129,158,167,160,186,255,148,91,86,,Western
E01015098,99,132,119,113,112,102,150,147,108,110,128,87,61,84,61,34,45,39,,Western
E01015099,114,72,74,59,103,112,145,134,113,118,100,88,71,50,63,31,31,20,,Western
E01015100,81,88,83,76,170,136,95,95,121,122,129,88,53,52,53,28,23,22,,Western
E01015101,71,94,109,84,56,48,42,79,112,116,135,120,117,110,90,87,76,144,,Western
E01015102,125,109,88,84,111,126,165,153,129,116,123,100,83,89,67,39,43,35,,Western
E01015103,95,88,83,82,67,101,132,124,102,131,116,105,79,49,56,30,26,20,,Western
E01015104,100,104,94,117,75,65,82,79,108,122,124,111,99,70,89,41,36,40,,Western
E01015105,84,91,84,65,61,89,115,125,114,110,130,97,81,65,57,23,29,35,,Western
E01015106,97,71,47,41,81,83,96,65,69,89,91,73,75,78,88,42,35,36,,Western
E01015107,137,107,100,93,96,147,115,97,95,122,88,108,57,65,42,27,20,10,,Western
E01015108,159,174,111,94,79,132,173,125,98,98,97,105,94,95,69,44,36,21,,Western
E01015109,70,67,58,63,115,108,92,78,86,109,102,150,92,79,64,45,19,8,,Western
E01015110,58,114,95,91,76,62,78,108,87,119,140,118,115,73,108,62,30,18,,Western
E01015111,115,145,75,77,106,171,122,121,100,134,122,97,57,76,51,25,9,17,,Western
E01015112,94,100,106,70,72,82,110,109,100,86,130,102,82,64,55,68,69,45,,Western
E01015113,65,94,93,85,74,59,100,73,99,113,132,96,80,102,95,57,77,48,,Western
E01015114,66,90,87,66,55,60,82,80,86,122,116,94,97,84,87,68,42,45,,Western
E01015115,63,59,57,69,47,85,86,57,52,97,91,117,78,91,69,85,80,117,,Western
E01015116,95,88,73,88,74,86,80,77,82,104,114,96,83,102,94,78,35,36,,Western
E01015117,74,85,73,65,63,95,80,84,94,105,100,111,116,116,88,51,19,16,,Western
E01015118,76,106,107,87,56,61,92,99,126,146,102,102,66,102,78,87,33,56,,Western
E01015119,101,132,117,114,77,82,109,89,141,122,133,109,103,97,78,27,29,9,,Western
E01015120,64,97,98,131,50,58,81,94,91,129,122,131,95,126,111,74,43,44,,Western
E01015121,50,100,77,95,54,29,44,103,80,85,108,83,79,115,113,113,92,41,,Western
E01015122,89,101,100,81,87,95,92,72,102,115,106,103,75,101,83,87,54,71,,Western
E01015123,66,71,61,69,80,59,65,85,79,115,130,108,104,118,158,111,94,175,,Western
E01015124,67,85,84,77,46,67,86,68,96,121,101,96,81,100,99,95,78,85,,Western
E01015125,77,89,79,67,64,73,66,93,88,112,102,94,93,117,114,81,46,34,,Western
E01015126,52,90,74,60,56,31,47,76,49,104,84,99,70,115,136,88,113,129,,Western
E01015127,59,74,70,91,56,83,62,69,79,92,122,90,74,124,139,72,50,77,,Western
E01015128,61,89,62,67,86,115,73,66,77,82,134,134,92,112,140,96,79,56,,Western
E01015129,116,82,76,76,86,81,95,97,90,115,98,102,82,58,53,29,15,27,,Western
E01015130,113,111,97,124,80,106,101,92,89,128,110,113,82,96,74,35,41,14,,Western
E01015131,40,83,73,71,48,30,36,54,75,101,109,103,103,154,141,99,91,95,,Western
E01015132,70,86,78,89,67,56,74,76,74,92,131,91,94,108,91,90,63,75,,Western
E01015133,52,77,64,75,72,49,48,72,65,107,97,114,107,96,127,93,84,68,,Western
E01015134,93,103,66,85,71,79,113,72,80,121,85,81,89,71,83,75,75,87,,Western
E01015135,148,118,143,140,93,118,135,118,130,145,123,105,112,106,88,61,41,49,,Western
E01015136,59,77,91,95,72,93,60,72,81,126,141,112,82,79,68,60,73,42,,Western
E01015137,103,117,97,90,68,64,103,127,96,134,129,106,122,96,100,52,37,33,,Western
E01015138,95,103,100,93,54,45,79,102,124,126,134,151,131,128,162,98,71,38,,Western
E01015139,101,70,88,79,66,45,76,56,75,103,96,99,89,95,86,67,47,82,,Western
E01015140,102,92,72,57,36,75,114,66,64,69,78,65,79,110,113,89,86,73,,Western
E01015141,65,114,115,83,46,37,68,84,98,131,141,120,113,121,174,115,74,53,,Western
E01015142,88,110,72,67,77,86,105,65,78,88,112,110,125,70,83,29,52,26,,Western
E01015143,64,68,61,52,63,85,88,69,67,77,107,82,104,92,96,50,47,33,,Western
E01015144,111,115,117,109,83,100,126,116,114,95,104,103,72,67,50,40,29,28,,Western
E01015145,279,248,147,105,170,198,175,97,101,122,73,55,40,28,9,17,3,7,,Western
E01015146,154,196,179,160,95,150,191,182,132,120,112,122,75,62,42,37,1,5,,Western
E01015147,73,77,50,62,45,65,64,72,73,59,104,85,78,91,91,72,41,42,,Western
E01015148,75,108,98,89,88,135,110,93,89,108,102,112,88,86,75,36,26,20,,Western
E01015149,109,103,102,110,82,98,102,83,68,100,117,81,72,82,64,43,30,32,,Western
E01015150,71,68,70,87,55,75,85,55,80,101,105,138,105,106,100,62,41,46,,Western
E01015151,89,75,75,101,433,174,121,135,74,86,113,75,67,51,32,24,21,16,,Western
E01015152,185,103,94,150,227,190,157,150,114,112,119,88,90,76,72,55,36,21,,Western
E01015153,116,133,107,101,166,133,140,144,128,85,108,128,102,84,59,51,32,44,,Western
E01015155,144,128,111,159,170,165,170,131,109,109,145,119,72,62,53,33,14,14,,Western
E01015156,45,26,30,187,454,183,115,80,94,75,88,86,105,86,65,43,24,10,,Western
E01015157,104,77,70,54,200,284,279,177,124,139,167,183,152,133,95,82,41,86,,Western
E01015158,85,67,74,60,320,334,227,134,108,123,136,167,138,127,139,91,81,86,,Western
E01015159,90,82,71,67,84,70,85,67,65,91,125,145,108,102,87,100,82,52,,Western
E01015160,53,85,68,78,56,70,67,69,75,84,108,106,131,126,110,91,69,69,,Western
E01015161,84,107,75,76,85,100,87,59,84,97,88,94,59,68,106,69,49,16,,Western
E01015162,102,108,73,90,93,105,111,92,64,107,110,94,78,69,68,48,38,59,,Western
E01015163,79,70,82,87,54,61,76,67,58,124,117,86,78,84,105,88,74,46,,Western
E01015164,150,166,139,115,78,136,161,172,104,119,104,125,114,72,71,47,31,20,,Western
E01015165,127,165,117,112,108,114,143,117,100,124,108,84,69,54,57,36,38,25,,Western
E01015166,187,177,150,141,150,214,177,152,105,147,108,127,101,77,69,71,66,22,,Western
E01015167,94,86,79,83,119,125,111,134,94,167,117,108,88,51,48,32,20,21,,Western
E01015168,118,103,73,103,124,191,139,121,119,130,162,113,85,78,50,38,25,11,,Western
E01015169,69,52,68,154,427,131,86,100,73,101,104,110,86,91,70,54,38,58,,Western
E01015170,134,107,76,84,130,162,89,80,80,93,137,129,79,76,68,46,30,52,,Western
E01015171,80,63,46,74,105,155,117,126,82,131,122,126,111,95,78,52,39,84,,Western
E01015172,89,101,82,96,178,190,164,105,112,170,118,100,82,76,64,26,36,22,,Western
E01015173,84,100,72,125,110,132,141,124,87,134,131,107,89,103,75,46,41,64,,Western
E01015174,85,77,81,107,89,147,116,129,117,149,111,121,93,74,110,51,44,29,,Western
E01015175,79,89,74,72,292,165,133,95,112,114,81,89,68,56,45,38,21,28,,Western
E01015176,63,74,88,73,90,118,103,90,86,92,98,91,79,92,46,59,28,28,,Western
E01015177,78,101,82,120,191,171,146,127,142,89,89,77,78,60,54,37,23,24,,Western
E01015178,105,93,66,104,630,219,138,124,78,114,76,86,67,35,39,34,24,25,,Western
E01015179,72,62,56,95,553,176,107,138,66,73,54,51,57,35,22,23,13,32,,Western
E01015180,203,109,79,88,164,169,173,149,117,105,124,81,69,74,80,55,18,22,,Western
E01015181,115,131,109,103,275,209,191,158,126,118,96,106,114,92,71,26,11,23,,Western
E01015182,139,136,125,104,154,195,200,149,98,115,134,119,84,59,65,35,31,31,,Western
E01015183,44,89,56,54,51,49,69,45,78,73,112,116,103,124,107,76,40,60,,Southern
E01015184,36,42,33,31,36,38,31,34,51,71,90,71,96,139,198,122,89,87,,Southern
E01015185,42,37,63,62,68,52,60,43,40,78,108,110,106,126,110,87,57,53,,Southern
E01015186,74,54,59,57,77,87,60,53,48,99,109,117,110,121,122,51,53,26,,Southern
E01015187,63,40,59,55,31,42,27,51,57,83,100,115,126,142,196,103,97,90,,Southern
E01015188,57,72,67,83,63,50,44,51,81,70,98,106,133,138,182,102,79,59,,Southern
E01015189,36,46,60,58,43,60,36,38,58,112,72,85,123,95,99,50,42,23,,Southern
E01015190,91,99,103,124,49,75,75,67,74,106,124,133,109,119,148,80,45,32,,Southern
E01015191,115,105,98,117,86,103,101,96,115,138,148,103,73,103,75,63,47,28,,Southern
E01015192,113,124,123,77,84,77,114,82,75,97,148,97,85,77,83,53,29,25,,Southern
E01015193,95,70,55,59,74,53,84,56,72,63,94,77,97,84,102,66,43,28,,Southern
E01015194,84,92,82,67,79,78,80,83,68,94,106,97,110,100,86,56,41,15,,Southern
E01015195,182,153,159,137,97,110,158,119,96,158,132,133,138,123,93,54,50,41,,Southern
E01015196,167,162,197,142,108,96,120,97,129,126,110,92,53,59,45,35,27,35,,Southern
E01015197,27,66,54,65,41,36,29,42,61,101,87,108,119,157,189,105,72,67,,Southern
E01015198,59,66,69,65,34,44,53,54,62,90,121,133,140,176,195,106,92,96,,Southern
E01015199,18,28,67,49,34,23,35,23,55,70,72,137,116,167,162,109,92,119,,Southern
E01015200,56,58,61,54,39,51,38,46,65,76,78,59,48,76,90,58,37,41,,Southern
E01015201,57,50,47,43,41,60,42,59,54,81,94,115,118,136,98,90,65,78,,Southern
E01015202,89,109,123,93,82,52,89,90,86,124,140,87,89,83,81,43,40,33,,Southern
E01015203,53,76,77,62,55,39,39,59,84,93,100,85,68,124,94,80,53,64,,Southern
E01015204,104,75,91,69,58,91,72,84,84,97,123,101,83,96,73,44,45,24,,Southern
E01015205,81,72,84,65,49,60,93,71,93,93,92,101,100,102,112,70,42,39,,Southern
E01015206,103,99,66,77,64,60,82,94,89,122,100,87,100,87,71,59,68,74,,Southern
E01015207,101,107,103,97,74,75,83,117,91,118,149,97,113,96,81,60,37,41,,Southern
E01015208,51,48,84,89,79,56,36,43,60,116,137,179,152,210,190,171,108,110,,Southern
E01015209,68,69,68,62,66,91,69,70,65,107,105,113,102,112,87,69,56,65,,Southern
E01015210,123,119,92,106,92,107,116,86,93,95,114,93,88,80,80,40,22,41,,Southern
E01015211,84,110,128,73,49,54,74,87,104,110,96,82,85,112,100,59,58,36,,Southern
E01015212,89,104,95,91,85,79,72,79,107,105,104,89,76,77,65,45,14,14,,Southern
E01015213,99,140,112,79,58,99,116,88,77,87,107,115,109,61,73,42,23,35,,Southern
E01015214,117,85,104,82,82,91,128,64,86,96,107,91,80,45,29,28,24,27,,Southern
E01015215,106,103,60,118,61,100,97,82,87,96,117,112,73,78,81,43,28,23,,Southern
E01015216,95,95,73,73,96,107,94,90,86,111,98,95,88,83,79,46,21,21,,Southern
E01015217,123,98,68,104,149,135,116,87,98,106,154,119,96,80,48,33,36,26,,Southern
E01015218,84,96,80,91,77,86,59,76,94,112,119,103,73,92,79,40,64,60,,Southern
E01015219,31,57,46,42,72,50,52,40,48,90,95,108,79,94,134,105,94,72,,Southern
E01015220,43,48,71,89,45,54,45,50,63,103,109,114,128,124,122,78,59,41,,Southern
E01015221,56,60,82,62,69,75,59,66,74,96,116,127,85,89,128,71,64,50,,Southern
E01015222,75,77,69,95,61,82,78,56,85,98,130,125,110,122,155,90,69,51,,Southern
E01015223,67,73,84,67,60,63,60,59,80,92,96,105,118,88,89,49,36,16,,Southern
E01015224,99,76,80,86,57,53,83,97,80,107,116,117,108,125,88,64,34,63,,Southern
E01015225,63,74,70,74,82,70,55,65,84,112,130,82,109,102,85,52,63,94,,Southern
E01015226,52,50,74,46,49,40,42,61,72,83,103,109,115,147,139,78,58,36,,Southern
E01015227,88,96,81,94,68,55,79,81,95,97,115,119,122,91,107,96,49,80,,Southern
E01015228,89,94,57,60,66,87,75,62,78,100,86,113,110,97,115,90,73,91,,Southern
E01015229,54,68,59,60,75,62,37,50,80,79,113,72,87,100,103,84,100,148,,Southern
E01015230,35,62,60,66,40,40,41,61,61,86,100,94,110,115,157,112,87,68,,Southern
E01015231,114,106,86,91,100,107,138,128,95,101,140,116,104,88,48,49,40,52,,Southern
E01015232,71,52,44,64,108,133,100,80,86,121,135,184,151,139,106,99,80,76,,Southern
E01015233,79,68,44,53,76,96,77,63,86,122,97,106,95,72,76,86,44,64,,Southern
E01015234,106,90,86,82,87,94,92,70,71,113,116,112,84,68,60,48,28,18,,Southern
E01015235,43,27,35,55,86,55,60,43,53,93,134,121,126,158,198,129,144,153,,Southern
E01015236,62,79,89,65,76,56,63,69,106,111,123,131,140,117,128,79,52,44,,Southern
E01015237,81,85,99,102,62,68,92,87,72,110,112,88,66,70,67,40,31,27,,Southern
E01015238,73,80,90,82,77,76,81,51,82,115,89,75,71,74,86,66,70,53,,Southern
E01015239,66,55,58,51,52,62,54,48,66,110,94,113,112,111,141,84,99,158,,Southern
E01015240,50,57,38,44,39,55,74,66,87,75,68,104,97,166,158,122,90,176,,Southern
E01015241,69,79,73,103,85,68,80,75,71,113,119,108,66,102,86,66,60,78,,Southern
E01015242,86,110,101,91,83,100,88,66,78,94,100,77,76,52,60,41,25,20,,Southern
E01015243,36,63,52,51,34,46,50,66,90,78,92,86,100,130,106,81,61,49,,Southern
E01015244,52,70,87,81,37,68,47,61,47,86,133,111,104,150,132,77,55,38,,Southern
E01015245,55,61,62,52,67,56,65,51,35,84,97,98,86,107,122,92,66,56,,Southern
E01015246,63,63,79,60,43,49,47,55,75,89,93,97,117,107,143,88,68,132,,Southern
E01015247,105,127,95,110,75,81,103,85,91,119,143,136,115,149,112,91,74,53,,Southern
E01015248,84,79,70,65,78,93,71,53,65,118,104,113,107,85,92,70,40,42,,Southern
E01015249,93,123,110,85,71,103,91,77,94,111,120,101,97,79,70,59,21,42,,Southern
E01015250,98,138,95,62,55,130,103,95,97,102,101,94,90,93,87,39,13,41,,Southern
E01015251,51,61,65,77,69,50,49,63,58,104,108,101,61,77,65,51,23,35,,Southern
E01015252,239,238,187,137,160,201,221,238,191,197,196,170,130,137,122,53,48,33,,Southern
E01015253,163,150,120,115,146,121,135,153,113,133,110,111,110,67,51,37,35,10,,Southern
E01015254,64,73,56,73,58,47,54,60,79,87,98,99,110,111,121,73,51,57,,Southern
E01015255,111,69,52,114,152,129,112,108,96,105,147,142,105,81,43,41,27,73,,Southern
E01015256,75,70,48,95,139,198,156,116,87,123,136,126,126,101,109,70,42,50,,Southern
E01015257,92,78,82,85,87,90,65,64,85,99,106,79,72,95,63,34,20,19,,Southern
E01015258,148,124,91,101,147,164,132,140,102,130,159,178,123,155,142,68,33,25,,Southern
E01015259,113,98,104,82,73,79,95,97,79,109,109,81,83,52,40,29,21,16,,Southern
E01015260,96,74,69,65,78,123,100,82,79,105,145,114,115,90,80,51,42,35,,Southern
E01015261,120,144,82,95,114,184,141,119,108,135,145,158,166,136,88,71,34,50,,Southern
E01015262,82,82,75,112,85,60,70,66,73,78,146,86,69,66,62,65,43,29,,Southern
E01015263,177,145,90,90,88,111,100,76,102,82,122,97,66,65,66,46,27,29,,Southern
E01015264,44,56,54,53,36,55,52,48,72,68,83,90,135,114,103,91,98,48,,Southern
E01015265,66,59,68,56,63,44,70,48,68,96,74,111,105,131,142,104,80,56,,Southern
E01015266,96,97,119,113,93,81,84,69,93,94,119,97,61,79,73,39,41,30,,Southern
E01015267,47,39,25,36,56,64,78,49,67,111,128,144,162,133,124,79,62,102,,Southern
E01015268,39,31,27,40,44,57,47,76,70,81,141,130,108,164,156,122,80,115,,Southern
E01015269,62,52,45,45,48,87,47,83,86,104,129,124,125,172,151,83,71,118,,Southern
E01015270,34,35,19,33,60,54,65,63,67,90,109,152,160,168,174,119,88,88,,Southern
E01015271,35,40,33,48,47,46,38,33,40,75,101,107,122,174,159,115,109,107,,Southern
E01019886,160,177,197,161,151,127,159,178,163,187,230,198,228,218,230,129,102,66,,Eastern
E01019887,113,77,94,78,70,124,130,89,69,99,91,82,120,84,127,63,40,78,,Eastern
E01019888,44,38,50,55,74,86,54,59,87,118,125,101,116,142,127,124,84,116,,Eastern
E01019889,103,78,95,92,51,96,96,88,90,82,106,113,97,130,132,121,73,86,,Eastern
E01019890,71,105,88,67,46,72,70,75,103,113,135,148,168,170,155,97,81,78,,Eastern
E01019891,57,111,74,70,51,78,60,78,92,103,141,153,90,101,79,73,60,45,,Eastern
E01019892,674,477,330,194,177,523,577,456,338,306,218,198,162,123,111,84,52,58,,Eastern
E01019893,250,199,206,143,134,149,213,204,180,229,183,171,165,146,126,75,45,51,,Eastern
E01019894,30,27,43,41,33,20,12,28,47,70,73,84,132,178,185,140,133,149,,Eastern
E01019895,39,70,59,59,17,41,39,54,60,85,98,116,119,141,168,127,99,123,,Eastern
E01019896,31,45,65,28,32,31,25,35,52,83,110,84,126,211,192,139,125,147,,Eastern
E01019897,102,103,95,81,66,63,81,93,118,123,99,82,98,97,103,58,61,48,,Eastern
E01019898,106,120,118,93,45,99,90,119,141,165,172,191,169,249,239,140,100,98,,Eastern
E01019899,71,56,67,78,45,50,56,52,66,89,124,95,100,104,106,86,62,68,,Eastern
E01019900,48,87,85,69,38,60,47,47,65,110,104,144,138,197,219,151,108,141,,Eastern
E01019901,34,68,69,79,33,47,41,41,60,87,106,122,114,140,116,94,55,28,,Eastern
E01019902,90,107,90,91,64,129,80,90,100,137,165,167,128,152,192,132,111,106,,Eastern
E01019903,71,139,106,117,78,73,85,94,149,173,191,176,154,142,145,93,90,83,,Eastern
E01019904,90,89,76,68,61,59,73,76,67,131,98,89,104,93,107,89,59,31,,Eastern
E01019905,63,97,100,99,74,64,72,87,121,145,149,184,150,166,146,77,36,80,,Eastern
E01019906,87,97,59,54,51,71,99,126,75,91,128,88,100,123,106,65,49,44,,Eastern
E01019907,63,63,64,64,40,52,62,84,91,90,111,91,102,112,144,125,90,53,,Eastern
E01019908,144,164,111,113,89,133,137,128,113,165,125,105,79,83,51,30,27,23,,Eastern
E01019909,60,101,80,94,58,40,57,66,105,133,127,118,142,179,167,124,101,103,,Eastern
E01019910,70,109,121,98,55,48,50,102,123,123,120,107,125,149,118,66,64,48,,Eastern
E01019911,51,52,37,41,35,58,51,60,47,73,94,96,141,163,174,136,120,122,,Eastern
E01019912,66,53,41,61,55,80,53,54,65,96,116,134,125,171,130,120,85,133,,Eastern
E01019913,16,29,67,31,30,40,33,16,50,89,80,93,126,164,228,176,170,323,,Eastern
E01019914,138,138,137,115,101,104,127,135,111,120,170,174,132,140,149,87,85,84,,Eastern
E01019915,48,90,95,57,53,51,59,63,85,99,120,109,131,136,179,136,104,159,,Eastern
E01019916,143,162,104,81,187,232,191,141,130,151,130,132,103,113,70,50,36,51,,Eastern
E01019917,84,100,80,82,99,79,86,111,125,90,107,106,97,92,53,43,28,56,,Eastern
E01019918,57,63,52,98,136,163,115,83,132,151,151,150,158,137,103,74,48,59,,Eastern
E01019919,111,113,69,88,92,133,132,123,109,113,109,101,94,85,77,36,49,41,,Eastern
E01019920,85,110,68,86,69,92,115,108,95,117,127,126,116,102,82,38,38,32,,Eastern
E01019921,75,110,98,85,56,51,73,99,93,129,118,99,91,104,88,63,51,60,,Eastern
E01019922,85,83,83,114,59,62,69,95,75,107,120,84,82,101,91,75,49,53,,Eastern
E01019923,87,62,67,76,40,48,75,71,90,76,110,69,85,78,77,66,41,22,,Eastern
E01019924,105,116,76,76,83,82,96,94,80,114,129,127,90,90,67,34,26,21,,Eastern
E01019925,83,93,70,61,72,54,64,101,79,117,93,72,74,79,86,44,31,25,,Eastern
E01019927,78,92,60,65,80,79,76,54,62,98,68,57,76,73,75,63,46,80,,Eastern
E01019928,74,86,85,75,55,88,86,92,84,107,95,97,100,85,67,49,33,48,,Eastern
E01019929,73,87,90,68,48,72,96,85,91,107,109,84,104,81,69,51,47,41,,Eastern
E01019930,74,64,63,62,58,68,79,56,80,86,94,106,72,89,117,85,78,71,,Eastern
E01019931,55,65,40,40,60,61,41,58,63,90,100,93,76,119,82,64,61,63,,Eastern
E01019932,82,61,68,76,103,105,99,97,91,120,110,102,79,125,119,96,68,62,,Eastern
E01019933,100,58,34,27,61,84,80,63,80,69,77,80,89,82,88,92,54,84,,Eastern
E01019934,53,73,72,82,63,90,69,60,109,89,128,136,118,159,161,142,110,113,,Eastern
E01019935,21,56,79,53,29,44,42,41,47,89,96,110,119,142,145,93,59,59,,Eastern
E01019936,30,64,54,47,34,26,29,45,48,83,68,93,98,117,102,72,51,56,,Eastern
E01019937,88,100,120,119,61,67,75,64,106,153,196,165,171,187,218,108,97,85,,Eastern
E01019938,83,119,130,105,70,56,89,71,102,194,205,182,163,220,212,107,91,58,,Eastern
E01019939,47,96,99,107,49,24,30,73,74,121,136,109,101,143,142,90,86,54,,Eastern
E01019940,36,49,128,92,38,13,28,48,60,120,137,124,110,159,167,102,77,83,,Eastern
E01019942,85,103,114,116,63,74,70,101,124,142,148,127,112,96,118,86,63,82,,Eastern
E01019943,74,112,136,104,48,56,58,73,89,143,119,110,127,140,113,91,63,46,,Eastern
E01019944,106,126,117,95,54,93,93,86,115,149,110,129,107,92,83,76,58,47,,Eastern
E01019945,74,120,115,223,108,86,75,110,121,138,175,176,188,178,129,105,72,77,,Eastern
E01019946,26,41,48,65,12,21,19,30,59,71,71,90,122,196,174,148,93,154,,Eastern
E01019947,76,67,54,56,79,108,68,90,94,108,112,143,135,174,185,126,114,190,,Eastern
E01019948,36,49,54,44,47,20,23,34,53,68,102,83,99,135,151,131,87,87,,Eastern
E01019949,50,67,50,46,35,46,60,53,54,78,77,105,87,136,165,122,101,124,,Eastern
E01019950,29,50,43,62,22,19,27,32,57,67,87,86,92,125,138,108,78,63,,Eastern
E01019951,59,77,86,86,47,51,63,60,63,132,160,158,182,244,267,164,123,144,,Eastern
E01019952,76,68,76,81,46,53,48,71,80,116,149,91,123,128,203,128,98,139,,Eastern
E01019953,51,53,65,66,44,46,32,41,57,98,108,79,135,178,142,143,92,116,,Eastern
E01019954,131,135,114,101,79,126,132,96,103,147,164,119,112,113,118,96,75,74,,Eastern
E01019955,62,60,115,87,49,56,51,58,70,83,118,122,102,116,141,120,99,86,,Eastern
E01019956,44,32,66,52,45,65,48,62,54,73,97,132,126,146,145,103,108,208,,Eastern
E01019957,15,12,43,71,41,68,30,24,34,39,76,131,142,193,229,195,226,278,,Eastern
E01019958,43,76,74,84,41,34,36,66,76,104,94,123,145,190,185,128,120,133,,Eastern
E01019959,38,88,79,51,28,36,49,56,68,97,95,103,85,88,111,56,37,42,,Eastern
E01019960,71,101,110,60,29,46,56,70,91,93,85,128,108,124,96,67,30,25,,Eastern
E01019961,66,140,149,139,64,61,71,114,104,182,277,218,257,255,229,134,81,102,,Eastern
E01019962,106,134,123,155,80,83,96,118,124,180,208,208,227,159,181,95,77,64,,Eastern
E01019963,92,114,117,90,39,55,77,87,104,129,147,95,120,101,116,80,70,58,,Eastern
E01019964,35,47,64,329,537,277,147,63,54,89,109,107,100,83,66,64,35,40,,Eastern
E01019965,115,129,108,70,47,64,101,140,96,100,128,108,133,116,121,83,62,61,,Eastern
E01019966,46,43,45,39,39,28,41,43,40,69,88,65,107,115,114,75,38,50,,Eastern
E01019967,45,75,73,48,45,38,37,62,68,63,94,125,128,141,135,78,31,42,,Eastern
E01019968,65,95,71,78,51,105,93,84,84,88,96,79,95,97,120,124,67,79,,Eastern
E01019969,80,53,81,53,56,93,120,92,63,108,110,85,94,72,58,53,36,42,,Eastern
E01019970,75,92,57,73,79,109,57,75,86,104,84,89,82,84,58,63,29,64,,Eastern
E01019971,91,64,36,36,175,285,164,148,83,90,116,93,67,64,63,50,34,51,,Eastern
E01019972,103,106,71,64,98,147,107,114,123,95,116,89,64,56,29,23,12,27,,Eastern
E01019973,74,91,78,78,82,89,77,82,82,108,108,92,98,67,82,71,70,63,,Eastern
E01019974,62,71,65,52,47,108,75,83,94,81,93,110,74,88,87,74,48,41,,Eastern
E01019975,93,139,104,82,94,91,108,86,89,87,118,64,48,51,49,25,17,21,,Eastern
E01019976,68,91,52,56,70,85,65,108,81,82,74,96,89,101,106,82,69,111,,Eastern
E01019977,92,84,93,79,77,92,90,100,89,104,120,110,62,81,69,66,52,51,,Eastern
E01019980,156,150,89,83,126,254,164,141,116,96,104,77,48,49,47,34,20,7,,Eastern
E01019981,82,101,96,75,76,113,81,89,103,94,107,95,89,71,66,33,43,26,,Eastern
E01019982,98,124,96,82,121,179,172,158,131,117,106,107,69,68,25,15,12,16,,Eastern
E01019983,74,78,71,61,75,114,62,69,89,112,99,82,104,98,118,96,48,11,,Eastern
E01019984,80,74,80,77,62,116,106,109,86,122,102,83,74,59,80,31,13,15,,Eastern
E01019985,95,128,88,77,78,114,117,104,101,92,127,82,69,45,36,29,16,16,,Eastern
E01019986,78,94,95,53,75,161,115,106,81,103,87,103,88,84,56,47,64,44,,Eastern
E01019987,86,57,52,259,289,263,111,110,77,99,66,57,68,60,67,57,39,47,,Eastern
E01019988,57,71,80,92,76,106,111,88,72,98,91,96,87,58,51,49,56,86,,Eastern
E01019989,80,66,42,51,59,163,167,96,75,83,89,45,31,35,39,37,21,44,,Eastern
E01019990,104,141,87,64,66,159,114,85,69,85,92,74,95,57,46,24,24,17,,Eastern
E01019991,146,132,109,85,89,163,120,144,87,99,96,77,57,55,49,23,24,29,,Eastern
E01019992,73,101,87,104,99,138,92,77,89,114,145,99,87,69,64,59,49,67,,Eastern
E01019993,56,61,46,56,73,106,65,76,76,82,101,105,74,75,44,38,18,25,,Eastern
E01019994,44,69,29,64,387,211,110,105,71,87,70,63,44,66,52,26,26,20,,Eastern
E01019995,83,50,40,164,673,272,158,101,98,80,70,93,61,65,63,42,36,42,,Eastern
E01019996,43,32,26,159,183,197,122,77,46,55,44,47,33,40,47,39,25,114,,Eastern
E01019997,32,27,26,71,600,185,104,72,62,79,47,34,42,38,27,16,10,17,,Eastern
E01019998,96,83,68,56,58,108,99,109,98,63,89,82,94,99,79,31,24,51,,Eastern
E01019999,60,60,40,57,224,73,31,63,64,69,68,73,79,74,57,33,31,49,,Eastern
E01020000,65,83,85,53,93,86,108,98,98,81,94,70,71,61,59,53,34,34,,Eastern
E01020001,46,55,46,48,81,90,64,74,60,102,74,96,101,107,116,62,34,26,,Eastern
E01020002,213,121,118,112,93,198,175,135,159,142,116,83,89,107,75,53,52,98,,Eastern
E01020003,66,107,89,76,87,108,94,85,92,94,112,117,86,105,130,84,102,74,,Eastern
E01020004,73,88,61,83,77,107,92,89,87,132,129,117,98,90,91,74,48,70,,Eastern
E01020005,103,143,138,126,109,120,126,103,123,138,140,93,64,75,66,62,51,44,,Eastern
E01020006,138,137,151,125,247,248,190,186,138,154,139,84,63,72,63,43,30,26,,Eastern
E01020007,56,48,13,116,689,156,76,55,48,35,39,41,23,19,8,9,6,7,,Eastern
E01020008,94,54,37,70,760,237,137,92,74,57,55,60,42,15,26,14,17,17,,Eastern
E01020009,58,74,78,61,156,147,98,97,100,93,78,73,73,50,40,37,18,46,,Eastern
E01020010,125,164,157,91,106,169,146,106,135,178,116,130,96,78,60,49,39,28,,Eastern
E01020011,34,78,79,61,64,60,64,74,56,88,91,98,101,91,87,80,43,42,,Eastern
E01020012,87,149,88,122,91,150,97,137,88,132,98,88,79,89,56,48,32,37,,Eastern
E01020013,62,56,63,90,117,194,102,87,91,93,112,63,65,54,58,48,31,27,,Eastern
E01020014,87,112,96,92,88,129,107,103,81,105,109,121,88,63,45,43,24,10,,Eastern
E01020015,149,162,99,110,113,158,177,126,129,122,134,115,71,74,71,44,50,59,,Eastern
E01020016,90,73,26,95,444,374,259,184,133,114,119,110,127,104,62,54,31,40,,Eastern
E01020017,176,62,62,461,753,429,235,205,102,82,92,61,53,50,32,18,14,45,,Eastern
E01020018,52,24,21,117,443,360,220,155,74,105,118,80,80,84,71,54,61,52,,Eastern
E01020019,22,20,28,57,1155,109,60,33,16,40,36,51,50,53,68,26,62,139,,Eastern
E01020020,51,33,31,146,807,183,90,58,52,56,43,50,36,27,25,27,11,16,,Eastern
E01020021,56,62,37,86,798,168,101,126,77,80,68,71,61,38,48,29,24,29,,Eastern
E01020022,47,47,28,155,1224,244,122,76,59,39,52,52,52,40,20,20,12,16,,Eastern
E01020023,124,152,141,127,78,190,115,151,167,143,160,185,124,132,99,61,45,69,,Eastern
E01020024,67,84,89,88,46,95,91,100,87,105,115,91,104,85,92,57,51,75,,Eastern
E01020025,99,94,37,48,88,228,213,131,98,90,78,54,51,58,53,30,18,24,,Eastern
E01020026,80,69,71,102,67,143,100,96,105,111,101,123,95,142,127,81,62,41,,Eastern
E01020027,79,108,111,69,82,146,114,93,101,140,132,105,86,95,111,56,36,29,,Eastern
E01020029,83,92,68,84,112,212,108,152,96,129,117,101,67,66,60,35,44,33,,Eastern
E01020030,120,129,73,51,103,288,250,149,104,137,114,127,91,45,63,41,33,86,,Eastern
E01020031,103,129,107,73,96,175,147,142,137,112,105,86,60,41,52,46,26,28,,Eastern
E01020032,80,73,61,75,127,171,119,143,90,96,123,96,68,96,74,38,30,34,,Eastern
E01020033,120,172,169,131,67,135,113,132,145,147,131,116,103,153,162,83,91,101,,Eastern
E01020035,276,226,166,163,194,336,259,222,200,188,155,144,106,140,112,77,47,23,,Eastern
E01020036,73,74,102,100,56,85,90,74,89,84,120,93,109,100,74,39,34,82,,Eastern
E01020037,116,93,88,80,80,107,94,77,70,101,105,89,56,61,54,58,36,41,,Eastern
E01020038,140,136,105,101,84,161,162,138,150,138,149,114,114,100,86,64,38,41,,Eastern
E01020039,133,139,81,81,145,186,120,101,97,102,116,140,113,104,96,71,65,58,,Eastern
E01020040,68,67,74,58,59,121,76,77,71,88,102,82,75,83,66,51,32,39,,Eastern
E01020041,180,181,159,94,136,191,176,151,156,152,150,128,154,112,105,62,44,50,,Eastern
E01020042,78,75,81,62,52,81,94,84,79,111,101,117,92,134,98,95,53,78,,Eastern
E01020043,110,164,151,142,87,59,106,130,165,147,156,116,115,146,99,76,58,45,,Eastern
E01020044,84,69,88,95,51,47,77,105,81,111,91,141,153,146,133,60,55,61,,Eastern
E01020045,58,99,101,100,62,52,49,84,103,126,104,135,126,148,107,84,49,56,,Eastern
E01020046,60,77,96,98,63,84,56,61,91,122,150,120,114,133,94,63,40,32,,Eastern
E01020047,83,108,94,86,87,62,131,108,93,122,144,146,152,159,188,112,109,126,,Eastern
E01020048,142,118,138,114,148,196,161,131,124,183,153,141,106,120,87,56,61,62,,Eastern
E01020049,81,49,65,73,44,46,49,54,66,100,112,123,114,132,102,83,58,54,,Eastern
E01020050,84,102,92,95,49,82,82,85,92,129,166,178,198,188,211,134,91,95,,Eastern
E01020051,61,48,74,87,50,51,54,55,77,122,133,135,139,158,200,144,65,96,,Eastern
E01020052,96,109,103,103,119,113,123,124,99,155,116,114,140,97,88,87,55,59,,Eastern
E01020053,102,98,83,75,87,98,82,83,77,84,97,66,73,73,92,61,53,30,,Eastern
E01020054,178,187,136,96,126,150,183,160,159,162,140,158,136,142,89,72,40,52,,Eastern
E01020055,98,99,96,85,101,99,101,116,123,115,149,117,127,112,113,63,62,105,,Eastern
E01020056,97,140,120,106,84,114,118,126,116,155,227,172,175,166,119,64,58,66,,Eastern
E01020057,187,155,138,130,123,177,166,160,148,152,175,137,95,120,111,51,36,45,,Eastern
E01020058,113,107,87,102,98,114,104,108,131,152,160,137,113,107,114,83,77,52,,Eastern
E01020059,84,141,182,148,88,49,80,102,134,184,209,204,162,118,138,78,44,51,,Eastern
E01020060,85,75,64,70,111,117,85,84,90,126,118,101,100,112,110,81,67,126,,Eastern
E01020061,91,142,164,152,91,105,111,97,129,194,163,130,118,144,109,96,50,82,,Eastern
E01020062,65,63,71,73,48,93,90,70,64,137,139,123,109,112,103,73,68,63,,Eastern
E01020063,129,146,153,123,118,86,121,116,147,161,185,192,142,171,161,86,88,92,,Eastern
E01020064,146,138,99,106,105,78,78,142,120,136,121,127,80,98,100,59,46,49,,Eastern
E01020065,115,166,194,319,114,133,118,84,106,130,138,122,97,83,64,67,37,44,,Eastern
E01020066,157,221,210,204,161,203,209,189,185,239,229,175,138,150,124,106,63,62,,Eastern
E01020067,142,193,180,121,123,117,151,127,118,151,151,95,69,67,83,27,40,30,,Eastern
E01020068,47,79,105,57,56,61,54,59,80,94,137,148,127,121,91,91,60,63,,Eastern
E01020069,51,75,110,80,68,34,67,63,87,113,136,127,127,133,95,64,28,45,,Eastern
E01020070,85,97,89,112,73,62,81,56,108,146,143,167,161,158,142,66,60,70,,Eastern
E01020071,97,112,101,120,77,87,74,91,111,147,170,121,107,137,142,112,71,75,,Eastern
E01020072,47,107,113,81,78,51,53,81,88,139,151,154,140,148,136,67,35,56,,Eastern
E01020073,73,99,87,66,85,71,45,61,73,129,150,132,118,152,133,91,63,58,,Eastern
E01020074,73,129,157,136,74,61,79,100,110,183,201,203,177,173,165,87,51,58,,Eastern
E01020075,120,115,133,98,55,76,90,109,126,166,152,133,158,138,123,95,54,59,,Eastern
E01020076,98,117,90,107,69,77,72,92,79,134,167,146,137,130,89,58,53,38,,Eastern
E01020077,57,103,124,104,52,71,71,82,104,156,133,149,125,110,107,68,54,36,,Eastern
E01020078,78,76,82,75,74,95,94,77,96,91,92,99,66,74,42,52,55,47,,Eastern
E01020079,79,95,81,53,66,60,85,86,69,91,83,65,89,103,73,56,41,53,,Eastern
E01020080,103,67,71,64,42,69,90,68,72,87,98,93,123,111,95,90,49,54,,Eastern
E01020081,68,88,58,74,63,66,85,56,73,73,93,79,82,130,101,66,37,22,,Eastern
E01020082,45,56,57,70,44,47,58,57,70,90,80,113,76,106,98,52,33,28,,Eastern
E01020083,119,171,162,146,109,122,107,125,145,202,195,193,141,172,151,81,66,29,,Eastern
E01020084,76,69,67,72,74,74,81,65,83,101,95,97,91,92,96,77,76,55,,Northern
E01020085,107,106,93,99,70,92,96,120,114,119,132,101,55,65,64,50,24,28,,Northern
E01020086,85,117,76,69,67,88,93,105,78,102,128,96,88,109,119,125,55,51,,Northern
E01020087,60,81,104,102,52,79,74,69,96,123,177,220,170,196,201,134,75,69,,Northern
E01020088,71,115,117,109,70,92,94,99,103,148,174,147,190,168,150,79,70,67,,Northern
E01020089,154,171,147,117,98,100,127,170,170,185,166,180,124,131,126,89,80,81,,Northern
E01020090,81,101,105,75,53,52,61,87,121,132,157,127,131,149,142,106,70,88,,Northern
E01020091,46,64,75,49,61,40,59,51,66,134,109,77,82,99,104,78,54,43,,Northern
E01020092,63,58,62,45,42,54,41,47,88,96,100,109,92,104,142,131,54,117,,Northern
E01020093,66,84,75,67,43,59,74,92,101,97,93,90,78,102,88,61,72,56,,Northern
E01020094,70,55,64,106,139,160,117,94,72,109,94,107,101,99,107,75,62,94,,Northern
E01020095,97,121,105,79,89,112,108,114,81,109,104,103,83,49,46,51,34,41,,Northern
E01020096,83,92,64,68,129,151,140,99,80,124,123,100,72,86,94,63,64,79,,Northern
E01020097,73,112,108,127,84,101,76,90,128,155,214,173,187,185,202,100,85,51,,Northern
E01020098,64,107,116,101,83,92,60,87,87,150,224,175,173,218,179,109,76,86,,Northern
E01020099,46,54,68,57,52,29,35,48,37,77,135,139,126,167,110,87,43,39,,Northern
E01020100,53,60,50,51,32,39,26,29,41,78,109,85,84,106,98,70,40,32,,Northern
E01020101,51,84,83,71,47,67,72,82,77,99,116,102,78,126,112,75,48,61,,Northern
E01020102,113,98,103,99,86,136,88,78,125,145,136,121,108,63,62,42,24,48,,Northern
E01020103,122,150,152,108,93,107,96,118,72,112,113,109,84,60,52,49,21,24,,Northern
E01020104,161,122,72,71,107,166,103,118,77,74,75,83,47,48,25,19,12,5,,Northern
E01020105,146,121,140,78,103,150,110,98,104,109,113,120,93,109,134,84,62,58,,Northern
E01020106,30,46,44,44,19,36,27,36,39,49,70,103,87,96,138,85,79,68,,Northern
E01020107,66,66,67,73,42,60,53,63,62,81,116,125,119,118,163,101,117,131,,Northern
E01020108,108,122,125,132,88,76,73,137,138,168,165,162,149,195,155,87,69,56,,Northern
E01020109,62,92,88,74,50,43,46,90,97,92,106,105,88,106,93,46,47,45,,Northern
E01020110,236,180,142,129,308,400,263,174,126,123,114,102,82,102,106,84,65,70,,Northern
E01020111,83,109,83,77,83,69,70,71,76,80,111,101,109,76,75,28,31,30,,Northern
E01020112,81,53,72,68,133,104,104,83,88,107,104,108,116,110,87,48,38,54,,Northern
E01020113,86,79,84,99,98,99,89,66,80,115,101,95,104,87,95,58,40,68,,Northern
E01020114,56,79,64,68,61,77,47,71,58,95,108,81,101,74,68,72,32,29,,Northern
E01020115,55,90,53,50,32,61,42,62,89,93,103,98,86,104,98,60,42,29,,Northern
E01020116,90,83,92,72,77,104,79,58,98,101,134,116,117,129,89,59,44,51,,Northern
E01020117,63,75,67,60,35,52,47,100,69,101,108,126,132,151,140,69,43,54,,Northern
E01020118,88,104,83,92,77,73,81,95,79,93,100,82,75,71,84,30,30,33,,Northern
E01020119,65,58,45,64,44,44,42,61,63,101,130,144,111,150,140,81,57,62,,Northern
E01020120,109,84,138,97,76,84,67,66,122,144,151,146,162,122,122,72,59,75,,Northern
E01020121,113,133,128,113,87,86,94,131,109,135,161,163,151,130,115,102,64,53,,Northern
E01020122,91,83,98,84,55,101,107,103,89,116,171,155,121,116,150,77,55,43,,Northern
E01020123,99,94,93,79,72,82,50,95,81,86,106,113,78,92,135,73,45,47,,Northern
E01020124,60,63,44,69,46,87,61,64,56,76,100,103,92,107,96,92,76,82,,Northern
E01020125,56,69,66,52,66,46,43,48,71,101,81,99,87,138,138,98,85,49,,Northern
E01020126,39,43,49,68,54,79,53,73,65,105,156,156,178,148,133,97,57,82,,Northern
E01020127,84,128,128,111,110,64,54,88,119,169,145,167,163,160,152,87,55,39,,Northern
E01020128,57,88,105,121,51,51,56,64,112,129,104,98,88,112,102,73,53,82,,Northern
E01020129,65,76,64,69,54,94,56,70,58,88,103,86,50,76,80,49,40,20,,Northern
E01020130,105,91,73,97,99,101,118,112,99,89,106,104,83,80,44,36,27,27,,Northern
E01020131,93,124,167,152,72,86,96,113,140,157,205,193,164,177,160,79,41,53,,Northern
E01020132,65,86,92,88,81,79,91,102,101,118,128,108,110,101,124,91,86,85,,Northern
E01020133,73,63,85,79,54,83,99,69,78,116,111,86,101,116,89,54,53,23,,Northern
E01020134,64,106,71,62,43,85,93,67,74,103,78,87,68,72,52,31,36,46,,Northern
E01020135,77,92,95,73,62,88,71,90,74,86,107,92,87,100,94,57,66,98,,Northern
E01020136,118,110,81,84,84,89,96,108,105,127,129,122,119,124,114,91,72,66,,Northern
E01020137,75,73,75,67,110,94,104,95,94,75,133,141,100,98,92,67,70,95,,Northern
E01020138,90,108,151,122,114,78,69,103,127,160,217,194,209,164,191,123,83,94,,Northern
E01020139,101,85,68,64,66,89,97,76,80,94,127,84,62,85,66,63,52,39,,Northern
E01020140,62,55,53,43,42,59,56,45,64,80,76,71,73,96,108,69,49,46,,Northern
E01020141,142,191,111,111,111,155,114,108,104,157,89,109,91,81,67,30,28,11,,Northern
E01020142,180,197,152,112,93,116,157,141,132,187,236,210,185,177,163,109,79,83,,Western
E01020143,132,136,115,100,99,107,129,129,124,170,189,199,227,186,164,74,70,35,,Southern
E01020144,71,79,91,81,59,93,84,94,101,110,153,146,109,83,40,12,15,14,,Western
E01020145,63,104,99,105,190,191,112,93,115,143,176,162,141,147,137,79,85,31,,Western
E01020146,77,76,51,41,45,104,86,98,59,72,109,103,66,57,58,29,22,26,,Western
E01020147,69,68,75,70,43,74,86,81,68,118,174,171,174,199,157,99,84,65,,Western
E01020148,36,50,66,69,28,55,42,47,60,64,94,126,94,103,91,58,21,22,,Western
E01020149,65,99,64,66,51,76,85,67,68,103,112,69,93,106,90,53,39,31,,Western
E01020150,76,70,121,102,33,52,55,93,101,138,177,111,187,169,145,74,69,116,,Southern
E01020151,25,45,44,40,20,41,42,33,47,88,103,139,166,190,181,136,79,90,,Southern
E01020152,36,33,26,54,33,36,55,55,47,78,85,138,150,135,141,99,72,94,,Southern
E01020153,32,35,43,34,23,27,21,52,55,51,84,140,119,141,145,69,45,30,,Southern
E01020154,95,87,60,111,215,135,106,79,68,95,98,112,87,52,72,21,18,17,,Southern
E01020155,78,51,69,70,53,63,62,69,68,75,75,69,59,67,67,49,27,40,,Southern
E01020156,73,95,129,103,62,52,66,87,131,148,198,138,158,192,175,105,97,73,,Southern
E01020157,86,124,152,151,75,85,86,83,131,191,188,201,210,220,183,132,59,60,,Southern
E01020158,58,86,100,103,66,77,48,79,95,122,149,168,131,132,132,63,53,52,,Western
E01020159,85,105,86,76,46,46,59,69,70,112,117,113,140,126,88,64,35,45,,Western
E01020160,80,108,110,111,62,78,75,92,109,153,196,205,137,154,103,84,54,28,,Western
E01020161,107,120,139,158,115,139,137,82,130,142,165,167,137,141,156,117,119,143,,Western
E01020162,78,136,103,119,70,84,84,94,107,152,135,130,80,89,99,33,12,13,,Western
E01020163,90,115,137,116,81,89,79,86,130,133,178,130,143,94,63,85,35,35,,Western
E01020164,73,73,78,117,65,59,48,82,97,100,141,140,79,124,77,42,32,26,,Western
E01020165,88,126,121,72,81,113,104,104,100,137,124,117,87,84,88,32,14,28,,Western
E01020166,74,80,97,83,60,56,65,76,74,107,122,128,104,98,89,66,51,47,,Western
E01020167,70,89,98,94,70,67,63,61,66,100,136,104,105,72,42,40,21,28,,Western
E01020168,79,123,98,99,81,79,74,93,107,131,145,137,143,166,186,109,128,138,,Western
E01020169,90,131,121,119,108,131,153,119,138,154,148,173,140,139,131,73,63,87,,Western
E01020170,75,106,106,98,81,69,71,87,91,154,218,191,163,227,183,109,98,74,,Southern
E01020171,58,65,88,67,55,70,36,67,86,85,134,174,159,195,212,128,98,87,,Western
E01020172,73,84,92,65,51,90,92,81,76,88,128,161,145,194,165,90,75,75,,Western
E01020173,30,47,46,49,39,50,56,24,40,89,91,112,146,130,159,109,53,77,,Western
E01020174,63,64,73,59,56,57,36,60,51,83,114,136,122,187,150,90,79,66,,Southern
E01020175,60,73,103,65,43,64,65,63,68,107,162,179,167,246,209,159,115,83,,Southern
E01020176,35,45,58,47,30,39,42,40,48,79,119,81,86,109,76,41,47,66,,Western
E01020177,61,84,100,71,55,48,55,72,64,95,113,118,93,132,92,63,58,100,,Western
E01020178,58,118,94,82,49,53,57,66,88,137,141,155,149,208,219,157,90,88,,Southern
E01020179,59,84,86,72,64,68,78,58,93,114,142,159,178,179,188,136,133,86,,Western
E01020180,116,104,122,119,58,95,96,113,118,161,177,134,123,167,120,70,48,58,,Southern
E01020181,65,86,88,108,88,64,56,62,77,138,136,121,144,137,120,99,72,71,,Southern
E01020182,85,94,105,121,63,89,89,106,117,116,123,125,120,94,79,41,26,35,,Southern
E01020183,41,65,64,59,51,83,69,90,71,97,106,103,90,109,121,82,68,95,,Southern
E01020184,52,76,84,92,41,85,71,98,123,92,141,137,136,139,120,76,57,53,,Southern
E01020185,59,57,61,53,34,33,33,63,76,91,109,97,108,129,137,82,77,42,,Western
E01020186,45,49,56,58,20,20,29,62,38,92,93,89,145,146,202,118,110,59,,Western
E01020187,77,143,120,92,51,74,100,138,99,134,127,125,113,127,106,72,61,62,,Western
E01020188,77,95,107,82,64,47,51,102,82,112,167,183,172,191,173,82,71,56,,Southern
E01020189,108,105,117,102,85,71,103,97,107,139,163,176,153,139,165,99,99,99,,Western
E01020190,98,159,158,116,59,44,66,139,153,185,188,154,171,178,225,128,86,77,,Western
E01020191,103,92,54,46,126,246,225,178,129,141,155,162,115,101,91,43,29,47,,Southern
E01020192,42,50,73,76,56,29,70,50,64,94,107,144,131,125,130,108,75,68,,Southern
E01020193,65,77,89,111,60,67,49,69,87,115,153,116,127,101,87,68,44,41,,Southern
E01020194,92,101,79,69,55,80,86,99,89,121,128,125,108,95,81,64,38,30,,Southern
E01020195,84,127,135,101,89,68,76,90,106,151,156,134,146,115,131,64,41,58,,Southern
E01020196,51,97,105,94,69,89,87,76,79,128,166,112,106,119,118,89,40,70,,Southern
E01020197,64,63,42,46,26,53,44,53,59,72,108,95,124,122,122,76,62,35,,Southern
E01020198,97,55,101,85,59,69,75,82,92,113,109,102,96,107,68,49,27,18,,Southern
E01020199,91,102,105,93,66,96,102,97,97,137,146,112,105,128,96,42,56,52,,Southern
E01020200,31,40,29,39,21,20,39,61,48,61,82,92,111,126,98,77,58,44,,Southern
E01020201,38,66,64,39,27,33,28,49,49,88,91,110,165,210,186,119,72,124,,Southern
E01020202,82,85,100,69,56,66,59,75,68,113,119,123,122,165,188,140,108,111,,Southern
E01020203,50,73,90,78,30,32,43,55,81,95,129,108,117,133,162,143,129,130,,Southern
E01020204,113,121,107,83,97,101,115,122,106,117,140,106,65,65,54,31,16,40,,Southern
E01020205,48,67,73,56,36,42,29,50,67,74,160,163,160,154,118,76,59,92,,Southern
E01020206,75,85,88,71,56,66,86,70,90,134,120,124,98,87,90,64,55,49,,Southern
E01020207,239,189,138,133,88,200,213,188,131,156,153,111,132,87,90,56,32,117,,Southern
E01020208,54,93,88,76,77,69,69,79,91,94,96,95,71,77,63,47,33,41,,Southern
E01020209,90,118,72,52,86,92,113,80,68,90,109,109,81,102,75,51,31,13,,Southern
E01020210,44,52,56,42,52,36,55,50,51,89,99,99,119,115,118,59,46,45,,Southern
E01020211,126,118,82,77,103,119,106,87,91,130,106,84,93,82,73,48,25,25,,Southern
E01020212,64,105,74,61,75,80,70,90,56,98,95,94,67,70,49,48,25,25,,Southern
E01020213,79,88,62,60,58,109,84,69,74,93,103,106,111,98,129,72,48,40,,Southern
E01020214,58,76,78,80,58,92,73,61,77,108,115,117,105,127,114,79,73,61,,Southern
E01020215,48,43,59,59,46,43,36,44,46,85,128,120,109,108,118,83,75,48,,Southern
E01020216,89,103,107,133,88,100,131,93,92,103,104,109,83,68,79,34,26,40,,Southern
E01020217,101,82,92,83,82,139,125,81,101,99,113,109,81,107,108,77,50,86,,Southern
E01020218,100,108,63,60,120,174,130,92,84,102,139,132,83,78,61,36,31,51,,Southern
E01020219,134,128,127,145,143,132,147,119,150,173,181,143,117,114,84,54,49,22,,Southern
E01020220,95,134,127,81,82,85,89,87,112,108,137,105,114,97,85,47,40,40,,Southern
E01020221,104,109,73,109,60,82,92,105,111,134,156,131,135,109,119,70,49,37,,Southern
E01020222,74,64,83,59,36,66,71,65,77,87,95,94,94,85,92,32,36,29,,Southern
E01020223,74,99,89,79,64,97,75,97,101,142,128,158,124,129,136,92,52,32,,Southern
E01020224,112,78,67,75,78,89,117,82,91,75,95,68,56,39,72,27,9,16,,Southern
E01020225,91,76,71,95,92,123,120,73,73,114,104,92,82,70,50,35,18,29,,Southern
E01020226,25,72,85,70,38,60,50,71,86,90,106,88,83,113,112,73,74,130,,Southern
E01020227,42,78,62,63,79,62,74,58,61,118,111,108,69,103,88,62,53,90,,Southern
E01020228,66,46,58,53,62,76,83,57,86,107,126,148,121,157,152,132,85,136,,Southern
E01020229,169,137,127,100,98,176,163,106,129,181,197,205,236,239,225,129,117,88,,Southern
E01020230,65,91,100,76,69,61,71,89,95,136,135,125,173,139,141,75,54,58,,Southern
E01020231,46,72,74,106,71,58,47,62,87,89,124,129,130,137,121,67,62,57,,Southern
E01020232,121,143,111,114,93,109,126,127,105,126,147,145,94,122,100,56,37,21,,Southern
E01020233,46,53,59,66,51,58,44,53,62,73,113,116,166,181,217,139,114,103,,Southern
E01020234,82,110,81,80,80,95,69,93,79,90,109,82,105,98,91,43,36,47,,Southern
E01020235,63,61,85,91,86,62,60,59,95,102,129,117,140,131,172,89,91,111,,Southern
E01020236,39,32,65,73,39,56,41,39,58,84,123,97,103,103,124,62,65,34,,Southern
E01020237,58,66,115,81,66,58,57,70,84,130,112,144,122,117,108,68,46,51,,Southern
E01020238,76,60,66,61,47,42,42,76,57,81,108,96,81,96,99,61,52,57,,Southern
E01020239,41,69,78,48,33,37,23,55,64,80,104,114,78,101,141,70,57,70,,Southern
E01020240,104,101,83,53,60,101,125,123,98,95,102,105,90,94,93,84,54,104,,Eastern
E01020241,79,79,107,97,109,83,73,97,115,172,145,130,121,122,96,49,36,40,,Eastern
E01020242,180,154,110,123,79,141,145,153,134,157,184,108,91,126,94,66,45,29,,Eastern
E01020243,60,70,55,53,41,38,61,66,74,93,95,93,95,98,79,53,36,37,,Eastern
E01020244,61,76,85,73,38,56,79,58,80,80,105,112,105,97,101,72,48,57,,Eastern
E01020245,59,70,74,76,46,62,58,78,90,125,141,145,138,131,120,49,45,60,,Eastern
E01020246,51,57,62,55,46,78,58,70,65,82,97,112,117,101,66,46,17,26,,Southern
E01020247,78,104,102,91,60,110,70,91,67,107,127,124,106,100,115,62,71,73,,Southern
E01020248,70,88,78,75,71,70,83,68,86,116,132,172,126,162,151,96,72,50,,Southern
E01020249,39,46,41,67,71,35,37,38,70,98,141,115,105,124,111,85,62,56,,Southern
E01020250,52,83,78,82,67,72,56,82,83,118,128,126,93,127,139,88,60,73,,Southern
E01020251,53,93,82,68,63,91,77,62,102,102,146,120,102,115,98,46,35,46,,Southern
E01020252,126,106,66,72,78,116,88,85,101,116,117,110,117,84,58,59,39,85,,Southern
E01020253,68,97,97,97,81,120,73,85,121,126,144,104,69,60,62,47,34,26,,Southern
E01020254,87,116,63,73,65,80,89,79,89,83,103,87,78,67,67,52,26,47,,Southern
E01020255,65,48,80,62,70,40,60,78,70,105,115,89,79,87,126,73,48,34,,Southern
E01020256,93,77,80,97,46,82,75,97,68,103,123,100,106,101,81,51,48,56,,Southern
E01020257,56,55,51,84,51,63,67,54,58,69,118,85,76,104,74,51,37,41,,Southern
E01020258,59,72,98,90,70,66,77,89,92,139,139,146,140,136,134,87,54,83,,Eastern
E01020259,43,40,48,46,31,17,45,59,52,109,116,91,107,119,75,70,41,44,,Southern
E01020260,51,49,48,46,47,15,33,30,46,76,85,98,105,132,150,81,73,90,,Southern
E01020261,44,40,65,59,25,38,30,52,50,77,113,84,121,123,109,68,48,47,,Southern
E01020262,29,49,63,63,56,25,35,57,75,87,119,131,109,109,134,73,42,83,,Eastern
E01020263,55,56,66,56,62,47,62,59,80,70,95,117,119,159,161,135,99,86,,Eastern
E01020264,48,55,56,67,57,72,80,65,69,87,128,120,114,103,120,67,70,150,,Southern
E01020265,75,87,94,66,50,77,95,92,114,101,94,123,138,154,136,81,69,55,,Southern
E01020266,49,96,88,113,53,55,58,53,86,148,132,112,130,143,133,61,49,44,,Southern
E01020267,56,51,87,97,68,40,47,57,81,105,141,108,132,147,126,70,63,58,,Southern
E01020268,92,109,89,65,46,63,41,105,90,85,104,158,132,181,187,104,79,130,,Southern
E01020269,41,43,26,32,103,113,61,66,81,119,128,149,159,134,149,117,123,139,,Southern
E01020270,85,104,99,98,53,78,98,91,106,120,126,143,108,138,121,76,49,37,,Southern
E01020271,115,93,77,69,92,106,94,87,87,113,130,108,120,103,79,47,33,64,,Southern
E01020272,142,147,124,115,120,109,106,129,112,124,131,108,98,95,75,46,18,40,,Southern
E01020273,56,83,89,96,46,40,55,80,74,93,130,122,110,129,112,58,53,39,,Eastern
E01020274,63,54,69,54,60,25,37,71,64,79,130,122,101,123,90,57,17,14,,Eastern
E01020275,45,39,42,43,47,43,74,59,58,73,102,143,125,111,109,65,44,34,,Northern
E01020276,51,81,82,63,36,48,59,89,87,87,131,114,101,120,142,104,64,56,,Northern
E01020277,141,169,125,148,118,128,111,136,114,132,141,139,129,120,117,76,64,45,,Northern
E01020278,74,116,93,85,78,84,61,73,88,113,179,130,119,128,102,52,46,26,,Northern
E01020279,218,253,160,128,130,233,247,202,154,183,164,162,175,171,130,79,63,29,,Northern
E01020280,138,132,86,96,181,159,164,132,105,205,198,152,112,135,90,64,33,42,,Northern
E01020281,90,102,120,209,79,80,73,93,141,147,169,159,152,146,135,68,71,54,,Northern
E01020282,89,127,101,51,75,89,75,71,67,121,108,123,108,132,104,82,57,75,,Northern
E01020283,111,112,90,89,81,93,94,91,89,135,144,130,138,162,137,105,79,74,,Northern
E01020284,159,157,116,110,134,152,123,116,116,164,147,139,101,110,69,58,34,40,,Northern
E01020285,162,173,122,117,119,185,119,126,151,136,127,138,94,77,82,53,27,41,,Northern
E01020286,52,98,95,92,75,51,74,86,89,124,181,153,116,140,112,83,53,47,,Northern
E01020287,39,59,103,89,65,56,30,51,76,110,151,155,133,150,121,76,74,54,,Northern
E01020288,37,72,110,97,61,92,63,65,98,129,137,122,123,154,141,81,37,42,,Northern
E01020289,43,60,83,62,58,47,38,53,57,125,128,144,162,161,147,109,65,32,,Northern
E01020290,59,75,86,75,43,44,87,86,83,108,110,162,151,188,152,90,82,68,,Northern
E01020291,72,73,113,94,68,69,48,74,95,130,142,119,125,162,132,55,35,36,,Northern
E01020292,64,85,66,76,70,72,48,70,89,103,165,117,114,137,90,92,64,58,,Northern
E01020293,102,102,144,146,105,124,98,107,119,186,220,180,176,189,153,117,78,57,,Northern
E01020294,140,137,134,99,98,98,110,119,98,141,142,161,112,150,147,104,87,118,,Northern
E01020295,84,87,88,77,47,61,68,69,53,100,146,130,134,159,126,81,60,118,,Northern
E01020296,55,87,68,82,69,52,47,50,79,107,143,124,156,169,173,73,46,39,,Northern
E01020297,89,101,74,56,52,85,82,74,76,82,111,107,96,109,121,79,69,50,,Northern
E01020298,74,97,90,75,39,67,70,100,114,133,121,140,165,185,246,144,119,103,,Northern
E01020299,81,62,57,75,65,68,54,88,108,107,118,164,161,202,161,124,100,93,,Northern
E01020300,66,59,67,70,64,65,77,61,76,124,115,140,172,213,155,126,97,164,,Northern
E01020301,92,114,116,153,71,78,80,92,98,112,153,190,195,173,151,79,53,45,,Northern
E01020302,83,102,100,82,69,68,75,68,95,132,121,173,173,184,138,96,49,58,,Northern
E01020303,49,73,52,71,50,66,55,45,59,114,122,162,175,157,149,94,66,49,,Northern
E01020304,91,114,90,99,96,103,67,123,86,122,146,99,103,115,108,81,74,53,,Northern
E01020305,69,48,46,49,54,105,57,66,45,79,72,84,80,82,53,60,34,48,,Northern
E01020306,91,89,84,64,65,69,64,73,70,106,102,107,83,91,80,61,26,40,,Northern
E01020307,94,126,116,95,89,109,91,78,102,119,94,108,90,96,101,80,54,55,,Northern
E01020308,84,93,63,62,87,91,79,88,94,128,154,164,174,153,146,86,53,48,,Northern
E01020309,95,67,92,80,77,74,75,88,79,127,169,187,150,139,145,75,40,43,,Northern
E01020310,66,53,72,66,80,99,108,70,106,110,146,150,190,249,257,153,131,110,,Northern
E01020311,91,119,123,78,62,82,84,103,125,128,139,189,212,186,183,145,84,56,,Northern
E01020312,52,31,73,71,29,34,48,48,58,104,134,135,147,204,166,105,64,47,,Western
E01020313,63,103,94,60,55,70,73,92,70,117,119,114,102,90,77,47,53,51,,Western
E01020314,57,101,67,112,55,47,58,68,81,130,140,150,158,165,117,90,59,64,,Eastern
E01020315,73,94,64,84,46,59,58,75,59,114,132,93,99,141,110,47,76,95,,Western
E01020316,59,75,102,113,50,55,82,68,92,112,182,171,133,163,186,102,63,60,,Western
E01020317,39,66,63,51,37,37,39,52,67,90,115,121,143,147,128,75,60,66,,Western
E01020318,60,50,94,67,54,47,58,60,90,112,128,102,113,120,175,90,66,53,,Eastern
E01020319,70,85,60,63,57,56,62,70,91,102,163,153,138,156,123,77,59,33,,Eastern
E01020320,76,64,78,81,52,77,64,73,75,113,146,170,137,171,142,128,70,66,,Eastern
E01020321,124,136,107,99,106,130,123,125,127,162,201,184,172,161,142,91,66,95,,Eastern
E01020322,214,193,139,129,99,183,186,175,154,194,192,200,183,195,212,119,80,88,,Eastern
E01020323,96,88,87,50,71,151,145,147,126,167,209,185,189,165,123,75,30,37,,Western
E01020324,40,50,59,71,60,37,47,44,61,108,137,175,143,140,132,85,77,73,,Western
E01020325,60,83,98,71,57,85,55,55,68,108,162,146,152,120,120,55,49,39,,Western
E01020326,116,140,107,98,92,114,100,134,128,160,181,181,130,147,156,72,49,70,,Eastern
E01020327,86,76,110,61,91,104,105,87,75,114,107,112,102,108,121,69,77,70,,Eastern
E01020328,164,177,173,153,132,129,146,186,177,179,163,119,93,98,106,71,39,41,,Eastern
E01020329,71,70,62,64,42,103,61,64,69,82,137,159,156,126,116,93,79,64,,Eastern
E01020330,82,98,110,91,78,78,71,93,109,145,126,107,109,130,121,88,87,97,,Eastern
E01020331,42,69,103,88,60,44,50,66,68,122,141,129,126,161,151,62,68,66,,Western
E01020332,90,66,89,77,100,138,101,85,86,145,152,129,113,143,117,65,45,88,,Western
E01020333,92,103,132,96,55,52,73,100,99,143,161,154,142,142,146,97,71,61,,Western
E01020334,96,138,91,113,94,107,111,93,103,129,142,154,108,107,103,100,74,60,,Western
E01020335,44,92,72,78,53,44,53,59,55,112,118,126,116,114,158,119,90,128,,Western
E01020336,33,48,60,73,32,25,23,44,56,65,91,121,96,166,148,100,83,69,,Western
E01020337,66,80,110,195,59,61,88,70,55,88,83,66,75,103,88,60,42,51,,Western
E01020338,158,173,148,105,95,134,151,157,118,157,177,171,164,177,133,95,58,58,,Western
E01020339,81,86,92,68,48,63,67,95,86,100,161,154,128,141,134,83,55,44,,Eastern
E01020340,83,92,96,90,58,75,67,86,98,143,151,152,132,121,125,94,53,30,,Western
E01020341,42,79,85,79,42,25,34,57,70,94,126,156,122,163,193,88,77,74,,Western
E01020342,90,84,94,89,72,67,71,88,74,131,114,134,137,99,80,60,38,24,,Western
E01032628,102,136,123,123,66,53,93,88,128,150,195,216,187,200,157,102,72,101,,Eastern
E01032657,55,55,24,208,287,136,85,94,60,57,51,65,68,58,44,58,32,42,,Western
E01032658,65,38,26,176,433,197,100,64,56,55,76,63,50,60,54,44,28,36,,Western
E01033232,92,147,114,69,86,233,146,153,124,128,87,79,53,36,21,11,11,18,,Eastern
E01033233,67,97,88,2354,2579,465,155,111,95,99,175,159,137,174,164,128,106,142,,Eastern
E01033234,91,101,119,82,80,179,124,135,114,126,143,85,90,84,54,46,44,15,,Eastern
E01033235,41,41,43,35,49,94,56,56,64,71,80,73,78,112,98,83,84,97,,Eastern
E01033236,45,49,48,24,31,46,36,41,55,78,52,46,85,110,117,70,46,79,,Eastern
E07000040,6552,7503,7169,6899,5443,6304,6424,6738,7318,9313,10115,9794,9935,11128,11021,7798,6029,6782,,
E07000041,6473,6809,5641,8989,17222,12419,8805,7909,6896,7451,7459,6593,5700,5589,5046,3647,2838,3430,,
E07000042,4146,4856,4839,4502,3611,3907,4160,4199,4564,5899,6158,5772,5291,5544,4925,3319,2377,2554,,
E07000043,4895,5423,5190,4827,4430,5198,4639,5017,5185,6488,7241,6886,6250,6595,6408,4273,3187,3308,,
E07000044,3561,4444,4573,4253,3164,3638,3614,4026,4364,5762,6899,6856,6534,7006,6484,4037,3119,3006,,
E07000045,6325,7002,6788,6427,5510,6518,6507,6639,7066,9000,10373,9795,9311,9680,9248,5853,4393,5002,,
E07000046,3240,3713,3469,3303,2857,3289,3029,3235,3439,4582,5158,5260,5075,5505,4905,3250,2312,2200,,
E07000047,2519,2890,2919,2740,2031,2431,2470,2716,2745,3842,4491,4423,4058,4384,4149,2602,1957,1962,,
E10000008,37711,42640,40588,41940,44268,43704,39648,40479,41577,52337,57894,55379,52154,55431,52186,34779,26212,28244,,
E06000026,15308,15809,13474,15815,24191,18881,17509,15741,14359,16931,17399,16160,13807,13485,12581,8655,6589,6376,,
E06000027,7178,7320,6857,6785,6389,6938,6884,6494,7085,8988,10095,9706,9177,9659,9437,6354,4858,5043,,
IMDQ1,10165,9834,8149,9084,13668,12700,11323,9331,8466,9902,10732,9953,8594,7762,6852,4752,3436,3702,,
IMDQ2,15495,16446,14787,15717,20010,18978,16924,15659,15358,19057,20382,19200,17350,17925,16157,11021,8261,8867,,
IMDQ3,15939,17864,16840,17497,20821,18226,16814,17500,17539,22209,24879,23942,22298,23378,21976,14169,10604,10802,,
IMDQ4,12757,14403,13985,12877,12192,12965,12961,13494,14306,17479,18873,18140,17084,18428,18000,12017,9252,9956,,
IMDQ5,5841,7222,7158,9365,8157,6654,6019,6730,7352,9609,10522,10010,9812,11082,11219,7829,6106,6336,,
E02003122,356,396,311,339,269,353,334,384,338,429,485,530,525,506,585,409,293,263,,
E02003123,551,562,475,466,500,556,562,461,409,558,586,598,454,439,403,353,276,186,,
E02003124,580,606,477,443,412,587,630,471,421,562,522,482,372,342,342,232,212,182,,
E02003125,340,328,296,345,340,410,362,348,342,379,483,506,365,378,350,230,148,144,,
E02003126,401,418,385,531,528,410,463,464,400,404,395,477,643,633,455,216,150,170,,
E02003127,510,589,491,539,423,542,512,440,420,477,555,447,396,383,352,259,180,149,,
E02003128,595,619,496,461,468,652,653,545,504,585,640,553,425,485,466,274,219,223,,
E02003129,418,425,359,352,278,361,339,351,358,408,422,420,371,417,364,275,241,202,,
E02003130,682,743,685,640,548,686,797,674,612,686,763,746,626,543,499,320,244,208,,
E02003131,446,500,414,415,413,503,435,477,427,485,458,478,413,461,483,316,201,147,,
E02003132,599,636,510,485,440,576,666,572,543,605,639,556,510,442,433,286,234,238,,
E02003133,405,460,376,459,386,441,388,383,429,486,554,530,421,443,507,293,209,167,,
E02003134,480,468,437,443,377,478,575,404,361,435,506,475,373,316,287,209,171,119,,
E02003135,707,687,461,421,635,839,731,593,465,565,477,452,306,275,234,160,124,70,,
E02003136,324,442,399,439,294,286,342,443,434,562,563,512,452,576,595,474,353,379,,
E02003137,339,476,487,497,338,332,295,416,468,643,669,535,492,467,455,327,324,430,,
E02003138,473,471,443,395,513,540,637,625,558,591,603,465,345,300,290,146,154,136,,
E02003139,411,498,387,375,355,462,424,415,423,497,483,432,332,311,279,141,88,54,,
E02003140,390,491,493,389,344,357,476,433,513,582,586,497,400,453,398,367,275,265,,
E02003141,453,439,330,394,543,789,635,594,460,653,609,535,412,344,275,207,130,153,,
E02003142,580,551,548,557,572,678,681,610,537,652,662,596,498,489,387,268,204,194,,
E02003143,461,473,372,379,378,506,511,421,412,513,504,579,463,483,384,303,189,198,,
E02003144,236,175,169,687,3749,895,476,336,266,305,304,208,211,204,178,122,129,158,,
E02003145,372,336,297,470,756,572,432,433,357,477,483,467,347,344,323,197,153,203,,
E02003146,437,464,338,622,2187,945,640,514,515,484,389,341,317,223,228,159,106,119,,
E02003147,816,692,501,526,700,868,789,606,494,573,592,483,423,364,270,204,82,92,,
E02003148,404,283,233,1342,2897,921,559,484,428,376,419,391,386,353,276,229,147,131,,
E02003149,586,514,419,458,2024,949,780,719,464,471,449,412,395,309,266,153,88,130,,
E02003150,627,581,519,571,1467,1280,1101,826,655,712,787,772,613,533,442,307,225,268,,
E02003151,273,410,359,386,299,249,267,347,342,496,543,497,448,597,634,442,401,444,,
E02003152,571,599,634,580,399,402,521,559,604,765,764,693,649,625,678,453,343,297,,
E02003153,485,477,373,409,359,456,496,393,400,515,505,495,424,447,463,324,296,257,,
E02003154,465,439,406,424,365,351,376,307,408,418,544,481,436,455,446,345,289,192,,
E02003155,282,299,336,300,267,262,290,255,326,446,418,407,389,372,422,269,252,282,,
E02003156,708,783,633,549,559,652,653,686,632,734,733,676,598,564,516,312,191,218,,
E02003157,449,374,346,333,385,456,392,383,345,443,519,452,393,392,325,182,116,95,,
E02003158,241,309,264,289,241,269,292,273,326,360,379,375,339,450,410,310,236,323,,
E02003159,402,379,317,364,316,384,378,312,353,415,441,401,314,298,268,157,137,131,,
E02003161,429,381,250,408,554,646,525,430,389,469,582,545,493,398,288,215,139,199,,
E02003163,217,197,149,202,255,308,275,304,330,461,608,657,677,811,764,518,410,530,,
E02003164,426,452,422,426,362,345,375,427,470,585,650,634,674,677,691,492,364,432,,
E02003165,430,431,441,366,308,302,375,398,436,529,555,461,440,492,431,296,248,234,,
E02003166,847,805,817,723,577,592,732,600,629,782,862,732,665,665,632,407,282,204,,
E02003167,467,411,354,405,532,547,504,434,471,629,735,711,647,625,591,495,436,511,,
E02003168,272,315,352,355,307,324,294,271,350,479,546,579,520,517,628,393,322,230,,
E02003169,217,268,298,276,189,214,197,224,297,418,452,552,541,712,734,468,358,401,,
E02003170,352,380,397,400,369,378,327,315,413,586,689,720,797,885,1014,591,457,398,,
E02003171,359,400,393,368,300,347,333,305,313,496,570,555,529,598,601,418,303,321,,
E02004129,218,301,293,244,179,223,206,223,270,394,464,474,419,513,539,317,233,206,,
E02004130,313,284,234,250,307,358,324,274,342,376,383,375,362,439,443,393,278,339,,
E02004131,276,302,278,245,221,289,302,291,318,390,398,380,352,374,335,249,219,223,,
E02004132,400,552,505,450,275,272,358,433,490,637,676,727,681,650,631,364,247,257,,
E02004133,466,413,481,425,385,461,480,457,449,555,640,559,668,689,730,512,337,396,,
E02004134,1052,926,716,524,440,823,935,832,759,811,733,698,571,512,461,325,247,237,,
E02004135,236,403,434,386,210,241,245,299,330,553,669,660,712,815,801,536,361,426,,
E02004136,348,486,594,514,252,260,279,381,462,675,650,599,557,630,623,445,347,312,,
E02004137,164,250,243,232,126,170,174,176,226,332,401,428,464,554,538,355,259,250,,
E02004138,217,274,249,273,195,214,197,239,317,392,449,507,535,766,813,635,473,618,,
E02004139,320,316,370,335,218,281,263,266,310,444,539,411,472,535,604,487,364,415,,
E02004140,102,120,183,207,127,167,114,152,164,216,267,386,413,529,559,426,454,619,,
E02004141,254,334,352,432,208,208,227,261,331,420,518,436,479,466,463,293,239,220,,
E02004142,256,296,290,492,629,440,338,322,291,354,409,406,402,448,426,287,197,199,,
E02004143,303,346,299,285,226,246,306,373,354,457,486,452,456,494,503,356,234,208,,
E02004144,325,426,349,346,237,279,295,356,388,494,466,426,487,574,510,356,312,296,,
E02004145,202,245,262,209,148,155,157,210,277,361,380,366,475,627,648,464,418,467,,
E02004146,437,481,392,437,307,335,428,467,433,543,604,505,464,475,405,276,205,188,,
E02004147,395,438,305,349,514,607,524,458,496,505,497,489,452,427,303,203,161,207,,
E02004148,268,310,340,264,239,275,272,268,311,404,486,510,514,611,686,519,444,699,,
E02004149,269,295,242,2515,2942,736,349,357,317,333,406,410,411,454,416,254,195,268,,
E02004150,427,465,340,374,1010,670,483,458,378,382,422,367,320,267,206,147,106,112,,
E02004151,528,560,493,501,465,671,579,489,550,620,642,509,424,446,426,332,302,353,,
E02004152,208,189,150,515,4584,889,477,365,266,294,246,258,241,196,188,118,119,217,,
E02004153,503,554,424,380,462,777,621,581,523,539,538,431,364,319,306,205,109,65,,
E02004154,456,388,360,566,1511,1058,703,581,464,486,427,319,277,232,235,188,125,180,,
E02004155,468,467,440,372,415,660,495,435,408,478,530,507,441,432,346,266,231,264,,
E02004156,445,278,178,901,2700,1646,982,750,478,468,469,407,365,369,280,194,168,199,,
E02004157,333,362,293,422,395,710,541,459,398,393,397,377,312,315,291,187,139,282,,
E02004158,479,562,413,365,532,937,732,672,516,561,577,474,334,299,298,185,150,202,,
E02004159,758,787,686,586,593,1198,905,837,794,831,767,650,544,597,511,335,238,167,,
E02004160,378,438,384,340,352,487,388,462,449,469,502,503,412,408,410,326,282,292,,
E02004161,480,565,495,475,500,756,643,510,508,596,562,525,407,327,285,233,200,210,,
E02004162,414,410,316,304,459,739,541,513,439,485,522,435,402,373,328,313,178,263,,
E02004163,327,489,427,373,302,485,366,440,408,516,452,421,446,555,520,364,296,356,,
E02004164,282,331,377,370,208,283,258,282,353,507,561,570,551,563,514,348,243,217,,
E02004165,404,444,449,441,340,385,484,420,427,570,604,549,552,578,607,452,286,338,,
E02004166,322,390,443,357,247,223,290,325,383,510,538,528,477,482,449,268,193,209,,
E02004167,455,566,560,618,443,461,474,418,400,520,502,397,379,320,327,242,185,163,,
E02004168,367,377,359,316,351,417,425,350,362,438,421,384,343,427,303,230,194,184,,
E02004169,353,441,453,427,303,272,297,398,421,583,573,589,477,476,448,294,207,219,,
E02004170,576,548,457,413,448,540,554,544,561,581,624,549,471,481,427,269,215,254,,
E02004171,388,485,460,463,299,307,375,452,473,560,644,550,550,595,493,312,242,247,,
E02004172,263,379,347,324,276,246,228,291,310,492,548,545,471,536,456,268,184,180,,
E02004173,302,422,466,395,306,279,309,303,420,555,611,635,556,584,479,302,214,207,,
E02004174,434,473,468,378,390,494,466,416,454,583,532,476,464,502,422,334,214,336,,
E02004175,275,331,272,263,309,311,263,287,311,375,426,388,412,364,328,208,143,142,,
E02004176,189,241,250,247,185,214,186,232,220,359,516,482,466,547,453,329,188,214,,
E02004177,327,341,326,323,287,328,296,319,326,410,443,419,428,438,408,216,157,206,,
E02004178,251,315,318,281,191,171,180,314,356,392,428,394,368,450,390,239,186,189,,
E02004179,565,557,501,407,552,653,564,534,551,635,582,558,458,538,566,443,325,367,,
E02004180,264,327,383,317,256,240,215,253,344,461,470,460,515,450,424,238,184,181,,
E02004181,303,340,316,293,244,336,380,314,333,431,444,365,341,374,331,239,227,193,,
E02004182,371,422,333,339,381,486,395,361,321,455,363,390,348,325,328,225,173,192,,
E02004183,298,318,267,268,313,366,294,306,288,387,410,415,329,423,463,326,270,257,,
E02004184,623,625,569,565,490,655,517,560,543,637,637,601,460,439,365,268,177,206,,
E02004185,307,291,296,259,208,290,232,258,268,340,429,492,410,473,575,351,315,319,,
E02004186,472,508,462,437,353,441,471,524,473,573,687,612,506,512,544,431,274,230,,
E02004187,436,511,526,503,412,458,443,496,541,600,788,721,657,684,662,394,334,363,,
E02004188,214,296,371,325,249,249,203,259,310,433,618,589,552,578,571,366,234,249,,
E02004189,276,358,305,293,345,464,367,352,343,428,550,480,409,393,325,173,161,102,,
E02004190,298,411,486,449,250,305,300,334,412,582,710,731,620,718,545,378,239,276,,
E02004191,359,425,463,499,301,416,381,469,506,604,683,620,613,646,560,368,271,312,,
E02004192,257,331,385,317,230,195,209,328,359,465,667,652,612,751,676,365,311,233,,
E02004193,580,739,773,759,542,607,580,585,704,871,1001,916,735,702,614,415,284,320,,
E02004194,388,403,388,314,225,275,341,363,357,495,602,520,599,532,472,257,218,234,,
E02004195,234,216,199,275,321,275,265,236,230,336,361,458,462,444,461,305,196,241,,
E02004196,310,418,419,365,214,241,259,368,386,537,628,606,616,635,602,354,258,239,,
E02004197,239,314,325,270,160,197,198,330,299,402,463,485,525,597,657,400,346,250,,
E02004198,277,359,336,320,274,281,330,309,352,424,456,486,436,444,482,281,290,324,,
E02004199,181,255,270,206,148,174,158,189,207,327,417,470,438,641,578,406,284,237,,
E02004200,162,215,224,186,154,208,226,163,209,291,361,432,469,503,512,335,261,238,,
E02004201,207,229,253,226,219,135,195,253,293,329,439,463,424,489,464,318,194,220,,
E02004202,483,480,459,422,332,443,480,509,517,629,677,600,545,570,504,320,228,290,,
E02004203,206,262,308,288,183,165,206,278,285,415,545,522,517,538,439,291,207,258,,
E02004204,472,564,550,477,328,428,456,479,572,700,765,720,682,640,684,448,361,317,,
E02004205,401,443,412,396,331,404,407,384,416,532,603,604,633,637,587,327,270,224,,
E02004206,257,270,283,290,279,291,256,262,322,372,477,463,532,567,632,403,326,397,,
E02004207,292,304,387,306,258,281,272,306,316,444,494,470,412,450,474,301,235,236,,
E02004208,357,447,457,439,270,313,339,398,477,559,597,644,640,763,703,392,309,324,,
E02004209,454,505,435,470,412,491,433,463,522,617,725,601,512,529,526,370,244,306,,
E02004210,346,338,283,283,372,400,341,347,349,443,517,485,491,435,423,277,244,393,,
E02004211,217,288,288,251,183,197,207,254,295,404,517,504,604,706,641,391,286,351,,
E02004212,322,391,343,315,358,329,384,328,360,446,485,446,388,408,340,211,159,121,,
E02004213,527,459,351,345,315,608,599,562,417,521,559,498,461,384,343,214,147,250,,
E02004214,439,386,304,295,383,521,478,342,367,406,453,393,313,306,314,188,115,178,,
E02004215,247,329,325,361,297,345,375,295,312,425,425,397,317,354,329,204,171,289,,
E02004216,249,312,273,260,237,324,263,264,253,384,441,437,392,403,410,282,221,174,,
E02004217,387,444,488,419,309,375,384,398,433,601,685,555,577,591,535,320,226,233,,
E02004218,238,295,283,288,248,293,248,267,288,403,497,523,454,487,443,289,222,205,,
E02004219,224,256,306,296,196,175,184,250,272,370,472,470,417,423,457,307,228,236,,
E02004220,266,283,255,237,200,244,269,310,329,349,462,528,483,542,533,372,277,233,,
E02004221,206,209,229,211,183,231,255,231,296,367,382,430,527,647,658,423,347,377,,
E02004222,317,361,307,356,335,328,312,296,313,473,475,434,372,413,329,214,161,171,,
E02004223,865,980,706,677,660,875,755,744,712,863,902,838,756,768,637,423,313,255,,
E02004224,240,331,332,332,247,277,226,254,319,439,591,493,527,619,530,327,207,257,,
E02004225,345,377,336,307,304,386,279,340,303,426,414,398,356,384,342,282,188,196,,
E02004226,263,344,341,300,264,295,248,287,354,480,566,670,694,646,599,401,277,207,,
E02004227,492,481,583,501,417,433,406,456,486,716,794,820,736,824,715,447,289,312,,
E02004228,246,347,380,382,247,220,279,317,327,469,572,649,624,662,562,361,253,192,,
E02004229,530,533,431,407,349,504,473,507,484,629,720,735,622,674,652,410,265,319,,
E02004230,403,421,455,369,343,414,383,430,430,520,533,497,460,462,464,321,282,272,,
E02004231,307,309,333,248,230,317,332,372,393,481,661,594,568,582,555,325,210,167,,
E02004232,242,345,364,361,230,251,230,275,315,503,594,577,568,567,513,301,229,199,,
E02004233,579,700,702,737,488,561,600,608,572,839,924,921,814,952,893,636,463,515,,
E02004234,211,279,301,290,211,166,191,241,272,423,492,586,545,549,533,308,252,237,,
E02004235,247,303,333,328,180,218,261,283,279,447,567,513,481,598,539,301,256,253,,
E02006840,615,697,682,597,503,561,566,570,597,738,812,768,725,748,676,486,318,342,,
TOWN01,387,444,488,419,309,375,384,398,433,601,685,555,577,591,535,320,226,233,,
TOWN02,628,748,836,712,557,630,659,719,716,972,1175,1105,1270,1344,1341,889,559,655,,
TOWN03,2573,2773,2581,2414,2201,2770,2462,2515,2507,3183,3310,3191,2798,2846,2890,1997,1563,1516,,
TOWN04,1959,2222,1874,1877,1669,1999,1859,1896,2032,2592,2942,2867,2776,3139,2827,1840,1362,1355,,
TOWN05,708,750,694,556,655,748,671,711,769,859,845,790,677,793,801,595,442,500,,
TOWN06,999,1274,1281,1097,972,1019,1003,1010,1184,1630,1691,1656,1491,1622,1357,904,612,723,,
TOWN07,1387,1544,1451,1257,1048,1153,1292,1407,1500,1759,1890,1743,1535,1609,1393,876,668,711,,
TOWN08,403,419,452,456,451,413,402,453,435,606,774,960,920,1022,988,615,427,410,,
TOWN09,719,789,780,759,648,751,742,704,818,984,1185,1179,1270,1301,1320,802,644,678,,
TOWN10,7947,8235,6827,9984,18026,13689,10176,9289,8282,8997,9062,8140,7038,7043,6397,4546,3497,4153,,
TOWN11,2246,2656,2351,2602,2402,2379,2382,2532,2634,3220,3478,3234,3389,3686,3487,2506,2013,2301,,
TOWN12,517,602,554,529,506,599,443,524,532,778,841,879,838,844,758,538,381,347,,
TOWN13,738,828,963,883,664,653,685,773,813,1185,1366,1469,1360,1486,1277,808,542,504,,
TOWN14,834,968,880,821,723,915,885,823,990,1281,1352,1329,1204,1413,1409,1031,791,796,,
TOWN15,860,992,924,897,815,850,765,902,930,1207,1394,1295,1277,1396,1211,743,500,536,,
TOWN16,1521,1987,1998,1867,1351,1642,1521,1774,1901,2455,2932,2818,2516,2584,2392,1484,1124,961,,
TOWN17,740,953,879,759,626,715,806,739,832,1122,1308,1419,1361,1519,1526,972,799,799,,
TOWN18,39,43,49,68,54,79,53,73,65,105,156,156,178,148,133,97,57,82,,
TOWN19,158,195,235,232,147,123,177,228,218,341,385,359,357,384,321,215,148,166,,
TOWN20,3672,4055,3846,3650,3216,3991,3865,3791,3962,5048,5865,5444,4832,4899,4735,3061,2262,2511,,
TOWN21,1375,1487,1418,1254,1026,1288,1252,1419,1485,1864,2135,2132,1963,2025,1973,1310,923,871,,
TOWN22,889,1048,1116,996,604,599,745,892,973,1351,1329,1266,1210,1214,1173,761,572,553,,
TOWN23,407,522,489,487,324,396,370,413,551,704,812,894,941,1237,1293,969,724,905,,
TOWN24,569,613,759,747,453,566,515,542,643,945,1162,1120,1238,1495,1648,1185,1038,1263,,
TOWN25,560,699,746,706,547,629,577,652,724,873,1189,1116,1000,1098,1042,637,485,518,,
TOWN26,1235,1522,1624,1564,1067,1225,1302,1400,1385,2106,2495,2480,2307,2545,2359,1437,1118,1147,,
TOWN27,823,940,881,846,737,781,780,885,969,1227,1372,1429,1512,1666,1560,946,756,975,,
TOWN28,1921,2247,2368,2330,1734,1859,1990,1955,2098,2763,2879,2695,2582,2601,2462,1729,1210,1239,,
TOWN29,897,1085,1244,1171,736,868,885,1060,1196,1579,1885,1659,1737,1881,1578,966,769,836,,
DIV1,802,885,736,681,783,1174,950,1023,929,978,1029,932,786,783,735,640,439,540,,
DIV2,647,714,710,645,550,768,744,744,738,978,1121,958,927,888,794,495,337,351,,
DIV3,562,617,684,611,483,548,580,616,601,820,985,870,1023,1061,1061,718,469,554,,
DIV4,757,854,713,700,754,973,915,774,734,1010,930,855,761,785,753,527,464,464,,
DIV5,838,851,772,765,674,870,671,767,751,900,924,916,717,776,734,531,383,384,,
DIV6,493,657,608,565,478,646,571,662,616,809,973,917,869,898,861,503,430,287,,
DIV7,805,986,753,799,730,825,778,757,748,1008,1102,989,951,1001,851,494,380,310,,
DIV8,617,686,592,566,512,655,515,537,596,767,866,776,704,799,645,470,301,373,,
DIV9,508,569,686,557,411,438,475,540,606,856,1019,956,894,943,919,654,519,551,,
DIV10,708,750,694,556,655,748,671,711,769,859,845,790,677,793,801,595,442,500,,
DIV11,1158,1046,834,617,485,922,1025,951,900,976,905,889,740,761,700,465,347,335,,
DIV12,580,671,694,624,480,508,558,653,711,852,1010,995,937,967,929,578,400,360,,
DIV13,450,519,588,522,385,464,404,477,535,700,921,812,794,771,768,460,339,308,,
DIV14,452,606,620,599,453,446,407,556,580,844,1000,958,968,1070,910,582,382,376,,
DIV15,696,817,777,701,612,740,703,690,748,1009,974,928,818,910,760,525,366,431,,
DIV16,541,741,817,715,540,484,522,598,732,1035,1111,1139,1058,1105,979,619,426,464,,
DIV17,783,852,728,661,619,713,778,800,842,883,1007,837,761,793,645,409,331,365,,
DIV18,491,547,584,592,551,470,474,564,589,801,1028,1110,1074,1195,1137,670,507,474,,
DIV19,658,713,695,686,610,695,663,646,738,904,1080,1067,1165,1204,1219,730,596,621,,
DIV20,390,440,364,2654,3833,990,558,581,492,494,568,551,543,553,523,336,253,331,,
DIV21,572,599,577,538,429,506,576,632,666,809,891,824,749,777,717,446,306,410,,
DIV22,470,555,602,473,387,430,429,478,588,765,866,876,989,1238,1334,983,862,1166,,
DIV23,1702,1981,1634,1906,1907,1863,1878,1944,1925,2317,2437,2182,2212,2270,2024,1418,1079,1058,,
DIV24,881,1015,765,672,847,1481,1168,1057,915,986,994,818,659,552,544,339,246,231,,
DIV25,774,815,705,679,666,754,783,754,867,1033,1069,1043,975,1092,1021,788,600,688,,
DIV26,575,583,532,499,419,544,502,548,543,662,784,786,644,739,854,603,470,453,,
DIV27,741,754,677,605,508,670,660,732,751,943,1172,1144,1001,1091,1084,660,445,449,,
DIV28,831,797,719,875,923,1353,1046,867,782,896,925,819,741,685,589,473,385,482,,
DIV29,738,828,963,883,664,653,685,773,813,1185,1366,1469,1360,1486,1277,808,542,504,,
DIV30,602,672,598,586,596,639,559,606,637,785,869,807,840,802,736,424,300,348,,
DIV31,492,563,613,578,456,454,446,530,569,811,1014,1059,970,1064,1072,677,527,537,,
DIV32,580,739,773,759,542,607,580,585,704,871,1001,916,735,702,614,415,284,320,,
DIV33,458,614,606,526,422,455,488,498,559,751,873,956,874,1085,1060,687,574,561,,
DIV34,669,781,690,713,569,717,652,732,789,971,1167,1023,996,1081,989,663,457,576,,
DIV35,851,873,743,724,736,942,983,782,768,906,994,907,767,748,678,414,298,415,,
DIV36,645,734,640,640,627,777,730,635,655,911,963,877,775,810,805,527,400,464,,
DIV37,472,492,484,448,383,475,524,541,625,716,844,958,1010,1189,1191,795,624,610,,
DIV38,645,766,819,730,573,665,613,705,745,1023,1127,1074,1028,1029,977,622,511,471,,
DIV39,510,706,829,856,421,413,429,555,689,966,1021,940,916,995,970,658,516,474,,
DIV40,834,894,735,706,693,1099,878,794,782,886,931,765,650,633,565,417,368,424,,
DIV41,469,566,551,471,356,475,517,464,504,718,920,981,959,1011,964,606,477,438,,
DIV42,441,590,558,566,357,443,411,454,611,791,918,1016,1055,1377,1409,1063,779,933,,
DIV43,481,513,639,628,392,499,440,478,537,792,966,955,1067,1308,1430,1077,941,1178,,
DIV44,503,690,752,639,382,410,419,562,661,900,1055,1046,996,1114,979,640,437,463,,
DIV45,513,588,673,600,494,514,510,578,636,728,968,962,849,859,852,551,407,475,,
DIV46,618,433,297,1004,2132,1968,1304,1000,623,641,682,536,515,485,420,302,234,401,,
DIV47,625,559,461,1029,6698,1992,1145,875,718,720,629,601,486,445,392,260,228,346,,
DIV48,579,700,702,737,488,561,600,608,572,839,924,921,814,952,893,636,463,515,,
DIV49,703,785,740,722,642,713,680,745,826,1002,1114,1129,1131,1198,1126,669,553,717,,
DIV50,757,976,1026,1057,742,764,817,764,796,1065,1073,911,818,746,789,570,357,372,,
DIV51,718,703,681,634,573,676,777,665,685,876,941,924,930,1017,899,649,501,513,,
DIV52,608,721,677,607,568,681,527,627,657,906,980,1068,1050,1030,941,683,465,403,,
DIV53,567,631,699,701,433,575,565,691,731,912,1049,930,1027,1001,869,516,410,463,,
DIV54,727,867,734,663,574,1011,740,813,775,847,767,750,676,827,731,502,388,448,,
DIV55,454,680,684,563,345,432,449,508,600,853,948,1023,958,1026,1072,628,436,396,,
DIV56,651,767,810,734,525,530,563,682,761,1031,1052,1033,906,973,853,547,396,409,,
DIV57,765,919,830,705,739,1351,1016,899,880,1003,934,821,644,626,547,378,297,227,,
DIV58,554,670,721,668,462,535,597,671,677,1037,1268,1284,1215,1312,1195,684,538,527,,
CHSCTAXE,1604,1883,2084,1946,1334,1592,1544,1674,1910,2621,3149,3119,3449,4076,4282,3043,2321,2823,,
CHSCTBARNSTAPLE,2063,2248,2094,1979,1826,2270,2002,2028,2027,2622,2656,2549,2265,2257,2176,1475,1150,1125,,
CHSCTBIDEFORD,2368,2590,2185,2139,1913,2335,2208,2248,2325,2921,3294,3270,3072,3437,3310,2189,1674,1646,,
CHSCTBRAUNTON,1607,1785,1667,1521,1524,1677,1489,1686,1764,2171,2395,2241,2132,2337,2145,1435,999,1118,,
CHSCTCREDITON,966,1219,1231,1038,933,989,1001,1022,1174,1527,1656,1627,1469,1627,1366,959,647,714,,
CHSCTCULLOMPTON,1696,1975,1820,1659,1305,1438,1588,1775,1933,2293,2483,2334,2039,2135,1892,1214,944,975,,
CHSCTDAWLISH,1487,1627,1577,1552,1345,1481,1445,1534,1708,2120,2474,2470,2633,2783,2702,1625,1328,1519,,
CHSCTEXETERCHALL,4412,4624,3830,3321,3513,5880,4954,4879,4444,4910,4903,4407,3826,3902,3639,2540,1877,2109,,
CHSCTEXETERSYCAMORE,3663,3580,3042,6636,14494,7816,5307,4441,3777,4050,4020,3570,3119,2982,2600,1852,1464,1938,,
CHSCTEXMOUTH,2246,2656,2351,2602,2402,2379,2382,2532,2634,3220,3478,3234,3389,3686,3487,2506,2013,2301,,
CHSCTHONITON,1473,1817,1790,1674,1193,1365,1417,1511,1783,2403,2498,2424,2249,2481,2456,1717,1318,1298,,
CHSCTIVYBRIDGE,1538,1993,2030,1858,1241,1448,1465,1730,1862,2474,2915,2805,2606,2724,2489,1542,1177,1091,,
CHSCTKINGSBRIDGE,740,953,879,759,626,715,806,739,832,1122,1308,1419,1361,1519,1526,972,799,799,,
CHSCTNABBOT,2905,3230,2856,2833,2617,3294,3183,3005,3057,3935,4515,4201,3692,3854,3661,2341,1717,1999,,
CHSCTOKE,1448,1528,1530,1359,1127,1374,1398,1606,1579,2078,2406,2304,2128,2234,2076,1341,922,969,,
CHSCTSMOLTON,724,917,956,850,694,782,706,816,922,1130,1478,1437,1330,1436,1358,873,632,632,,
CHSCTTAVISTOCK,1433,1785,1874,1831,1348,1537,1506,1624,1632,2407,2875,2858,2566,2788,2596,1576,1263,1211,,
CHSCTTEIGN,1246,1471,1666,1411,1006,1196,1184,1280,1495,1991,2289,2094,2033,2047,1962,1275,935,942,,
CHSCTTIVERTON,1825,2163,2268,2227,1679,1787,1920,1815,2014,2651,2761,2600,2483,2476,2329,1623,1144,1173,,
CHSCTTORRINGTON,1356,1587,1693,1585,1301,1416,1239,1432,1532,2195,2509,2587,2435,2621,2266,1519,1024,951,,
CHSCTTOTNES,911,1009,1165,1160,847,933,904,1102,1173,1496,1832,1829,1878,2029,1868,1162,864,911,,
Eastern,19177,21308,19747,22310,27849,24445,21297,21007,21016,25446,26962,25281,23764,25303,23871,16618,12559,14183,,
Northern,8135,9136,8659,8130,7287,8487,7668,8252,8624,11070,12399,12146,11325,12100,11313,7523,5499,5508,,
Southern,14023,15015,14451,14028,12439,14076,13867,13729,14833,19029,21765,20881,20018,21072,20238,13148,9982,10647,,
Western,18862,20310,18062,20072,27273,22515,21209,19726,18548,22711,24262,22937,20031,20100,18782,12499,9619,9325,,
BarnstaplePCN,2573,2773,2581,2414,2201,2770,2462,2515,2507,3183,3310,3191,2798,2846,2890,1997,1563,1516,,
BaywidePCN,1127,1228,1173,1183,1060,1086,1123,1190,1360,1800,2117,2233,2259,2512,2554,1738,1335,1508,,
BeaconPCN,2432,3005,2750,2663,2100,2473,2594,2572,2793,3457,3656,3449,2846,3014,2642,1959,1338,1342,,
BrixhamPaigntonPCN,2551,2565,2620,2479,2210,2302,2388,2198,2441,3301,3734,3556,3332,3562,3617,2360,1839,1659,,
CityPCN,1085,1097,842,1144,3169,2622,1853,1518,1253,1305,1315,1206,995,899,785,561,444,506,,
CoastalPCN,1525,1693,1641,1591,1372,1514,1473,1583,1757,2208,2565,2580,2798,2993,2888,1744,1400,1643,,
CulmValleyPCN,1763,2078,1945,1783,1392,1578,1636,1827,2054,2464,2670,2462,2164,2321,2073,1360,1029,1063,,
DrakePCN,2646,2713,2339,2486,3748,3294,2950,2796,2402,2813,3053,2901,2469,2410,2315,1562,1266,1085,,
FoxhayesStThomasPCN,1855,1968,1592,4385,8018,3803,2545,2369,2010,2067,2250,2001,1611,1535,1486,1031,800,1027,,
HolsworthyBudePCN,862,964,1070,982,770,783,808,898,940,1347,1567,1653,1532,1647,1419,899,608,599,,
HOSMSPCN,1952,2323,2459,2330,1582,1802,1852,1963,2326,3211,3495,3377,3359,3824,3912,2770,2245,2455,,
MayflowerPCN,2361,2574,2227,2223,2015,2521,2411,2296,2095,2532,2835,2654,2091,2056,1922,1320,986,913,,
MewstonePCN,1666,1959,1849,1761,1276,1348,1548,1768,1798,2363,2463,2324,2217,2444,2657,1747,1472,1325,,
MidDevonPCN,1675,2113,2214,1901,1594,1615,1618,1834,2054,2737,3031,3046,2823,3004,2669,1731,1182,1265,,
NewtonWestPCN,1377,1578,1653,1469,1192,1465,1414,1530,1644,2132,2543,2508,2240,2255,2267,1464,1134,1133,,
NEXUSPCN,2387,2522,2200,2512,5152,4478,3186,2857,2529,2794,2759,2382,2107,2014,1745,1236,959,1174,,
NorthDartmoorPCN,1063,1112,1131,1025,809,970,1000,1119,1151,1519,1718,1663,1564,1665,1576,1065,766,747,,
NorthDevonCoastalPCN,2103,2377,2297,2126,1988,2214,2006,2251,2401,2894,3360,3182,2959,3217,3008,1963,1408,1550,,
OuterExeterPCN,2805,2728,2312,1986,1719,2871,2737,2654,2521,2897,2740,2541,2322,2537,2302,1637,1198,1385,,
PathfieldsPCN,1341,1366,1101,1944,5484,2439,1793,1606,1366,1438,1334,1204,1099,928,793,549,408,437,,
SoundPCN,1947,2043,1715,1885,1832,2050,2074,1745,1669,1959,2008,1976,1865,1858,1698,1063,756,704,,
SouthDartmoorTotnesPCN,1209,1423,1626,1492,964,1174,1198,1371,1538,2026,2352,2023,2151,2245,1930,1177,897,995,,
SouthHamsPCN,1238,1491,1463,1354,1163,1252,1321,1300,1375,1917,2321,2578,2467,2731,2658,1680,1318,1296,,
TASCPCN,1035,1270,1325,1199,881,1026,1029,1132,1267,1676,1987,1999,2211,2581,2634,1858,1283,1560,,
TemplerSquarePCN,2188,2383,2059,2068,1939,2463,2384,2138,2204,2760,3079,2730,2370,2398,2269,1472,1063,1317,,
TivertonPCN,1475,1679,1707,1691,1315,1440,1594,1429,1481,1941,2014,1835,1748,1763,1688,1219,858,885,,
TorquayPCN,3607,3668,3213,3255,3223,3646,3465,3245,3430,4092,4546,4248,3868,3953,3594,2434,1827,1980,,
TorridgePCN,2476,2824,2428,2406,2175,2598,2302,2420,2564,3370,3783,3746,3614,3983,3585,2378,1743,1702,,
WatersidePCN,4309,3982,3316,4547,8978,6247,5526,4572,3974,4584,4659,4131,3431,3028,2657,1777,1350,1414,,
WEBPCN,2246,2656,2351,2602,2402,2379,2382,2532,2634,3220,3478,3234,3389,3686,3487,2506,2013,2301,,
WestDevonPCN,1318,1614,1720,1654,1125,1300,1369,1486,1483,2249,2646,2632,2439,2666,2484,1531,1171,1177,,
