Area	2002	2003	2004	2005	2006	2007	2008	2009	2010	2011	2012	2013	2014	2015	2016	2017
E92000001																
E12000009																
E01015023	312	283	278	270	253	242	234	237	229	228	252	248	248	239	234	223
E01015024	122	129	133	138	150	145	149	161	176	184	203	221	230	241	238	252
E01015025	370	375	381	388	393	401	420	414	438	455	466	462	486	485	492	496
E01015026	190	199	196	183	176	168	170	165	176	187	194	193	192	201	202	185
E01015027	166	166	170	191	200	203	204	208	219	244	252	278	278	291	297	302
E01015028	211	199	210	208	202	189	188	186	185	190	190	185	183	191	189	184
E01015029	181	190	193	195	180	187	185	187	192	187	204	211	221	230	233	225
E01015030	285	285	280	266	249	240	225	225	217	230	232	238	230	212	225	246
E01015031	183	204	173	165	150	145	140	145	155	159	155	158	171	174	170	171
E01015032	82	86	86	85	105	105	107	104	105	115	104	110	109	112	111	119
E01015033	249	257	261	260	263	262	253	281	282	281	297	284	288	289	297	295
E01015034	195	200	214	201	202	197	209	217	240	244	289	293	288	295	314	303
E01015035	184	181	189	201	205	206	211	220	230	251	257	256	254	269	263	279
E01015036	310	285	309	308	304	291	283	280	275	257	249	270	293	322	311	319
E01015037	231	251	235	233	234	240	240	248	266	263	273	272	271	272	269	309
E01015038	255	249	235	228	226	213	215	225	213	236	249	263	263	269	281	293
E01015039	122	113	104	104	108	111	114	108	108	110	119	121	128	133	133	125
E01015040	140	149	151	155	143	138	153	156	157	159	170	182	185	179	181	181
E01015041	130	126	121	124	114	118	119	124	129	131	129	136	143	158	171	178
E01015042	131	140	144	139	143	140	145	130	131	127	134	141	136	135	145	163
E01015043	140	115	122	112	116	123	128	114	112	116	118	121	119	114	121	118
E01015044	162	135	145	138	138	149	149	166	178	176	180	184	192	187	186	187
E01015045	147	138	143	137	137	125	126	124	117	108	109	124	128	137	137	125
E01015046	218	212	227	216	208	218	217	218	219	239	238	247	259	254	265	255
E01015047	126	137	133	129	116	111	106	105	119	128	147	179	198	210	223	240
E01015048	103	97	99	95	104	90	76	85	73	89	105	111	119	146	152	182
E01015049	117	124	122	117	115	106	110	121	111	108	106	106	108	116	112	106
E01015050	91	91	90	82	77	72	69	80	84	81	86	98	96	102	102	105
E01015051	107	103	100	94	94	97	103	102	112	112	128	132	134	134	134	132
E01015052	135	140	130	117	121	118	106	111	111	107	115	103	105	105	109	106
E01015053	102	82	89	87	79	70	74	72	81	77	75	84	94	102	105	91
E01015054	84	105	95	93	74	68	66	69	46	62	78	70	72	71	70	79
E01015055	171	176	178	178	176	180	182	186	197	188	197	204	203	206	212	207
E01015056	294	288	279	266	263	259	267	267	259	263	276	288	301	290	277	294
E01015057	212	197	192	181	196	178	193	173	164	153	161	166	167	181	198	188
E01015058	145	135	138	140	144	136	137	141	146	145	155	163	175	171	182	171
E01015059	142	161	154	142	136	134	146	143	144	154	158	166	165	176	172	179
E01015060	155	177	162	159	160	176	177	178	186	205	205	207	220	223	230	255
E01015061	131	131	128	126	124	122	120	121	126	121	125	129	131	124	136	131
E01015062	103	128	123	126	131	114	109	115	120	111	113	115	116	122	107	119
E01015063	176	186	195	211	217	213	218	209	216	211	214	217	223	229	226	228
E01015064	396	386	400	402	391	383	401	395	392	409	421	440	438	446	436	441
E01015065	300	311	310	308	304	298	287	289	308	298	316	322	327	334	318	321
E01015066	146	163	157	174	177	186	200	199	200	214	225	251	266	277	274	297
E01015067	301	296	306	310	310	319	327	368	384	400	407	414	415	418	418	396
E01015068	184	185	205	218	222	217	233	224	230	235	251	258	261	277	289	310
E01015069	257	248	247	249	241	245	245	231	234	233	231	227	232	228	223	221
E01015070	307	298	297	290	281	270	260	273	273	283	301	302	305	312	314	328
E01015071	277	288	293	299	302	303	296	300	296	287	286	300	314	303	304	310
E01015072	204	206	200	206	209	198	202	202	197	203	200	203	199	196	201	200
E01015073	214	217	227	228	222	225	223	229	231	226	230	242	245	234	231	228
E01015074	278	255	254	240	239	232	235	246	243	256	262	257	264	273	277	279
E01015075	200	219	227	227	228	223	228	227	235	230	221	234	237	246	243	252
E01015076	181	196	188	201	189	199	194	201	211	229	236	228	227	220	219	231
E01015077	375	352	340	340	323	311	291	292	290	286	288	293	297	291	298	311
E01015078	231	230	222	235	218	208	212	210	213	173	171	181	186	211	214	224
E01015079	274	277	258	264	251	257	260	262	267	279	280	281	297	298	311	331
E01015080	88	91	88	89	84	84	85	90	97	109	99	92	79	70	65	88
E01015081	266	260	257	245	229	224	222	212	221	219	231	239	230	228	235	235
E01015082	210	198	212	207	201	213	212	202	219	222	233	239	259	260	276	301
E01015083	254	235	245	255	240	243	227	229	228	223	225	234	251	248	261	263
E01015084	257	255	251	247	259	262	261	255	262	260	281	290	292	281	283	290
E01015085	301	300	300	296	292	298	293	298	314	319	328	326	353	349	345	330
E01015086	258	273	268	260	249	265	266	276	273	269	281	282	284	276	281	283
E01015087	170	153	150	149	147	154	144	143	150	154	157	168	175	163	160	188
E01015088	181	168	156	134	130	119	119	136	137	140	140	149	150	156	155	138
E01015089	311	299	315	299	298	294	272	287	299	313	332	333	340	341	345	352
E01015090	127	140	132	138	137	142	145	158	170	197	228	239	262	270	283	273
E01015091	152	150	166	172	174	169	183	205	227	231	258	290	326	353	383	379
E01015092	76	71	79	97	94	105	114	119	129	140	146	146	161	178	209	228
E01015093	201	176	187	184	192	195	178	189	200	207	226	237	256	260	282	297
E01015094	161	174	175	161	155	150	157	179	174	194	213	224	234	246	266	277
E01015095	224	227	239	241	254	252	254	272	297	314	366	375	395	399	408	411
E01015096	162	179	197	196	194	192	214	230	234	244	267	280	279	287	298	291
E01015097	477	479	462	501	520	550	556	575	610	601	638	645	675	682	688	680
E01015098	196	186	178	171	173	168	177	173	179	182	204	207	203	211	201	224
E01015099	129	137	144	131	124	134	141	153	157	160	159	166	162	162	166	175
E01015100	156	153	140	138	138	137	149	153	146	135	140	150	158	156	142	156
E01015101	315	304	295	304	292	284	284	286	288	307	322	348	337	339	340	363
E01015102	237	240	232	222	221	218	232	213	204	196	216	225	237	232	227	238
E01015103	163	158	164	165	156	154	156	154	155	157	168	165	163	157	155	161
E01015104	212	202	211	216	200	192	200	206	205	206	220	220	234	240	242	236
E01015105	202	191	205	177	163	151	152	159	161	167	171	183	173	185	179	174
E01015106	195	198	200	181	174	173	170	168	181	181	201	207	222	239	243	243
E01015107	89	95	95	91	104	103	121	127	133	134	139	144	150	162	164	154
E01015108	203	193	202	211	206	203	204	208	213	228	225	229	239	250	259	244
E01015109	117	116	110	110	114	125	121	128	139	144	157	168	178	193	212	207
E01015110	101	117	129	144	147	152	150	162	183	208	233	254	276	281	271	273
E01015111	77	81	77	77	79	85	89	99	107	113	134	136	141	146	153	161
E01015112	197	218	212	205	202	200	208	207	207	220	236	236	246	251	257	256
E01015113	282	277	271	274	283	278	279	279	293	303	311	324	328	338	338	331
E01015114	236	255	257	249	251	253	252	242	250	256	264	267	283	288	295	281
E01015115	342	342	354	336	331	329	335	346	342	344	348	332	326	331	328	325
E01015116	180	188	190	203	211	223	230	246	244	264	281	286	291	296	298	309
E01015117	133	147	147	154	153	160	171	173	182	189	202	226	242	246	266	274
E01015118	277	284	285	300	291	285	283	277	278	279	283	298	318	318	314	300
E01015119	78	82	96	98	110	118	121	139	152	156	168	188	197	211	228	231
E01015120	210	212	204	212	211	226	229	255	262	271	279	293	308	321	325	354
E01015121	325	343	372	383	379	389	396	403	401	399	405	416	423	438	431	433
E01015122	324	346	334	327	323	321	326	330	318	318	323	330	334	340	334	325
E01015123	314	338	347	369	390	385	408	406	425	439	446	444	455	473	497	481
E01015124	247	247	276	290	294	294	316	338	344	367	393	412	393	398	384	372
E01015125	162	197	205	215	224	227	231	261	268	288	293	318	331	352	356	358
E01015126	455	454	451	439	435	429	424	426	443	455	462	465	450	455	445	452
E01015127	224	220	252	256	248	257	281	271	289	307	324	343	368	379	395	385
E01015128	314	322	345	336	351	363	379	384	406	405	409	409	413	428	421	427
E01015129	116	122	103	118	129	127	136	137	140	137	140	145	162	168	173	155
E01015130	110	115	124	125	122	125	140	145	158	165	180	201	210	213	227	246
E01015131	365	369	380	366	365	382	397	405	413	421	438	476	486	501	492	485
E01015132	339	324	319	320	329	344	350	358	362	357	365	376	384	372	355	352
E01015133	339	363	379	393	398	393	410	408	416	411	427	430	437	433	418	400
E01015134	192	206	272	293	279	272	271	281	282	282	287	294	286	286	288	304
E01015135	247	269	260	265	263	260	258	250	251	252	265	268	280	286	300	296
E01015136	286	305	290	296	289	288	300	293	288	292	291	288	283	279	281	280
E01015137	220	200	198	181	184	188	205	235	224	229	246	265	269	272	284	285
E01015138	214	225	244	257	274	267	290	310	338	336	359	382	402	414	443	459
E01015139	327	316	315	313	302	288	276	274	275	283	288	288	283	300	299	295
E01015140	371	369	375	393	376	380	394	399	377	395	401	412	409	407	410	398
E01015141	332	323	334	341	342	343	357	370	385	403	436	450	460	464	467	484
E01015142	193	203	193	187	175	167	162	166	179	183	203	213	219	211	214	234
E01015143	200	222	219	224	216	231	229	247	262	257	267	266	268	281	286	285
E01015144	156	161	156	156	151	165	167	171	180	171	171	176	167	166	177	186
E01015145	30	33	38	36	46	56	62	45	47	46	47	41	48	49	52	57
E01015146	113	120	99	106	95	95	96	104	103	104	117	130	138	149	154	142
E01015147	223	213	217	223	219	209	213	231	246	258	266	262	270	285	285	295
E01015148	206	178	181	185	177	174	173	174	184	187	197	203	211	212	214	223
E01015149	196	204	207	208	215	219	218	219	213	219	218	224	223	225	221	219
E01015150	280	297	302	298	291	293	289	290	294	296	293	283	281	287	289	309
E01015151	188	169	174	172	174	177	163	160	146	146	138	131	130	129	135	128
E01015152	223	198	207	204	177	193	196	199	204	215	220	207	216	239	239	239
E01015153	159	176	190	180	187	193	184	182	176	190	191	195	196	194	206	226
E01015155	252	259	244	240	236	220	209	184	185	179	175	175	178	180	184	162
E01015156	235	218	208	207	217	203	189	189	192	212	228	211	204	212	207	218
E01015157	227	244	235	230	226	219	217	226	225	233	251	289	301	303	328	351
E01015158	326	318	316	313	330	359	368	360	366	374	380	371	396	426	443	438
E01015159	408	406	419	415	412	413	414	397	397	399	403	403	404	384	383	371
E01015160	304	314	324	325	338	343	343	351	341	345	360	362	379	371	387	396
E01015161	221	221	239	244	237	257	269	294	303	310	321	332	330	328	318	292
E01015162	318	309	309	300	287	281	285	281	281	270	269	249	241	239	238	223
E01015163	239	240	261	277	275	293	316	320	316	333	332	338	345	345	344	351
E01015164	145	163	155	158	164	164	166	174	174	182	201	209	222	222	217	221
E01015165	113	133	139	149	152	155	161	178	181	173	176	181	183	173	172	185
E01015166	180	190	208	218	238	243	249	243	253	261	275	272	276	280	272	283
E01015167	131	153	150	147	137	131	128	131	142	140	148	157	151	155	164	151
E01015168	172	167	166	164	158	158	164	161	154	154	164	169	184	184	183	191
E01015169	189	176	174	175	195	193	184	206	197	202	210	211	215	232	252	253
E01015170	227	252	241	234	213	207	225	226	221	221	229	234	238	222	223	220
E01015171	242	237	223	216	225	231	238	235	229	227	231	228	244	264	273	264
E01015172	180	179	179	184	178	175	171	173	161	162	173	190	188	194	206	202
E01015173	260	257	234	208	203	211	205	224	221	230	240	244	246	256	262	265
E01015174	237	222	228	228	214	219	222	239	247	256	267	259	263	263	261	279
E01015175	181	151	160	165	159	154	147	157	144	143	135	137	141	154	165	160
E01015176	257	270	253	241	236	233	226	222	222	219	220	236	252	251	247	225
E01015177	183	191	177	172	185	174	174	168	175	177	174	174	185	175	171	174
E01015178	139	155	149	145	150	137	132	136	135	134	133	136	135	128	128	132
E01015179	133	145	139	130	127	119	121	111	119	116	106	103	96	103	99	93
E01015180	212	217	202	205	203	191	203	195	194	206	210	201	205	213	215	227
E01015181	165	164	161	150	152	149	155	155	164	156	162	165	166	175	194	200
E01015182	192	183	182	186	182	189	187	188	177	188	194	189	194	189	194	190
E01015183	278	275	264	273	274	287	289	300	297	298	313	326	352	351	356	347
E01015184	426	460	462	463	470	470	471	483	478	495	517	534	530	536	542	548
E01015185	357	365	372	359	345	368	350	355	352	359	375	376	389	391	395	380
E01015186	225	211	228	231	217	210	206	211	224	239	251	292	306	311	313	347
E01015187	466	455	472	479	467	451	447	444	452	460	495	513	532	540	537	538
E01015188	386	373	378	382	379	390	389	379	409	404	427	425	441	447	473	501
E01015189	181	174	192	184	194	195	212	230	229	237	249	248	250	255	264	286
E01015190	210	224	247	260	298	310	324	343	361	369	379	391	423	431	438	392
E01015191	168	188	203	217	178	197	181	205	212	207	215	216	225	222	238	288
E01015192	178	184	185	191	191	200	204	196	203	204	223	221	211	206	222	242
E01015193	249	248	267	263	262	264	267	276	270	262	262	272	285	283	289	295
E01015194	193	205	206	199	188	190	195	200	213	222	238	247	262	276	283	283
E01015195	297	268	283	283	266	233	237	246	242	247	262	263	268	280	315	320
E01015196	166	162	155	154	150	147	149	157	157	158	158	174	171	179	168	166
E01015197	379	382	401	388	392	393	411	431	431	440	470	464	475	500	500	523
E01015198	486	502	491	483	479	482	482	506	499	527	536	548	549	546	554	569
E01015199	458	460	480	475	458	455	476	476	473	474	484	489	491	506	501	530
E01015200	251	264	255	238	225	214	217	215	217	217	226	240	258	268	273	261
E01015201	321	320	323	338	336	337	333	339	351	346	344	346	364	363	378	389
E01015202	249	232	226	238	229	228	228	234	232	251	272	281	283	271	259	247
E01015203	337	320	320	331	321	311	309	329	324	328	341	331	344	352	351	351
E01015204	256	252	242	242	238	241	240	220	215	232	240	248	269	262	257	258
E01015205	242	244	249	253	267	270	264	271	276	279	288	312	324	320	317	326
E01015206	235	258	246	246	240	263	264	259	258	262	267	283	280	272	276	285
E01015207	178	190	202	195	196	205	212	203	212	227	241	247	247	252	251	274
E01015208	525	526	539	531	539	558	569	562	577	584	591	625	642	669	672	679
E01015209	288	285	265	268	264	262	268	265	257	257	276	279	285	300	320	324
E01015210	225	217	202	209	204	191	194	186	200	209	218	221	219	209	224	222
E01015211	298	288	288	280	277	287	295	291	292	299	327	314	310	319	331	329
E01015212	150	138	155	156	165	176	173	172	170	177	183	180	183	183	185	201
E01015213	215	208	215	212	195	199	199	201	206	211	215	217	222	221	216	199
E01015214	138	148	140	135	144	133	128	132	130	126	134	138	134	136	147	126
E01015215	181	191	192	205	197	199	201	211	210	218	235	245	251	236	234	230
E01015216	113	121	127	118	121	121	133	138	144	157	169	181	209	216	220	229
E01015217	195	182	192	185	169	169	156	158	171	170	176	185	192	205	203	197
E01015218	248	267	264	263	251	242	240	223	240	228	234	233	248	256	258	275
E01015219	289	314	296	292	302	304	326	334	374	380	396	392	409	415	428	427
E01015220	313	329	312	317	310	309	329	330	327	329	353	356	367	389	392	383
E01015221	304	304	289	290	279	280	278	283	279	278	296	294	281	352	362	352
E01015222	259	261	275	284	291	315	325	340	353	365	383	391	405	405	422	436
E01015223	168	161	149	153	155	161	173	179	202	205	223	237	246	243	249	262
E01015224	267	265	277	254	258	243	243	254	257	266	262	272	297	311	308	311
E01015225	265	275	252	260	249	250	260	255	266	271	272	282	293	295	308	302
E01015226	295	318	312	303	310	307	328	332	343	355	382	394	407	409	411	422
E01015227	293	290	301	280	284	301	293	289	304	315	327	335	326	326	331	343
E01015228	436	415	417	394	383	380	372	358	365	371	374	370	376	382	398	375
E01015229	394	388	362	352	329	310	323	333	313	313	310	318	323	368	386	387
E01015230	421	425	440	449	451	426	428	429	434	455	458	482	491	499	514	471
E01015231	247	248	252	251	231	234	229	223	222	225	227	228	230	249	243	225
E01015232	356	339	337	350	352	352	362	349	345	331	344	335	361	390	402	424
E01015233	262	286	286	277	264	252	241	235	237	249	270	258	269	276	294	278
E01015234	185	174	171	160	159	157	161	165	158	167	172	167	179	181	183	204
E01015235	435	477	476	484	495	516	531	554	563	542	564	589	619	629	613	629
E01015236	248	244	259	257	256	248	250	260	277	278	304	333	375	365	374	376
E01015237	160	157	149	146	141	151	167	171	173	177	190	193	205	208	203	208
E01015238	256	285	284	274	265	272	259	274	277	276	283	283	290	290	279	296
E01015239	411	421	409	395	376	375	368	368	374	382	405	423	431	452	442	435
E01015240	433	403	392	382	401	395	405	405	417	405	438	456	462	465	487	536
E01015241	299	290	282	279	285	284	256	265	255	247	270	288	295	307	313	314
E01015242	175	179	165	155	161	158	163	161	174	159	153	152	162	171	175	178
E01015243	310	311	305	308	310	302	319	329	333	333	336	338	344	354	360	378
E01015244	280	290	293	293	275	297	321	326	327	354	365	387	407	399	404	414
E01015245	294	284	302	305	336	339	325	341	345	354	360	372	372	378	388	387
E01015246	293	317	344	342	344	341	332	339	344	336	366	372	374	390	387	406
E01015247	310	316	310	330	322	318	328	343	343	347	359	382	380	413	420	426
E01015248	249	233	246	246	264	252	245	253	266	259	276	280	283	275	275	287
E01015249	255	250	242	248	251	242	233	237	228	224	223	224	213	208	224	229
E01015250	146	142	155	148	143	141	148	153	163	177	186	197	203	208	213	232
E01015251	195	197	200	201	202	190	192	187	173	182	197	222	221	232	235	216
E01015252	182	180	186	192	203	210	224	249	251	260	269	274	288	310	323	360
E01015253	73	77	101	111	100	102	112	125	127	137	144	157	157	169	176	190
E01015254	351	347	357	343	333	340	335	330	343	347	349	359	371	374	370	356
E01015255	160	164	156	148	138	141	138	145	140	146	158	171	181	201	195	192
E01015256	280	260	280	289	287	285	289	289	283	280	278	283	286	295	321	322
E01015257	173	154	157	161	163	158	163	161	168	157	174	181	194	192	203	212
E01015258	251	248	248	250	239	239	255	263	282	290	323	355	360	382	378	398
E01015259	133	128	140	144	141	144	140	140	142	147	148	154	153	143	136	142
E01015260	246	247	248	255	245	249	246	245	243	234	247	259	254	258	266	263
E01015261	273	277	281	271	299	284	277	291	282	287	313	326	333	323	329	329
E01015262	188	193	202	198	198	193	201	208	202	213	231	225	235	236	233	236
E01015263	184	179	188	176	160	157	164	171	189	187	187	203	202	198	189	204
E01015264	365	394	390	400	387	395	389	376	400	403	396	397	409	408	413	406
E01015265	333	313	320	331	345	353	375	383	368	374	383	403	425	439	447	457
E01015266	217	220	209	193	196	201	212	218	200	205	227	229	230	232	231	232
E01015267	357	356	361	354	342	359	359	349	334	342	354	363	377	383	397	398
E01015268	358	389	380	366	366	380	379	388	408	414	437	474	500	483	510	522
E01015269	413	422	398	387	402	381	390	397	381	401	415	430	451	455	462	477
E01015270	454	456	446	456	443	435	452	432	430	421	447	464	492	504	530	549
E01015271	432	438	468	478	469	474	494	496	499	502	505	531	542	562	565	557
E01019886	522	505	518	531	545	537	547	552	551	552	582	616	626	647	661	679
E01019887	272	274	272	274	236	243	239	247	256	282	278	285	294	294	296	314
E01019888	340	344	345	346	360	376	369	376	376	406	407	411	425	437	471	477
E01019889	362	363	365	364	360	388	396	399	392	387	410	417	435	446	465	456
E01019890	406	414	419	419	417	426	429	424	415	424	444	464	490	517	522	503
E01019891	207	203	220	215	228	230	244	254	251	252	248	259	264	267	273	313
E01019892	214	236	248	255	253	257	257	253	262	244	251	285	303	327	343	370
E01019893	287	314	291	293	295	291	292	302	322	329	340	364	374	384	401	392
E01019894	597	583	597	605	599	589	606	621	607	599	617	598	610	608	633	636
E01019895	459	454	459	436	436	445	458	460	459	484	487	498	515	521	548	535
E01019896	523	519	517	508	492	488	503	519	536	552	561	595	599	635	646	667
E01019897	229	256	245	251	248	244	255	261	270	288	294	301	299	303	313	319
E01019898	471	473	499	508	490	511	519	534	562	603	622	645	657	661	657	728
E01019899	343	309	347	355	349	333	327	343	329	329	351	361	349	347	343	358
E01019900	524	520	537	512	524	527	552	554	564	578	597	604	609	624	653	675
E01019901	262	222	246	265	269	288	303	305	323	335	334	343	357	379	386	405
E01019902	548	539	564	561	556	536	539	556	584	583	590	599	593	593	584	587
E01019903	400	396	401	401	412	408	419	419	431	450	459	466	469	462	454	470
E01019904	277	287	280	282	281	286	280	284	287	270	291	305	320	327	334	348
E01019905	255	254	252	247	267	272	294	299	325	334	351	367	391	409	417	425
E01019906	344	332	322	313	296	285	290	281	279	276	292	291	299	302	323	343
E01019907	383	386	403	409	393	417	415	402	414	415	426	429	446	454	458	471
E01019908	130	115	128	122	115	127	128	139	146	148	161	171	175	184	188	191
E01019909	468	482	463	467	457	469	489	495	480	502	519	526	548	551	557	571
E01019910	293	309	308	320	313	328	329	324	327	322	325	338	355	372	399	397
E01019911	516	523	532	518	507	511	503	508	531	536	558	575	580	572	576	593
E01019912	411	400	397	385	414	416	406	425	429	445	440	465	484	502	499	506
E01019913	612	625	639	622	606	624	622	613	621	625	614	642	674	669	671	738
E01019914	383	415	401	399	387	405	393	414	439	437	451	437	437	431	436	461
E01019915	379	384	403	409	391	412	446	475	481	489	495	513	543	558	566	555
E01019916	234	237	241	222	209	194	183	185	189	193	194	200	209	220	233	269
E01019917	190	200	197	188	192	187	184	190	191	196	189	191	197	201	215	216
E01019918	284	274	281	273	272	278	283	288	287	311	317	340	336	352	349	362
E01019919	178	176	180	180	189	195	193	196	206	209	221	223	230	231	245	247
E01019920	181	173	187	192	182	169	178	192	197	205	240	258	254	283	273	260
E01019921	246	253	252	259	252	242	252	261	281	287	297	302	310	304	296	306
E01019922	297	316	312	289	281	276	277	280	278	286	286	287	293	297	315	316
E01019923	219	218	214	213	222	220	233	238	235	259	269	284	278	272	276	262
E01019924	107	108	110	115	117	133	138	143	144	148	171	186	201	213	218	217
E01019925	150	164	174	175	178	191	195	178	190	202	213	215	228	221	225	240
E01019927	295	281	274	273	259	247	232	234	228	229	230	244	256	251	250	257
E01019928	218	209	206	203	196	198	204	209	212	224	238	240	257	244	242	234
E01019929	202	199	200	202	204	217	207	220	223	230	236	245	238	251	251	248
E01019930	384	407	389	385	388	384	387	365	366	371	370	354	349	350	356	369
E01019931	238	270	267	276	286	288	290	299	289	280	273	292	307	317	330	326
E01019932	396	378	397	376	381	374	368	358	340	338	349	361	365	378	396	408
E01019933	301	311	322	307	242	234	245	256	245	255	260	275	279	306	313	316
E01019934	428	431	460	462	537	525	512	508	523	504	520	537	535	551	552	572
E01019935	329	336	340	341	331	343	347	366	356	359	371	386	397	402	401	439
E01019936	280	294	274	280	281	271	291	291	286	304	323	339	336	347	350	342
E01019937	501	491	496	499	475	461	475	485	501	530	543	562	577	585	583	610
E01019938	402	421	416	430	450	439	468	484	493	510	538	571	612	626	636	630
E01019939	338	345	356	365	367	350	369	388	401	407	438	446	446	442	449	461
E01019940	449	457	454	451	453	424	443	456	468	455	495	517	529	510	503	505
E01019942	349	371	380	385	378	386	373	358	346	344	353	360	365	354	354	363
E01019943	313	323	310	329	345	341	326	316	326	315	336	352	369	369	382	407
E01019944	251	260	245	247	259	253	267	266	257	265	267	262	275	296	314	309
E01019945	327	344	351	361	357	361	351	374	393	388	428	429	460	472	483	484
E01019946	520	525	530	530	513	513	519	514	508	530	545	572	586	589	589	611
E01019947	350	411	456	468	484	492	490	502	484	491	513	523	525	549	577	599
E01019948	436	416	423	421	442	445	455	448	448	449	474	507	501	495	500	504
E01019949	513	503	503	495	489	496	493	495	494	487	502	530	493	513	533	524
E01019950	326	349	328	329	331	330	330	335	353	378	378	407	448	442	443	449
E01019951	619	646	639	639	629	631	659	668	685	709	719	722	738	763	779	798
E01019952	516	514	505	506	499	508	513	505	538	544	561	560	565	566	562	557
E01019953	452	474	499	510	531	556	544	556	538	540	537	539	551	555	546	555
E01019954	272	284	305	308	301	290	294	301	302	318	344	353	368	383	391	402
E01019955	446	458	461	452	454	446	441	441	461	480	478	462	491	485	484	476
E01019956	547	525	516	481	459	469	464	456	447	452	439	462	469	492	496	502
E01019957	796	819	791	771	754	757	751	736	763	752	766	764	770	810	824	843
E01019958	571	575	557	556	574	547	546	571	570	575	587	592	634	638	643	623
E01019959	248	226	234	229	223	218	231	230	231	246	273	279	276	282	295	292
E01019960	147	165	164	169	178	178	183	195	203	218	237	250	270	290	297	317
E01019961	509	504	504	499	530	537	558	558	587	637	645	687	695	699	688	699
E01019962	305	310	319	339	347	353	363	386	412	427	466	478	472	487	501	512
E01019963	293	273	279	261	270	267	272	298	300	303	324	337	343	344	371	367
E01019964	219	226	217	230	226	222	228	224	229	225	228	224	229	242	259	248
E01019965	327	342	339	351	358	354	347	360	358	381	375	378	379	383	385	382
E01019966	244	256	234	247	241	248	261	289	287	298	295	307	324	327	331	342
E01019967	256	239	249	260	257	260	264	270	291	301	331	347	365	378	379	385
E01019968	326	327	347	349	359	363	374	373	368	375	386	382	377	377	375	408
E01019969	220	233	239	226	233	248	245	243	230	239	246	246	238	241	233	219
E01019970	151	169	150	159	155	163	164	178	188	197	195	212	215	222	230	234
E01019971	160	157	170	148	145	148	161	161	153	144	135	153	170	174	186	211
E01019972	118	129	124	126	126	120	114	113	111	112	116	116	125	127	126	120
E01019973	286	287	287	285	286	298	302	297	300	298	307	311	313	307	302	290
E01019974	263	257	277	278	307	312	315	307	308	295	299	296	302	298	311	297
E01019975	181	188	186	190	179	171	163	153	149	143	152	151	148	154	163	142
E01019976	312	317	322	315	313	303	306	306	323	337	341	337	332	333	342	358
E01019977	300	297	293	288	283	279	288	272	278	267	271	279	283	269	282	268
E01019980	83	81	95	92	100	98	106	112	116	114	129	137	147	146	149	150
E01019981	143	157	150	157	114	119	130	138	151	172	183	188	195	196	198	213
E01019982	61	67	65	73	72	77	77	80	65	68	84	94	102	104	116	120
E01019983	198	214	197	218	222	235	227	241	263	280	306	325	334	347	345	360
E01019984	109	129	121	121	122	131	130	141	150	159	173	176	182	189	192	183
E01019985	121	137	138	132	129	135	134	148	142	132	131	132	137	128	125	126
E01019986	278	257	260	261	244	245	241	230	226	238	227	237	243	253	250	251
E01019987	224	217	208	197	175	171	175	187	177	172	189	179	198	200	208	223
E01019988	246	262	251	258	254	274	284	286	283	278	276	267	266	271	265	214
E01019989	150	158	141	131	128	128	133	131	124	121	125	132	122	121	123	132
E01019990	155	159	161	164	150	153	159	150	166	171	171	167	158	154	158	151
E01019991	193	198	192	190	180	181	165	165	162	176	176	170	162	159	163	151
E01019992	218	238	231	229	213	210	217	221	233	234	240	242	247	245	240	241
E01019993	152	143	153	155	169	173	165	165	162	157	157	161	160	171	172	175
E01019994	142	138	124	122	131	121	116	117	125	120	136	141	154	162	173	170
E01019995	299	284	271	256	241	237	241	233	210	203	199	207	205	205	211	206
E01019996	191	177	164	158	145	145	141	121	129	144	146	135	153	156	146	151
E01019997	109	107	94	96	93	92	88	81	75	72	83	91	92	100	92	91
E01019998	188	181	174	176	178	175	178	175	187	191	202	206	221	227	237	233
E01019999	277	285	281	266	238	232	237	235	223	201	211	219	218	214	212	195
E01020000	253	234	239	241	226	228	231	230	231	230	225	220	212	197	196	207
E01020001	143	158	166	166	169	190	199	212	220	233	267	281	303	314	320	319
E01020002	244	267	253	249	250	264	251	242	257	267	266	262	267	263	273	287
E01020003	403	387	389	400	389	386	403	402	408	396	401	418	417	420	412	421
E01020004	229	238	223	225	232	238	241	240	240	238	261	267	269	277	276	303
E01020005	250	267	245	242	240	247	246	246	253	265	270	273	267	263	264	254
E01020006	194	199	187	182	175	164	168	161	162	182	197	188	204	211	209	208
E01020007	99	91	69	67	103	77	63	59	52	45	51	53	59	62	60	42
E01020008	97	104	81	81	79	85	82	90	87	80	87	91	90	88	84	72
E01020009	171	156	145	142	156	156	155	145	151	136	147	149	152	158	161	145
E01020010	170	158	166	160	171	183	190	186	190	181	188	198	192	189	211	226
E01020011	248	259	253	258	254	250	257	248	268	273	282	295	304	318	313	301
E01020012	225	215	221	219	218	213	203	197	185	185	189	204	210	206	211	225
E01020013	171	168	178	177	174	185	193	202	195	198	194	200	192	187	171	191
E01020014	211	196	184	189	192	186	191	177	177	173	173	176	180	178	183	175
E01020015	153	159	156	151	146	153	152	146	141	135	148	152	161	180	211	239
E01020016	259	261	250	234	210	214	216	226	228	228	224	208	208	221	228	251
E01020017	128	130	136	134	132	121	120	105	108	103	112	119	110	125	123	114
E01020018	240	250	254	259	230	231	239	239	252	248	237	239	250	252	257	270
E01020019	145	137	137	153	123	121	123	123	118	141	137	151	158	151	158	209
E01020020	76	60	76	74	75	82	81	81	85	84	89	93	93	94	93	90
E01020021	152	140	148	143	138	133	145	139	146	137	144	144	151	156	147	139
E01020022	113	100	105	98	101	98	101	107	102	87	87	90	85	95	85	92
E01020023	338	360	366	361	359	343	351	345	349	318	330	330	326	340	345	337
E01020024	311	299	290	278	266	246	253	267	264	267	273	261	273	288	284	285
E01020025	140	128	139	131	125	124	116	117	102	109	117	125	122	128	148	159
E01020026	272	278	279	304	300	309	333	345	353	361	356	371	380	393	415	412
E01020027	188	202	206	208	211	214	214	229	229	246	252	262	277	271	270	298
E01020029	212	229	213	210	201	194	192	190	198	190	188	186	193	195	200	205
E01020030	179	189	191	186	187	177	164	156	146	150	182	210	212	209	209	182
E01020031	191	178	172	177	176	176	176	162	167	175	198	208	245	211	203	165
E01020032	167	174	162	162	171	173	168	173	172	172	174	174	142	174	189	238
E01020033	442	441	453	430	424	406	399	412	422	427	435	442	454	471	482	489
E01020035	228	213	228	227	234	224	224	236	238	242	255	255	267	310	349	376
E01020036	308	285	282	276	272	265	256	255	242	232	240	245	244	247	250	247
E01020037	221	222	222	207	210	205	208	199	203	211	219	216	214	198	204	209
E01020038	189	187	206	199	201	202	203	205	219	223	234	249	245	260	278	288
E01020039	342	324	335	339	319	315	305	298	311	291	288	295	296	312	304	336
E01020040	255	236	231	231	221	223	213	217	218	210	225	229	234	238	245	232
E01020041	223	227	213	217	209	209	229	240	248	259	273	283	295	299	305	323
E01020042	270	270	278	289	290	295	307	311	328	330	344	361	366	355	364	380
E01020043	286	304	278	291	286	282	296	303	317	349	343	363	368	372	361	379
E01020044	252	279	271	281	279	273	288	296	306	309	327	328	349	348	366	394
E01020045	275	279	285	285	295	306	292	297	294	290	308	332	337	335	355	388
E01020046	231	247	241	242	247	246	239	255	246	259	267	290	308	311	330	330
E01020047	444	443	427	433	454	461	460	460	477	488	510	511	526	527	537	568
E01020048	234	245	259	258	252	249	241	247	251	259	271	301	306	324	337	324
E01020049	261	249	262	272	268	281	284	287	296	307	330	340	349	340	348	375
E01020050	419	424	419	426	452	462	477	490	500	503	528	538	570	601	620	624
E01020051	414	386	408	417	415	417	439	469	487	484	501	523	551	579	586	567
E01020052	249	251	275	274	266	264	254	258	260	277	280	298	303	321	334	327
E01020053	218	217	233	234	234	236	250	253	254	261	278	284	304	294	296	279
E01020054	239	261	251	258	250	268	268	287	299	301	308	318	330	345	358	343
E01020055	252	231	231	217	231	252	267	274	285	298	304	288	298	312	334	350
E01020056	258	270	290	296	298	303	325	336	336	347	354	368	402	418	426	407
E01020057	209	205	209	206	202	203	229	223	230	243	247	253	273	281	290	318
E01020058	281	287	303	295	300	314	328	337	341	353	357	341	358	355	368	381
E01020059	259	259	267	259	282	292	321	325	328	359	377	397	402	407	401	378
E01020060	346	341	359	344	340	339	335	347	343	350	367	386	388	370	370	370
E01020061	276	310	299	306	300	318	325	325	357	352	368	375	383	383	391	399
E01020062	252	249	266	268	273	285	276	281	291	298	311	326	326	321	326	356
E01020063	434	437	422	416	412	410	414	429	454	451	483	510	514	518	522	506
E01020064	185	204	210	222	227	228	243	258	277	289	284	279	292	299	320	303
E01020065	203	207	205	197	214	227	248	245	257	250	252	260	256	262	251	251
E01020066	230	243	254	271	268	287	300	328	351	370	378	401	404	398	400	443
E01020067	247	232	217	199	205	203	193	201	213	215	220	230	229	224	227	217
E01020068	272	292	287	297	301	297	291	295	306	310	349	346	356	358	370	363
E01020069	194	185	194	201	215	224	230	244	251	257	281	308	313	336	348	320
E01020070	280	300	304	296	298	321	333	348	356	369	402	419	423	420	419	426
E01020071	341	357	339	343	345	351	357	357	349	359	381	409	413	420	428	462
E01020072	258	261	265	264	265	272	273	296	300	311	337	357	368	371	381	386
E01020073	318	340	353	345	356	358	345	376	388	388	402	404	426	434	431	439
E01020074	314	314	325	352	346	347	365	393	406	401	417	434	445	458	466	476
E01020075	312	315	311	303	317	317	320	339	331	347	362	372	382	384	391	410
E01020076	227	250	252	253	242	245	251	261	263	276	285	284	303	313	322	330
E01020077	206	215	240	244	249	246	261	263	279	284	304	314	317	331	326	339
E01020078	252	236	250	250	242	236	232	230	210	208	215	216	219	218	227	223
E01020079	238	243	254	263	246	250	252	254	256	252	257	261	266	269	268	273
E01020080	242	259	248	267	281	303	301	314	317	318	332	342	339	335	334	345
E01020081	200	197	214	227	233	233	250	260	268	251	268	282	288	303	329	334
E01020082	173	164	175	195	195	199	201	204	210	217	229	248	241	268	277	289
E01020083	264	272	290	300	303	315	332	354	357	364	381	415	424	429	452	470
E01020084	292	304	323	319	310	323	324	326	331	337	353	352	344	356	341	341
E01020085	139	151	149	156	159	171	184	179	187	176	184	199	213	207	203	203
E01020086	283	266	285	298	303	328	351	366	373	377	379	399	413	398	396	408
E01020087	406	411	426	446	445	447	442	450	487	505	530	540	564	571	577	606
E01020088	299	297	289	310	314	336	352	377	392	416	439	440	457	467	474	467
E01020089	468	440	473	476	446	429	438	443	443	426	438	427	426	424	425	426
E01020090	338	334	339	352	347	354	356	362	372	380	380	390	419	433	442	467
E01020091	277	291	287	279	278	289	284	282	289	303	330	334	341	340	334	335
E01020092	417	427	412	408	417	421	431	430	423	430	433	442	442	439	435	431
E01020093	302	303	295	298	316	304	292	289	283	298	307	318	323	323	315	323
E01020094	339	346	339	335	325	330	342	319	320	315	326	328	337	334	349	343
E01020095	207	205	204	205	192	187	193	189	186	176	185	182	181	189	187	180
E01020096	290	294	291	286	279	281	282	271	283	290	298	313	315	311	299	307
E01020097	395	405	405	424	426	423	435	467	509	512	546	557	584	583	591	572
E01020098	395	421	421	420	416	421	439	454	487	498	526	543	544	553	562	582
E01020099	265	291	294	292	282	295	296	315	322	337	345	359	366	370	384	407
E01020100	210	224	229	235	238	241	241	246	257	285	293	293	275	292	300	314
E01020101	231	253	260	264	273	283	285	301	302	311	333	331	345	357	375	361
E01020102	126	138	130	138	145	147	152	151	154	161	182	177	185	191	193	191
E01020103	138	139	136	139	134	143	147	144	148	155	159	172	179	177	174	182
E01020104	60	72	85	89	79	75	86	90	87	85	93	88	102	110	122	104
E01020105	228	235	238	254	251	248	257	280	270	293	308	320	329	327	347	389
E01020106	317	324	334	326	330	342	344	350	355	357	387	390	402	401	406	398
E01020107	407	425	442	444	438	427	436	438	453	474	498	487	507	514	510	499
E01020108	363	387	380	373	366	388	407	436	454	475	499	516	503	515	515	506
E01020109	327	312	298	296	285	282	264	261	270	274	278	288	287	297	311	292
E01020110	286	288	293	285	301	308	316	313	318	324	318	347	342	347	342	357
E01020111	244	227	227	219	208	212	206	220	230	224	228	224	230	211	221	210
E01020112	255	243	255	249	251	254	256	255	271	268	290	285	287	273	292	283
E01020113	249	231	225	214	206	217	219	225	234	231	246	252	256	266	269	280
E01020114	200	166	179	164	169	162	175	174	181	176	193	221	232	246	237	246
E01020115	222	224	228	243	258	269	254	267	273	270	278	275	281	288	299	304
E01020116	270	258	261	242	237	241	249	262	259	267	290	301	320	311	323	321
E01020117	324	314	305	306	308	309	331	322	329	331	347	357	372	375	382	403
E01020118	129	134	148	143	149	151	159	179	175	173	188	191	200	202	214	215
E01020119	309	317	320	310	309	323	341	367	394	387	383	401	413	412	425	428
E01020120	232	282	294	292	313	316	320	340	358	362	377	390	389	398	400	375
E01020121	289	296	299	308	296	308	318	325	332	342	358	377	391	402	403	411
E01020122	278	288	284	284	280	289	305	321	343	358	376	372	371	385	385	398
E01020123	273	282	293	284	288	277	283	278	281	287	319	307	302	324	339	345
E01020124	235	242	256	254	264	278	298	296	302	305	301	324	338	344	358	371
E01020125	317	307	314	319	321	322	327	336	356	366	393	426	420	432	437	459
E01020126	353	362	356	364	364	356	369	390	399	401	413	428	432	428	433	435
E01020127	264	294	281	291	298	290	301	323	327	345	374	377	396	406	424	454
E01020128	235	229	228	238	247	259	284	290	283	289	297	306	326	313	330	340
E01020129	192	185	210	211	184	193	189	190	198	199	198	214	224	222	221	245
E01020130	157	154	142	149	152	144	136	143	139	131	141	151	160	170	177	187
E01020131	342	323	336	333	323	327	356	369	366	376	404	415	433	435	441	457
E01020132	217	220	235	231	237	261	306	325	350	363	367	383	385	398	398	402
E01020133	207	218	212	222	221	224	227	242	234	243	270	276	290	307	309	312
E01020134	170	181	163	155	143	140	149	149	149	146	142	158	158	171	178	191
E01020135	272	279	272	270	260	267	291	285	293	292	319	334	334	342	342	317
E01020136	299	320	337	336	329	326	325	337	338	366	379	393	396	383	414	401
E01020137	276	265	254	259	258	242	217	251	242	239	255	274	293	305	314	327
E01020138	428	459	467	476	488	475	483	487	508	519	531	559	567	594	581	561
E01020139	203	227	228	237	238	243	229	230	226	237	238	234	245	247	246	266
E01020140	253	237	251	257	258	272	276	285	287	293	300	303	306	309	308	322
E01020141	151	139	143	140	142	130	138	149	156	167	183	200	211	213	208	206
E01020142	379	376	402	398	402	399	399	408	415	429	453	459	477	496	519	528
E01020143	299	303	295	315	327	316	346	354	348	381	403	436	455	478	490	494
E01020144	53	51	56	68	61	61	75	77	89	88	89	97	108	120	136	150
E01020145	233	237	253	258	270	277	292	297	296	326	348	368	383	404	425	448
E01020146	104	99	100	98	103	100	103	103	119	136	150	166	180	180	172	166
E01020147	408	409	437	455	444	418	418	413	424	436	464	494	534	536	533	539
E01020148	140	154	170	171	168	165	168	180	197	206	228	244	264	249	257	273
E01020149	207	195	209	200	196	209	205	212	228	230	253	258	266	282	285	288
E01020150	352	355	352	347	334	358	354	359	363	356	374	403	409	421	438	457
E01020151	480	471	468	469	458	450	446	442	457	498	505	540	540	575	590	586
E01020152	410	405	383	395	379	387	394	409	411	405	426	435	429	425	427	447
E01020153	282	300	286	282	290	296	302	326	324	356	374	395	393	403	415	400
E01020154	100	101	106	116	120	124	137	144	147	152	152	157	162	165	164	163
E01020155	179	169	167	162	160	162	171	165	171	171	181	187	196	194	195	210
E01020156	438	407	424	443	442	439	452	449	483	473	494	505	525	530	540	569
E01020157	309	305	335	347	356	368	390	404	417	437	473	502	523	521	548	594
E01020158	273	269	263	271	282	302	317	317	324	327	340	345	343	347	361	380
E01020159	221	233	233	238	230	226	226	227	250	253	264	278	287	325	335	313
E01020160	263	260	266	285	281	287	276	273	289	307	316	326	359	362	374	395
E01020161	431	448	437	432	439	462	473	483	487	488	508	530	544	559	551	533
E01020162	117	110	117	115	111	106	124	137	153	179	201	221	224	234	240	233
E01020163	107	128	140	161	159	183	185	202	204	224	240	250	247	264	280	277
E01020164	149	173	170	175	161	144	167	176	187	208	223	238	249	251	257	275
E01020165	88	88	102	96	100	100	106	127	141	142	146	150	159	171	190	218
E01020166	184	197	208	214	222	228	233	233	237	246	270	281	295	301	293	304
E01020167	126	132	128	129	134	133	139	140	147	154	169	182	184	186	195	175
E01020168	490	522	526	513	513	502	517	511	506	523	534	551	568	569	583	589
E01020169	372	362	344	347	352	340	330	326	316	348	349	373	386	388	384	406
E01020170	432	446	456	461	460	461	484	483	502	503	542	555	565	564	582	617
E01020171	404	406	428	422	418	433	461	482	509	539	561	573	582	604	607	633
E01020172	435	409	423	415	422	435	438	445	454	465	481	491	499	508	514	524
E01020173	438	443	420	435	430	432	432	436	448	471	476	471	466	458	458	451
E01020174	370	389	399	403	404	414	395	413	427	440	458	466	476	493	493	506
E01020175	575	568	573	561	548	549	556	583	613	631	641	671	693	706	707	729
E01020176	245	237	229	221	225	211	221	233	232	242	257	269	280	284	292	273
E01020177	244	255	258	252	259	259	260	262	261	257	260	278	284	288	316	345
E01020178	564	562	550	538	536	554	570	589	600	616	640	639	656	662	671	674
E01020179	511	552	527	520	518	522	535	547	570	579	616	622	651	648	642	636
E01020180	337	304	328	321	332	318	309	319	326	337	357	350	370	392	406	405
E01020181	423	421	417	407	409	418	432	427	410	383	389	405	409	401	418	428
E01020182	157	159	159	161	150	155	166	169	167	176	194	199	203	209	219	240
E01020183	277	270	261	251	251	242	239	237	244	255	275	304	302	338	348	380
E01020184	267	281	285	293	301	292	300	319	331	336	348	352	346	356	391	392
E01020185	278	283	304	314	323	328	334	343	358	372	392	401	417	421	421	425
E01020186	356	357	360	398	400	393	434	442	457	490	510	524	534	545	567	576
E01020187	244	262	263	262	261	260	266	288	298	314	321	341	342	355	364	366
E01020188	327	352	344	335	342	328	347	365	386	393	427	446	455	483	506	517
E01020189	404	404	402	396	387	385	387	396	413	418	436	444	450	463	481	502
E01020190	332	318	351	377	380	380	411	442	460	487	525	543	552	566	578	617
E01020191	203	196	212	215	209	200	198	198	215	211	248	267	285	290	289	264
E01020192	276	293	301	315	316	317	326	332	355	381	407	416	420	420	423	438
E01020193	216	213	207	208	225	226	237	253	254	258	271	288	300	297	299	300
E01020194	206	224	212	218	228	232	233	231	229	228	229	237	238	242	243	278
E01020195	279	284	284	290	289	291	294	295	315	306	314	321	315	324	323	351
E01020196	314	280	273	267	272	266	279	271	288	293	301	315	335	350	358	366
E01020197	271	251	292	296	297	307	306	312	301	307	340	350	371	370	385	382
E01020198	189	177	174	178	161	174	184	187	182	198	208	216	216	225	241	251
E01020199	249	247	278	265	252	267	272	273	272	270	280	284	288	301	301	322
E01020200	262	273	280	266	271	274	274	289	295	291	307	319	319	332	351	359
E01020201	433	443	428	405	390	389	393	391	405	412	457	475	503	533	554	587
E01020202	495	509	493	469	472	495	518	547	553	553	578	596	594	600	603	601
E01020203	507	504	517	518	504	533	529	533	513	524	540	561	557	566	556	567
E01020204	100	104	110	109	121	121	121	121	113	121	126	137	137	139	153	166
E01020205	311	296	317	310	309	299	308	325	320	327	352	366	371	387	405	407
E01020206	270	285	272	285	270	272	277	284	281	291	290	289	290	289	279	296
E01020207	195	199	208	194	182	190	194	184	176	183	182	189	201	215	227	265
E01020208	223	232	240	231	216	211	215	210	203	204	206	210	208	205	207	220
E01020209	190	199	209	204	205	217	228	222	219	232	231	239	248	262	268	259
E01020210	245	256	248	240	219	205	214	229	252	265	296	310	305	322	317	338
E01020211	220	216	205	201	198	203	193	198	200	189	205	209	219	207	215	228
E01020212	198	180	189	200	206	191	188	190	181	174	174	180	179	184	185	192
E01020213	251	254	267	270	269	275	294	302	309	307	328	328	338	344	346	347
E01020214	339	344	332	323	324	332	344	350	366	367	377	380	397	391	398	393
E01020215	295	311	304	320	319	332	340	347	354	358	369	380	393	380	385	384
E01020216	221	204	192	190	189	181	183	170	187	193	199	195	196	218	221	207
E01020217	316	309	308	295	298	278	267	274	281	271	272	278	293	301	303	342
E01020218	227	220	215	192	180	172	162	155	158	165	176	176	190	195	201	206
E01020219	221	211	219	225	223	221	232	243	247	254	267	267	284	294	310	301
E01020220	204	199	194	200	197	200	210	188	203	211	237	245	259	262	256	269
E01020221	189	195	215	223	245	248	252	257	259	270	292	309	304	342	348	347
E01020222	144	150	142	153	153	150	168	169	175	171	194	206	215	229	236	245
E01020223	269	271	278	295	273	298	303	313	306	347	355	358	371	369	383	409
E01020224	132	119	122	110	103	104	90	106	112	115	123	115	118	119	124	147
E01020225	142	130	135	142	158	156	139	138	159	150	162	156	156	172	175	173
E01020226	265	265	256	269	258	248	259	265	259	268	257	274	287	330	354	372
E01020227	327	327	337	306	294	276	284	295	298	313	319	331	332	338	335	306
E01020228	499	488	483	480	474	484	466	498	494	492	498	510	507	505	515	526
E01020229	360	383	395	409	426	419	414	436	439	464	499	536	573	614	665	710
E01020230	311	312	321	299	313	339	336	339	342	358	390	383	396	390	395	409
E01020231	340	338	332	329	327	311	313	313	328	334	335	349	351	361	381	387
E01020232	257	265	243	234	230	236	219	221	223	230	247	252	258	290	318	315
E01020233	497	498	509	525	525	524	526	531	566	545	581	625	648	656	664	651
E01020234	270	289	267	273	276	266	264	252	257	252	263	266	259	263	251	268
E01020235	432	403	417	424	410	420	424	440	454	460	463	480	485	484	481	483
E01020236	300	306	310	294	292	283	282	298	297	300	306	320	320	336	333	354
E01020237	264	265	278	268	269	283	283	288	284	296	305	312	321	344	341	339
E01020238	228	242	236	222	210	228	227	236	242	259	281	294	293	308	307	308
E01020239	296	309	309	299	286	281	289	294	300	315	325	332	338	340	349	369
E01020240	292	291	305	321	321	324	325	342	346	310	328	341	338	354	351	325
E01020241	225	242	237	247	249	255	254	260	265	276	284	307	323	299	308	303
E01020242	145	149	159	165	179	184	192	198	207	228	235	256	280	287	287	331
E01020243	198	220	208	214	200	208	227	226	230	231	229	231	235	233	250	266
E01020244	272	277	267	264	259	247	251	255	273	270	303	302	307	300	303	318
E01020245	255	265	268	267	274	266	275	285	290	293	311	333	356	355	363	345
E01020246	135	153	136	124	134	130	149	158	156	163	175	194	200	199	228	230
E01020247	288	301	306	298	285	286	289	296	312	323	326	336	339	339	336	348
E01020248	297	304	313	309	312	315	335	338	343	355	364	388	414	439	463	481
E01020249	325	329	345	349	354	357	342	346	356	368	371	378	371	377	388	382
E01020250	321	326	336	326	326	328	324	321	330	340	349	366	373	383	401	414
E01020251	151	167	181	179	188	199	210	207	221	229	247	249	262	268	277	294
E01020252	218	256	249	261	254	259	250	248	241	239	240	254	245	249	246	240
E01020253	137	118	111	115	106	114	117	123	134	138	144	152	164	183	189	203
E01020254	190	225	221	223	228	228	236	225	214	225	234	229	223	217	214	212
E01020255	250	234	262	263	250	245	260	266	284	280	302	312	327	339	333	334
E01020256	244	271	237	248	247	229	234	232	241	232	240	257	262	261	269	281
E01020257	236	247	224	228	223	221	217	215	218	229	242	248	255	263	269	266
E01020258	290	288	306	315	298	296	311	311	322	324	354	376	387	406	413	411
E01020259	268	243	262	259	244	246	259	255	254	248	257	272	291	299	294	305
E01020260	372	349	361	371	368	377	378	383	400	415	418	411	411	423	432	436
E01020261	255	267	265	251	234	257	263	265	273	283	293	313	324	339	343	348
E01020262	234	250	240	247	261	271	270	286	300	302	318	346	344	350	355	358
E01020263	435	424	446	447	451	482	476	468	470	486	490	503	516	536	548	554
E01020264	367	373	349	361	343	343	347	342	337	336	349	349	360	355	367	360
E01020265	378	372	374	375	379	370	358	374	381	382	407	420	431	446	446	440
E01020266	246	267	260	271	284	272	274	287	292	307	340	349	366	382	393	386
E01020267	365	368	363	351	364	345	351	352	338	317	338	351	363	381	397	406
E01020268	398	397	403	415	385	406	430	435	429	461	479	504	515	521	527	551
E01020269	530	507	522	509	490	496	493	500	489	487	498	532	536	541	544	523
E01020270	313	314	302	304	293	289	281	287	290	319	340	333	343	360	365	384
E01020271	249	225	239	231	206	198	190	191	197	201	204	203	205	219	227	262
E01020272	244	232	234	230	212	195	217	221	223	219	223	223	232	244	252	234
E01020273	234	265	274	269	269	276	282	290	294	302	319	327	327	328	338	352
E01020274	154	179	172	178	191	198	196	201	222	237	264	286	284	299	305	287
E01020275	232	207	230	239	234	256	257	272	273	293	299	301	304	314	314	329
E01020276	324	348	349	361	369	388	386	390	426	428	440	440	449	438	435	430
E01020277	256	278	304	309	317	304	318	314	312	310	333	340	356	365	384	377
E01020278	180	174	188	190	203	200	209	251	268	267	285	313	330	320	335	328
E01020279	207	210	203	218	231	244	260	287	286	303	330	358	376	404	436	443
E01020280	248	257	261	267	263	257	255	261	267	247	265	274	288	306	309	322
E01020281	358	340	349	343	334	328	340	348	355	347	370	386	392	406	417	420
E01020282	362	369	371	356	341	340	337	327	328	337	345	347	359	374	381	375
E01020283	268	274	272	272	273	287	292	316	311	316	332	360	372	432	467	483
E01020284	192	199	183	185	194	208	214	214	222	246	249	267	265	264	275	271
E01020285	260	260	260	257	260	252	246	252	245	250	245	246	244	240	252	239
E01020286	293	314	305	303	312	316	310	327	347	343	360	373	394	392	408	388
E01020287	262	262	281	296	301	304	317	325	341	353	367	381	393	399	421	421
E01020288	264	255	276	277	271	284	299	312	321	331	367	381	424	404	401	413
E01020289	283	306	305	312	328	330	349	365	352	389	413	427	435	457	464	482
E01020290	364	341	379	375	365	356	359	371	374	381	408	430	453	472	492	512
E01020291	216	247	229	241	247	247	234	264	268	277	304	326	344	351	362	384
E01020292	272	296	298	305	313	305	307	321	337	338	349	375	377	385	382	383
E01020293	359	354	356	366	380	383	396	388	394	402	419	435	452	484	507	537
E01020294	379	393	408	401	417	418	405	392	401	407	402	418	423	445	458	488
E01020295	308	328	314	309	312	310	338	345	360	389	410	426	428	427	449	426
E01020296	191	204	216	242	249	264	273	288	307	335	367	367	385	403	406	461
E01020297	314	332	345	343	342	346	344	345	348	344	344	350	354	359	377	378
E01020298	511	530	545	550	595	596	609	631	625	638	663	650	658	689	709	694
E01020299	444	465	471	467	461	468	470	477	502	497	517	542	555	577	571	587
E01020300	374	397	415	430	380	383	395	398	412	434	454	474	486	513	525	591
E01020301	262	276	286	301	311	320	323	351	372	386	402	429	425	450	446	456
E01020302	241	259	252	275	288	291	304	309	325	357	385	415	420	425	441	467
E01020303	345	338	367	372	373	367	375	394	398	419	432	431	438	421	442	466
E01020304	264	283	292	280	288	303	302	307	329	337	352	365	360	375	376	378
E01020305	177	153	162	156	161	175	192	185	190	189	199	203	201	210	232	229
E01020306	175	172	178	195	183	180	192	202	205	212	213	221	221	241	242	258
E01020307	247	248	239	232	232	238	245	230	237	254	260	275	301	310	311	331
E01020308	256	261	280	289	292	300	323	345	343	361	376	393	405	410	414	438
E01020309	248	270	275	283	285	300	318	326	316	321	357	371	402	413	412	399
E01020310	478	494	510	505	529	524	556	568	599	614	644	666	694	736	744	790
E01020311	404	414	443	451	470	483	482	474	491	483	503	506	550	567	594	598
E01020312	320	314	327	328	325	324	336	344	365	391	424	452	488	521	536	539
E01020313	236	265	258	251	238	237	239	254	255	253	251	274	276	278	279	267
E01020314	271	288	287	294	277	276	299	323	356	361	377	391	404	413	423	431
E01020315	267	253	258	255	257	262	271	283	285	309	317	323	312	334	335	374
E01020316	340	308	322	311	315	317	317	330	372	379	411	433	450	477	496	514
E01020317	312	282	313	302	312	330	321	346	356	368	405	392	389	386	403	410
E01020318	330	319	329	339	333	355	371	385	388	385	410	407	432	425	434	451
E01020319	256	241	261	270	276	292	306	319	316	323	329	352	370	387	413	415
E01020320	292	317	319	333	351	362	384	403	415	421	437	440	449	473	487	511
E01020321	279	300	300	309	320	344	354	375	391	411	427	429	438	451	457	460
E01020322	276	291	306	322	355	390	417	436	452	452	472	487	497	533	531	606
E01020323	233	232	241	238	245	241	265	270	272	279	274	306	338	338	372	393
E01020324	327	341	326	340	357	358	350	354	369	372	394	397	417	398	408	434
E01020325	219	212	222	231	216	226	236	248	274	295	314	320	332	352	363	344
E01020326	282	272	286	286	274	272	293	310	330	331	347	372	382	394	412	424
E01020327	305	335	346	350	350	349	359	365	371	389	395	414	420	414	424	375
E01020328	188	196	209	215	230	235	240	249	251	249	269	268	281	275	290	314
E01020329	297	316	302	312	312	311	323	303	302	342	374	397	400	399	402	414
E01020330	298	329	302	305	293	278	296	323	330	342	374	408	429	429	421	426
E01020331	225	241	249	264	241	250	248	254	277	313	337	357	384	394	430	442
E01020332	223	231	232	243	261	281	297	307	315	316	339	366	360	383	374	370
E01020333	280	276	293	296	309	312	321	349	357	372	392	421	427	423	424	456
E01020334	272	279	267	274	279	275	288	285	311	331	339	347	355	365	368	384
E01020335	344	351	374	381	392	403	418	421	433	440	465	477	478	491	483	481
E01020336	334	358	352	358	354	373	370	375	402	411	434	452	462	464	482	497
E01020337	239	240	244	237	240	228	230	231	225	233	250	265	275	277	292	293
E01020338	278	273	286	289	292	313	336	350	361	345	361	383	414	425	432	463
E01020339	245	258	263	261	270	267	275	286	284	314	342	354	362	379	404	413
E01020340	258	270	290	289	303	316	323	342	341	359	361	375	371	384	378	393
E01020341	300	314	330	327	341	346	355	364	382	401	425	441	464	490	492	521
E01020342	178	194	190	180	193	203	230	232	244	250	260	275	282	288	289	277
E01032628	364	367	359	364	381	394	407	410	415	419	453	470	476	483	486	531
E01032657	129	148	143	160	159	168	174	170	175	175	184	190	180	185	182	192
E01032658	197	181	179	168	165	164	166	171	167	164	176	180	188	206	196	186
E01033232	37	55	50	53	52	66	67	76	71	71	84	90	95	96	114	79
E01033233	502	520	527	539	549	542	561	559	563	556	559	557	571	566	558	572
E01033234	88	89	94	89	95	110	112	110	124	134	145	144	157	178	191	228
E01033235	363	373	366	347	338	339	342	329	318	307	333	338	354	340	373	377
E01033236	277	294	286	284	293	288	298	300	288	297	316	329	326	341	349	343
E07000040	28780	29090	29314	29285	29250	29361	29733	30170	30604	31240	32230	33178	33976	34623	35222	35976
E07000041	15478	15560	15425	15298	15071	15083	15181	15143	15230	15244	15771	16076	16360	16621	16931	17120
E07000042	11538	11757	11933	12073	12183	12424	12722	13150	13473	13763	14372	14895	15310	15546	15892	16165
E07000043	15650	15886	16060	16147	16094	16300	16693	17141	17568	17923	18725	19240	19683	19938	20217	20463
E07000044	14814	14937	15114	15243	15250	15311	15722	16114	16596	17183	18033	18715	19221	19680	20158	20646
E07000045	22959	23163	23302	23238	22994	23137	23414	23782	24193	24638	25777	26662	27290	28009	28578	29174
E07000046	10818	11108	11397	11553	11704	11855	12131	12472	12787	13135	13760	14262	14713	15178	15591	15972
E07000047	8504	8696	8884	8990	9111	9326	9668	10016	10382	10737	11306	11775	12138	12440	12734	13092
E10000008	128541	130197	131429	131827	131657	132797	135264	137988	140833	143863	149974	154803	158691	162035	165323	168608
E06000026	33822	34066	34270	34228	33988	33983	34398	35014	35645	36343	37776	38747	39660	40358	40888	41310
E06000027	24674	24817	24985	24889	24676	24730	25020	25357	25667	26034	27140	27945	28760	29351	29857	30308
IMDQ1	20743	20531	20512	20179	19758	19642	19744	19722	19899	19975	20673	21158	21707	22122	22656	22802
IMDQ2	42416	42802	43050	42890	42837	42956	43324	44188	44917	45635	47502	48927	50195	51124	52183	53364
IMDQ3	52133	53053	53515	53772	53708	54213	55295	56620	57905	59498	62299	64379	66216	67768	69062	70127
IMDQ4	43346	44031	44706	45073	45111	45647	46658	47675	48644	49658	51675	53336	54572	55676	56564	57697
IMDQ5	28399	28663	28901	29030	28907	29052	29661	30154	30780	31474	32741	33695	34421	35054	35603	36236
E02003122	1296	1331	1322	1372	1415	1458	1485	1514	1563	1583	1665	1678	1762	1760	1784	1793
E02003123	1293	1292	1345	1368	1374	1397	1421	1423	1453	1484	1520	1534	1529	1522	1508	1471
E02003124	1065	1054	1084	1087	1058	1047	1069	1086	1087	1111	1144	1145	1151	1149	1141	1128
E02003125	843	817	841	847	850	863	849	847	885	889	942	984	1032	1030	1058	1106
E02003126	717	711	739	752	752	761	777	850	900	969	1071	1136	1239	1307	1423	1454
E02003127	1081	1012	1004	987	965	954	942	982	1031	1058	1088	1108	1159	1165	1159	1174
E02003128	1427	1415	1417	1360	1306	1293	1245	1273	1283	1314	1377	1394	1389	1369	1400	1444
E02003129	1154	1175	1196	1204	1177	1171	1169	1171	1188	1181	1227	1273	1300	1313	1291	1297
E02003130	1319	1403	1364	1380	1332	1369	1355	1398	1442	1459	1505	1520	1523	1539	1560	1606
E02003131	1003	1025	1083	1115	1128	1119	1164	1166	1211	1237	1329	1357	1390	1420	1444	1461
E02003132	1376	1326	1295	1282	1234	1210	1218	1219	1209	1223	1266	1276	1329	1334	1355	1395
E02003133	1007	1026	1025	1058	1070	1087	1115	1176	1226	1273	1317	1356	1381	1407	1406	1452
E02003134	932	942	937	939	907	888	892	899	919	892	901	925	931	950	954	983
E02003135	622	640	641	646	639	646	676	660	676	676	686	714	741	765	780	793
E02003136	1258	1337	1404	1469	1498	1521	1580	1663	1700	1764	1816	1883	1910	1982	1993	1998
E02003137	1324	1295	1314	1301	1287	1247	1244	1289	1298	1325	1406	1458	1469	1514	1543	1573
E02003138	846	825	831	782	754	744	775	792	798	801	842	871	859	871	843	890
E02003139	345	375	397	410	440	458	481	527	575	611	674	722	764	800	816	819
E02003140	1316	1380	1359	1355	1350	1337	1348	1335	1346	1376	1417	1455	1509	1535	1538	1493
E02003141	838	832	828	804	801	809	824	823	834	824	857	879	907	925	951	956
E02003142	1231	1269	1218	1167	1167	1160	1191	1169	1172	1182	1217	1267	1308	1327	1336	1348
E02003143	975	986	1003	1014	1015	1040	1061	1101	1120	1169	1213	1241	1276	1316	1363	1359
E02003144	580	608	571	543	541	525	529	552	567	575	579	604	618	638	629	633
E02003145	913	907	877	845	825	830	836	895	886	909	946	948	962	973	998	1017
E02003146	737	756	737	734	749	701	682	697	700	686	680	691	708	703	707	716
E02003147	734	699	724	689	681	667	653	646	640	680	717	782	823	861	898	920
E02003148	970	932	921	919	871	866	865	870	865	905	961	942	954	1015	999	1005
E02003149	837	849	814	788	785	766	772	760	765	773	787	761	766	785	811	816
E02003150	1332	1345	1338	1319	1331	1343	1312	1285	1259	1284	1308	1351	1389	1426	1502	1507
E02003151	1722	1730	1781	1774	1775	1805	1862	1868	1923	1951	2016	2090	2125	2140	2105	2074
E02003152	1626	1638	1641	1653	1654	1634	1686	1732	1761	1795	1885	1941	1977	2015	2074	2099
E02003153	1103	1134	1219	1265	1257	1267	1320	1346	1363	1384	1417	1461	1480	1502	1519	1530
E02003154	1287	1299	1309	1298	1286	1299	1341	1356	1359	1382	1424	1457	1501	1513	1513	1535
E02003155	1075	1107	1101	1072	1038	1046	1044	1073	1101	1113	1182	1232	1301	1315	1298	1315
E02003156	1202	1193	1241	1243	1232	1225	1244	1281	1285	1327	1368	1433	1453	1501	1541	1583
E02003157	803	777	793	810	788	790	804	809	835	828	892	949	961	975	983	1015
E02003158	1217	1183	1144	1124	1157	1139	1143	1160	1179	1144	1197	1234	1263	1297	1335	1406
E02003159	680	727	723	721	713	695	702	704	724	729	772	797	842	844	859	860
E02003161	908	883	909	893	893	879	860	883	876	883	925	965	992	1024	1048	1040
E02003163	2014	2061	2053	2041	2022	2029	2074	2062	2052	2080	2158	2262	2362	2387	2464	2503
E02003164	1977	1988	1999	1940	1935	1907	1924	1917	1969	2033	2075	2135	2190	2222	2270	2224
E02003165	1319	1306	1283	1310	1295	1313	1305	1313	1305	1352	1408	1455	1500	1477	1460	1467
E02003166	1461	1479	1546	1567	1533	1541	1557	1623	1658	1669	1737	1784	1845	1877	1953	1986
E02003167	1879	1912	1884	1874	1830	1821	1847	1859	1838	1827	1887	1895	1981	2093	2121	2147
E02003168	1333	1369	1321	1336	1337	1369	1431	1466	1535	1557	1651	1670	1708	1804	1853	1860
E02003169	1895	1928	1950	1922	1890	1881	1919	1967	1971	2004	2060	2087	2137	2183	2206	2272
E02003170	2319	2313	2368	2371	2346	2371	2364	2402	2441	2492	2627	2714	2800	2831	2880	2947
E02003171	1426	1440	1495	1516	1541	1547	1551	1602	1625	1650	1726	1793	1816	1855	1874	1920
E02004129	1206	1199	1229	1251	1263	1235	1271	1310	1368	1394	1459	1517	1570	1597	1599	1602
E02004130	1420	1401	1453	1418	1419	1380	1357	1356	1336	1326	1359	1417	1435	1486	1511	1553
E02004131	1042	1085	1062	1066	1074	1087	1088	1093	1090	1105	1117	1131	1151	1162	1179	1177
E02004132	1214	1232	1250	1276	1307	1334	1379	1399	1451	1512	1642	1692	1722	1763	1804	1892
E02004133	1740	1742	1734	1762	1742	1792	1812	1863	1862	1925	1972	2036	2104	2151	2224	2268
E02004134	1108	1149	1160	1164	1188	1186	1212	1228	1266	1275	1298	1374	1410	1440	1471	1545
E02004135	1985	1963	2002	1987	2015	2011	2075	2112	2122	2207	2287	2377	2386	2419	2435	2513
E02004136	1700	1756	1745	1777	1802	1754	1778	1784	1798	1786	1889	1937	1984	1971	2002	2045
E02004137	1287	1282	1304	1323	1315	1345	1391	1397	1423	1468	1497	1529	1585	1659	1687	1706
E02004138	2145	2204	2240	2243	2259	2276	2287	2294	2287	2335	2412	2539	2553	2588	2642	2687
E02004139	1686	1730	1770	1776	1785	1800	1792	1803	1839	1882	1920	1914	1975	1989	1983	1990
E02004140	1914	1919	1864	1808	1787	1773	1761	1763	1780	1779	1792	1818	1873	1940	1963	1968
E02004141	1121	1108	1126	1121	1102	1089	1098	1157	1194	1221	1295	1328	1380	1401	1437	1461
E02004142	1017	1041	1055	1089	1074	1087	1094	1118	1149	1209	1225	1247	1265	1286	1301	1358
E02004143	1259	1259	1257	1251	1237	1260	1279	1266	1305	1295	1360	1392	1456	1492	1532	1587
E02004144	1407	1429	1431	1427	1392	1435	1449	1466	1484	1508	1563	1610	1658	1679	1720	1752
E02004145	1808	1812	1818	1800	1775	1766	1822	1861	1872	1923	1959	1992	2023	2067	2140	2157
E02004146	1050	1068	1075	1068	1054	1040	1078	1114	1135	1185	1263	1317	1336	1369	1378	1361
E02004147	886	887	899	863	862	854	843	859	873	909	921	954	972	1004	1042	1094
E02004148	1785	1824	1840	1815	1798	1857	1867	1927	1970	1996	2000	2057	2138	2160	2172	2260
E02004149	1110	1144	1148	1147	1134	1139	1175	1181	1193	1181	1239	1263	1313	1321	1327	1319
E02004150	852	825	814	817	828	812	783	769	773	779	780	771	751	743	749	726
E02004151	1344	1397	1341	1345	1324	1345	1358	1351	1391	1400	1438	1462	1467	1468	1465	1506
E02004152	595	544	560	564	530	526	538	531	526	521	540	569	579	596	575	621
E02004153	572	628	616	636	645	676	674	722	736	753	823	864	902	914	927	939
E02004154	836	834	762	733	713	704	713	714	701	691	745	739	766	778	785	780
E02004155	1404	1324	1330	1314	1266	1253	1223	1199	1200	1182	1199	1222	1231	1248	1253	1275
E02004156	1068	1063	1035	1005	944	924	932	920	923	902	908	914	927	965	992	1011
E02004157	980	964	959	928	895	858	861	850	844	838	866	851	874	912	923	932
E02004158	930	958	924	925	914	891	863	834	832	830	894	929	940	943	964	932
E02004159	1002	1024	1063	1080	1093	1125	1153	1201	1234	1277	1326	1371	1421	1508	1617	1681
E02004160	1304	1315	1329	1323	1303	1311	1341	1320	1360	1369	1401	1411	1425	1403	1435	1426
E02004161	951	943	935	935	937	981	1010	997	986	965	979	993	991	1005	1041	1045
E02004162	975	1015	1030	1008	1018	1042	1058	1068	1050	1067	1078	1109	1125	1141	1150	1192
E02004163	1555	1582	1579	1538	1527	1496	1499	1486	1481	1489	1555	1608	1648	1676	1728	1735
E02004164	1117	1135	1162	1184	1216	1235	1261	1295	1321	1353	1429	1482	1544	1583	1624	1668
E02004165	1330	1331	1337	1388	1418	1468	1500	1571	1632	1660	1721	1777	1820	1839	1857	1923
E02004166	1060	1066	1058	1071	1075	1074	1099	1161	1191	1199	1262	1316	1341	1360	1379	1392
E02004167	917	907	930	904	919	930	945	957	984	1003	1030	1072	1092	1101	1108	1074
E02004168	924	921	977	998	973	968	975	991	985	970	1011	1060	1079	1114	1161	1154
E02004169	971	991	1028	1034	1077	1111	1132	1161	1190	1236	1280	1334	1357	1362	1402	1425
E02004170	981	984	994	976	983	1037	1092	1121	1155	1195	1216	1200	1259	1293	1350	1392
E02004171	1137	1210	1178	1211	1208	1209	1266	1292	1308	1364	1405	1468	1532	1558	1581	1642
E02004172	976	1015	1045	1057	1058	1074	1070	1137	1161	1192	1253	1293	1338	1386	1411	1444
E02004173	1010	1049	1075	1094	1117	1157	1186	1241	1270	1300	1413	1488	1516	1543	1589	1579
E02004174	1115	1148	1149	1156	1139	1161	1196	1223	1276	1291	1352	1405	1432	1407	1430	1472
E02004175	921	860	889	875	886	897	891	916	955	938	989	1005	1030	1018	1049	1043
E02004176	1059	1130	1139	1155	1157	1175	1191	1252	1280	1334	1384	1411	1418	1447	1492	1517
E02004177	972	937	939	905	900	918	958	988	997	1002	1071	1101	1148	1154	1188	1219
E02004178	1028	1033	1017	1021	998	1024	1027	1059	1096	1129	1157	1194	1209	1245	1268	1265
E02004179	1750	1749	1760	1746	1758	1751	1761	1757	1756	1781	1826	1868	1874	1873	1851	1872
E02004180	795	873	864	893	925	942	973	1040	1077	1123	1190	1207	1242	1271	1298	1296
E02004181	797	846	838	845	839	868	911	946	959	989	1017	1051	1078	1123	1131	1171
E02004182	950	927	937	937	917	919	949	942	949	951	994	1013	1035	1045	1052	1051
E02004183	1115	1125	1154	1143	1152	1158	1190	1181	1222	1248	1311	1370	1375	1411	1433	1482
E02004184	908	917	931	964	941	961	994	1008	1009	1020	1070	1108	1176	1183	1217	1249
E02004185	1261	1301	1334	1334	1328	1340	1378	1435	1472	1511	1576	1598	1651	1654	1688	1714
E02004186	1281	1305	1340	1365	1348	1419	1482	1517	1566	1590	1650	1699	1732	1748	1728	1761
E02004187	1584	1592	1604	1622	1596	1585	1624	1709	1748	1785	1903	1973	2040	2048	2102	2074
E02004188	1229	1291	1314	1342	1349	1343	1364	1391	1482	1522	1587	1642	1675	1718	1720	1749
E02004189	597	582	618	624	630	647	675	689	732	780	840	889	937	986	1018	1052
E02004190	1201	1211	1258	1276	1289	1290	1315	1352	1396	1449	1534	1619	1710	1704	1787	1880
E02004191	1461	1435	1450	1433	1443	1425	1446	1471	1478	1487	1563	1610	1630	1696	1782	1845
E02004192	1479	1505	1510	1521	1534	1524	1585	1623	1695	1725	1837	1901	1938	1980	2043	2103
E02004193	1202	1276	1302	1322	1326	1356	1427	1498	1556	1641	1757	1852	1902	1966	2006	2015
E02004194	1030	1034	1049	1060	1063	1073	1099	1121	1126	1166	1230	1298	1341	1395	1447	1479
E02004195	1169	1146	1124	1142	1117	1123	1148	1160	1186	1226	1264	1319	1327	1359	1376	1406
E02004196	1234	1229	1284	1341	1336	1326	1372	1399	1458	1503	1593	1660	1716	1774	1807	1849
E02004197	1282	1308	1355	1396	1402	1414	1495	1555	1622	1715	1784	1839	1875	1925	1959	2000
E02004198	1266	1288	1272	1256	1252	1227	1234	1233	1235	1289	1319	1368	1404	1420	1448	1497
E02004199	1509	1519	1522	1502	1488	1517	1521	1585	1640	1687	1739	1776	1825	1861	1871	1909
E02004200	1384	1404	1370	1370	1370	1389	1405	1428	1472	1515	1573	1584	1616	1614	1614	1611
E02004201	1021	1073	1066	1086	1103	1159	1169	1181	1222	1256	1301	1366	1379	1418	1458	1465
E02004202	1189	1224	1236	1264	1282	1276	1297	1340	1381	1377	1461	1539	1604	1595	1612	1622
E02004203	1103	1092	1159	1153	1120	1117	1160	1181	1190	1201	1282	1341	1376	1420	1450	1475
E02004204	1583	1604	1618	1674	1642	1701	1739	1744	1737	1814	1908	1968	1996	2057	2058	2133
E02004205	1268	1298	1291	1271	1296	1305	1282	1309	1332	1386	1471	1520	1578	1655	1759	1821
E02004206	1698	1678	1676	1702	1685	1694	1680	1721	1771	1749	1805	1881	1899	1908	1911	1928
E02004207	1159	1184	1191	1140	1154	1182	1204	1254	1247	1270	1315	1365	1372	1419	1430	1460
E02004208	1700	1718	1702	1716	1705	1682	1694	1735	1730	1786	1904	1957	2018	2090	2128	2167
E02004209	1352	1406	1403	1416	1387	1395	1404	1398	1421	1451	1511	1561	1587	1634	1652	1669
E02004210	1390	1337	1344	1331	1251	1232	1247	1254	1246	1243	1274	1307	1333	1359	1390	1379
E02004211	1473	1499	1515	1472	1451	1496	1518	1535	1594	1630	1722	1767	1819	1895	1957	2024
E02004212	879	898	916	900	863	854	889	904	921	955	1000	1026	1045	1083	1102	1118
E02004213	848	890	869	875	866	851	859	845	861	854	899	950	986	1008	1028	1088
E02004214	895	864	850	798	779	757	712	733	751	740	776	778	820	822	843	923
E02004215	955	926	920	907	899	861	865	868	903	924	937	956	971	1058	1085	1058
E02004216	1083	1089	1092	1113	1118	1130	1166	1189	1210	1206	1248	1268	1307	1299	1314	1316
E02004217	1302	1239	1301	1296	1271	1305	1335	1338	1358	1374	1443	1486	1525	1570	1608	1672
E02004218	1045	1087	1100	1080	1085	1088	1115	1138	1167	1209	1236	1296	1324	1354	1415	1441
E02004219	1016	1057	1053	1044	1037	1052	1079	1115	1151	1213	1284	1330	1351	1365	1378	1415
E02004220	1314	1352	1395	1410	1406	1458	1457	1484	1549	1562	1600	1633	1662	1688	1697	1724
E02004221	1363	1421	1470	1485	1504	1503	1560	1597	1636	1686	1761	1790	1838	1938	1978	2075
E02004222	968	966	981	966	938	925	932	936	950	931	980	1007	1039	1086	1107	1117
E02004223	1363	1395	1410	1431	1478	1495	1539	1634	1644	1692	1774	1884	1943	2025	2149	2141
E02004224	1035	1083	1104	1133	1145	1163	1217	1266	1325	1393	1493	1549	1614	1619	1638	1683
E02004225	863	856	871	863	864	896	931	924	961	992	1024	1064	1083	1136	1161	1196
E02004226	1267	1275	1371	1408	1436	1454	1497	1538	1573	1616	1678	1711	1786	1797	1871	1923
E02004227	1443	1523	1520	1566	1617	1639	1657	1679	1704	1764	1867	1965	2041	2118	2180	2275
E02004228	1202	1237	1275	1291	1316	1322	1341	1414	1445	1499	1583	1659	1707	1771	1810	1838
E02004229	1129	1180	1211	1250	1300	1368	1448	1524	1588	1615	1683	1728	1766	1851	1887	2001
E02004230	1088	1176	1159	1182	1185	1173	1218	1240	1254	1322	1412	1487	1530	1517	1537	1529
E02004231	1064	1050	1094	1108	1124	1155	1217	1260	1260	1301	1355	1419	1502	1529	1623	1672
E02004232	973	1011	1048	1078	1037	1068	1106	1167	1248	1328	1389	1443	1491	1543	1594	1610
E02004233	1970	2008	2048	2078	2127	2185	2260	2318	2404	2448	2580	2711	2771	2828	2855	2944
E02004234	1117	1131	1159	1149	1203	1237	1256	1296	1351	1391	1484	1505	1552	1562	1592	1642
E02004235	1163	1140	1165	1145	1135	1140	1163	1211	1277	1332	1403	1482	1526	1610	1646	1694
E02006840	1879	1852	1866	1851	1840	1878	1910	1880	1914	1964	2051	2083	2108	2153	2199	2228
TOWN01	1302	1239	1301	1296	1271	1305	1335	1338	1358	1374	1443	1486	1525	1570	1608	1672
TOWN02	3114	3115	3101	3142	3141	3203	3272	3348	3382	3526	3642	3795	3897	3977	4042	4133
TOWN03	6798	6977	7078	7171	7141	7284	7536	7702	7860	8045	8425	8645	8876	9023	9122	9296
TOWN04	6352	6534	6680	6735	6780	6867	7046	7284	7498	7651	7991	8264	8509	8768	8994	9168
TOWN05	2415	2395	2397	2394	2390	2387	2381	2380	2398	2435	2484	2546	2580	2603	2604	2631
TOWN06	3101	3212	3269	3307	3314	3392	3452	3601	3707	3783	4018	4186	4286	4336	4430	4495
TOWN07	3169	3242	3260	3293	3320	3387	3514	3655	3770	3895	4007	4102	4258	4353	4459	4546
TOWN08	2353	2366	2327	2320	2297	2296	2353	2434	2509	2606	2706	2831	2868	2951	3004	3052
TOWN09	3238	3253	3234	3237	3240	3246	3213	3285	3376	3405	3579	3703	3784	3863	3973	4067
TOWN10	18554	18709	18656	18585	18389	18479	18639	18668	18844	18919	19546	20048	20445	20752	21120	21483
TOWN11	9361	9464	9506	9427	9329	9416	9536	9749	9919	10113	10421	10690	10994	11212	11482	11692
TOWN12	1726	1717	1799	1820	1830	1867	1946	1988	2043	2125	2199	2269	2319	2366	2438	2521
TOWN13	2645	2760	2795	2857	2933	2961	2998	3093	3149	3263	3450	3624	3748	3889	3990	4113
TOWN14	3922	3894	3975	3969	3991	3948	3986	4024	4057	4105	4211	4340	4424	4528	4591	4644
TOWN15	2962	2952	2991	2944	2945	3022	3078	3202	3287	3348	3530	3605	3667	3706	3811	3850
TOWN16	4718	4809	4995	5139	5143	5195	5413	5594	5854	6152	6518	6810	7053	7262	7421	7584
TOWN17	3963	4019	3993	3965	3964	3983	4003	4071	4149	4289	4443	4516	4629	4685	4745	4816
TOWN18	353	362	356	364	364	356	369	390	399	401	413	428	432	428	433	435
TOWN19	792	796	842	843	811	818	852	856	870	874	930	975	1005	1033	1045	1068
TOWN20	11686	11914	11947	11865	11752	11824	12009	12186	12405	12712	13270	13712	14000	14392	14635	14957
TOWN21	3981	4146	4243	4336	4414	4530	4722	4893	5018	5162	5417	5600	5785	5923	6070	6231
TOWN22	2806	2911	2888	2948	3003	2983	3035	3060	3137	3163	3361	3464	3534	3546	3615	3720
TOWN23	3418	3447	3543	3529	3549	3562	3595	3615	3595	3666	3804	3968	4001	4076	4160	4223
TOWN24	4720	4786	4769	4722	4676	4665	4687	4719	4805	4900	4974	5016	5163	5277	5308	5366
TOWN25	2385	2424	2451	2488	2457	2453	2505	2613	2722	2788	2959	3056	3148	3172	3241	3262
TOWN26	4927	4964	5084	5105	5167	5279	5428	5597	5855	6058	6392	6681	6903	7084	7258	7459
TOWN27	4157	4120	4115	4089	3985	3954	3986	4052	4076	4147	4360	4469	4584	4737	4855	4928
TOWN28	5843	5927	6035	6118	6215	6298	6422	6576	6707	6822	7115	7416	7603	7741	7881	8002
TOWN29	3780	3743	3799	3819	3846	3837	3953	4015	4084	4136	4366	4558	4671	4782	4988	5194
DIV1	2334	2368	2373	2365	2409	2435	2452	2424	2445	2467	2533	2561	2572	2559	2593	2597
DIV2	1927	1872	1932	1937	1933	1963	2003	2020	2056	2071	2191	2278	2348	2399	2439	2514
DIV3	2529	2540	2512	2541	2553	2600	2661	2712	2735	2866	2940	3062	3135	3197	3262	3309
DIV4	2037	2067	2066	2068	2035	2068	2142	2159	2191	2230	2309	2377	2428	2479	2482	2529
DIV5	1733	1748	1794	1821	1814	1838	1902	1918	1948	1978	2083	2165	2236	2283	2351	2424
DIV6	1615	1638	1715	1769	1782	1793	1877	1942	2042	2162	2291	2399	2494	2556	2627	2692
DIV7	1802	1832	1892	1925	1938	1937	1992	2076	2123	2146	2295	2385	2486	2578	2668	2726
DIV8	1564	1612	1603	1605	1623	1646	1696	1760	1796	1870	1952	2055	2110	2152	2226	2215
DIV9	2515	2512	2559	2512	2481	2532	2577	2651	2615	2660	2754	2853	2881	2960	2964	3035
DIV10	2415	2395	2397	2394	2390	2387	2381	2380	2398	2435	2484	2546	2580	2603	2604	2631
DIV11	1579	1622	1659	1672	1678	1697	1731	1762	1828	1878	1920	2019	2067	2101	2128	2273
DIV12	1919	1971	2027	2080	2077	2148	2198	2197	2251	2348	2505	2610	2663	2771	2827	2874
DIV13	1589	1692	1703	1728	1731	1757	1817	1907	2029	2072	2183	2239	2279	2321	2341	2338
DIV14	1985	2108	2089	2129	2135	2189	2251	2388	2453	2570	2696	2744	2774	2835	2905	2944
DIV15	1779	1834	1866	1904	1879	1920	1980	2042	2106	2148	2247	2352	2400	2417	2481	2561
DIV16	2121	2229	2253	2271	2308	2342	2378	2475	2535	2587	2783	2885	2965	3018	3069	3129
DIV17	1525	1558	1562	1563	1567	1622	1713	1760	1808	1891	1913	1931	2029	2083	2137	2178
DIV18	2648	2651	2634	2663	2651	2647	2733	2783	2881	2951	3101	3220	3265	3339	3419	3509
DIV19	2966	2976	2967	2973	2981	2999	2962	3030	3103	3135	3276	3401	3477	3563	3670	3749
DIV20	1515	1518	1535	1531	1498	1500	1551	1550	1570	1548	1608	1627	1676	1674	1670	1665
DIV21	1621	1694	1684	1725	1743	1755	1794	1852	1911	1910	2008	2116	2183	2178	2217	2246
DIV22	3593	3636	3658	3615	3573	3623	3689	3788	3842	3919	3959	4049	4161	4227	4312	4417
DIV23	5441	5484	5497	5451	5399	5432	5496	5587	5684	5806	6034	6212	6373	6513	6687	6791
DIV24	1287	1391	1356	1379	1326	1337	1323	1359	1380	1408	1528	1599	1650	1668	1697	1681
DIV25	2976	3017	3048	3023	3052	3052	3047	3037	3031	3052	3142	3233	3290	3352	3401	3501
DIV26	1975	2022	2091	2107	2100	2162	2237	2306	2363	2401	2492	2548	2621	2615	2628	2666
DIV27	1960	1998	2064	2120	2179	2282	2400	2514	2576	2637	2764	2841	2930	3042	3138	3280
DIV28	2213	2148	2136	2099	2024	2028	2018	2008	2003	1976	2023	2049	2062	2100	2127	2132
DIV29	2645	2760	2795	2857	2933	2961	2998	3093	3149	3263	3450	3624	3748	3889	3990	4113
DIV30	1893	1797	1828	1780	1786	1815	1849	1904	1952	1940	2060	2106	2178	2172	2237	2262
DIV31	2472	2547	2572	2538	2499	2548	2598	2648	2737	2862	2960	3062	3110	3184	3269	3340
DIV32	1202	1276	1302	1322	1326	1356	1427	1498	1556	1641	1757	1852	1902	1966	2006	2015
DIV33	2775	2807	2794	2758	2740	2744	2755	2818	2875	2976	3058	3144	3229	3281	3319	3406
DIV34	2442	2560	2529	2514	2483	2486	2515	2517	2583	2615	2762	2861	2933	3028	3103	3190
DIV35	1838	1830	1839	1771	1712	1675	1695	1687	1723	1767	1829	1864	1925	2012	2054	2138
DIV36	2169	2146	2147	2141	2129	2117	2131	2191	2238	2241	2314	2353	2419	2465	2517	2542
DIV37	2677	2773	2865	2895	2910	2961	3017	3081	3185	3248	3361	3423	3500	3626	3675	3799
DIV38	2061	2187	2207	2260	2222	2241	2324	2407	2502	2650	2801	2930	3021	3060	3131	3139
DIV39	2528	2591	2592	2637	2634	2576	2604	2643	2692	2704	2860	2928	3021	3028	3068	3139
DIV40	1844	1897	1847	1854	1823	1852	1847	1831	1881	1904	1942	1960	1947	1952	1958	1983
DIV41	2444	2458	2472	2494	2498	2508	2539	2566	2635	2707	2830	2882	2970	2993	3027	3058
DIV42	3680	3669	3789	3794	3818	3850	3898	3920	3918	4001	4138	4311	4358	4455	4546	4628
DIV43	4219	4295	4273	4223	4201	4204	4212	4234	4304	4370	4431	4454	4586	4692	4725	4756
DIV44	2018	2014	2100	2142	2149	2164	2245	2323	2418	2522	2656	2769	2867	2950	3050	3170
DIV45	2023	2057	2092	2120	2103	2084	2114	2179	2234	2297	2418	2515	2587	2630	2669	2669
DIV46	1429	1402	1403	1342	1253	1229	1246	1236	1236	1243	1244	1240	1286	1344	1372	1441
DIV47	1445	1376	1289	1271	1277	1233	1218	1197	1167	1150	1213	1254	1292	1326	1326	1325
DIV48	1970	2008	2048	2078	2127	2185	2260	2318	2404	2448	2580	2711	2771	2828	2855	2944
DIV49	3090	3055	3046	3047	2956	2914	2941	2989	2976	3029	3178	3264	3351	3449	3518	3546
DIV50	1820	1795	1859	1851	1884	1926	2005	2079	2150	2216	2286	2393	2449	2485	2495	2462
DIV51	2290	2296	2333	2396	2428	2475	2497	2542	2575	2586	2711	2791	2863	2917	3000	3066
DIV52	2130	2131	2242	2271	2300	2350	2428	2462	2534	2608	2702	2775	2869	2933	3032	3119
DIV53	2112	2093	2097	2095	2104	2099	2146	2184	2189	2224	2340	2449	2494	2595	2710	2796
DIV54	2121	2155	2173	2126	2120	2063	2074	2067	2068	2049	2140	2193	2241	2326	2422	2448
DIV55	2235	2236	2286	2329	2342	2327	2395	2487	2570	2644	2806	2910	2985	3058	3093	3162
DIV56	2003	2045	2060	2088	2117	2139	2149	2252	2299	2335	2432	2543	2604	2626	2710	2769
DIV57	1290	1305	1313	1331	1341	1406	1452	1471	1480	1499	1540	1593	1634	1672	1766	1848
DIV58	2513	2503	2565	2532	2583	2618	2684	2777	2900	3002	3161	3293	3416	3510	3610	3729
CHSCTAXE	11252	11348	11413	11393	11366	11430	11554	11682	11782	12092	12420	12779	13061	13330	13510	13722
CHSCTBARNSTAPLE	5132	5272	5307	5374	5350	5445	5640	5763	5891	6031	6316	6498	6668	6820	6919	7058
CHSCTBIDEFORD	7482	7688	7877	7950	7987	8117	8336	8590	8809	8996	9384	9655	9916	10182	10414	10610
CHSCTBRAUNTON	5730	5709	5744	5702	5699	5765	5828	5972	6084	6184	6427	6579	6679	6737	6848	6916
CHSCTCREDITON	3194	3237	3319	3383	3387	3487	3556	3664	3749	3835	4033	4218	4323	4405	4541	4599
CHSCTCULLOMPTON	4369	4477	4491	4533	4584	4649	4822	4981	5107	5265	5422	5564	5753	5850	5980	6185
CHSCTDAWLISH	6945	6920	6919	6908	6810	6821	6818	6956	7047	7153	7472	7708	7882	8106	8314	8438
CHSCTEXETERCHALL	9496	9750	9754	9793	9743	9829	9917	10016	10192	10245	10684	11099	11346	11483	11744	11958
CHSCTEXETERSYCAMORE	8575	8527	8393	8286	8109	8068	8126	8068	8095	8085	8308	8387	8531	8688	8805	8898
CHSCTEXMOUTH	9361	9464	9506	9427	9329	9416	9536	9749	9919	10113	10421	10690	10994	11212	11482	11692
CHSCTHONITON	6441	6491	6572	6624	6699	6640	6729	6782	6872	6939	7232	7440	7584	7690	7805	7972
CHSCTIVYBRIDGE	5116	5217	5368	5503	5520	5543	5770	5966	6191	6482	6851	7162	7401	7608	7786	7932
CHSCTKINGSBRIDGE	3963	4019	3993	3965	3964	3983	4003	4071	4149	4289	4443	4516	4629	4685	4745	4816
CHSCTNABBOT	9062	9255	9276	9193	9092	9059	9191	9275	9518	9708	10158	10465	10725	11033	11279	11573
CHSCTOKE	4242	4428	4504	4585	4612	4696	4924	5085	5234	5387	5692	5934	6121	6255	6407	6573
CHSCTSMOLTON	3107	3178	3247	3284	3283	3294	3332	3463	3601	3659	3864	3966	4124	4173	4266	4299
CHSCTTAVISTOCK	5342	5389	5542	5580	5659	5792	5956	6146	6428	6688	7066	7381	7607	7834	7997	8223
CHSCTTEIGN	4691	4646	4754	4752	4712	4833	4961	5061	5074	5210	5470	5666	5783	5909	6000	6219
CHSCTTIVERTON	5530	5591	5729	5790	5889	5995	6110	6271	6408	6523	6809	7098	7264	7393	7506	7572
CHSCTTORRINGTON	4907	5028	5168	5259	5347	5417	5550	5714	5850	6057	6365	6649	6868	7044	7211	7430
CHSCTTOTNES	4604	4563	4553	4543	4516	4518	4605	4713	4833	4922	5137	5349	5432	5598	5764	5923
Eastern	61849	62719	63064	63186	63097	63606	64612	65662	66712	67826	70361	72476	74207	75509	76964	78351
Northern	26468	26994	27457	27700	27798	28155	28824	29613	30355	31058	32485	33502	34396	35116	35808	36435
Southern	51477	51698	51993	51800	51317	51491	52165	52973	53768	54712	57135	58946	60460	61929	63162	64440
Western	47243	47669	48170	48258	48109	48258	49081	50111	51310	52644	54909	56571	58048	59190	60134	61000
