Area,Label,0 to 4,5 to 9,10 to 14,15 to 19,20 to 24,25 to 29,30 to 34,35 to 39,40 to 44,45 to 49,50 to 54,55 to 59,60 to 64,65 to 69,70 to 74,75 to 79,80 to 84,85 and over,,
E92000001,England,,,,,,,,,,,,,,,,,,,,
E12000009,South West,,,,,,,,,,,,,,,,,,,,
E01015023,Plymouth 003A,59,58,74,57,36,51,73,56,54,85,49,55,48,38,35,21,16,25,,Western
E01015024,Plymouth 004A,36,23,22,32,43,58,42,40,47,62,63,62,38,58,36,33,7,14,,Western
E01015025,Plymouth 001A,30,46,39,27,26,39,31,33,43,44,62,64,54,71,75,73,58,51,,Western
E01015026,Plymouth 003B,72,68,28,34,58,75,75,39,46,53,53,50,28,28,39,23,13,21,,Western
E01015027,Plymouth 002A,42,45,52,45,46,18,60,48,51,61,84,71,66,58,39,35,27,21,,Western
E01015028,Plymouth 003C,57,49,33,35,39,57,65,48,33,44,42,53,38,33,21,18,24,12,,Western
E01015029,Plymouth 008A,76,91,69,60,39,71,95,82,52,72,57,55,34,39,23,30,24,18,,Western
E01015030,Plymouth 007A,49,56,53,40,39,57,75,47,42,54,53,54,47,36,35,20,40,26,,Western
E01015031,Plymouth 023A,32,26,37,21,109,75,62,41,32,52,30,42,25,25,22,20,27,55,,Western
E01015032,Plymouth 023B,21,27,27,80,360,80,45,42,27,35,36,20,19,5,9,6,14,16,,Western
E01015033,Plymouth 016A,29,49,32,58,36,17,23,46,47,58,76,62,51,42,43,27,35,33,,Western
E01015034,Plymouth 016B,23,42,50,45,33,24,33,42,47,60,60,47,35,52,46,33,36,64,,Western
E01015035,Plymouth 012A,46,25,33,42,40,32,34,40,45,77,54,65,35,50,51,29,22,19,,Western
E01015036,Plymouth 016C,36,54,42,45,19,35,45,39,45,79,52,42,54,37,49,36,47,67,,Western
E01015037,Plymouth 012B,41,49,38,34,30,63,40,50,51,39,78,68,33,45,50,53,38,18,,Western
E01015038,Plymouth 016D,33,52,54,56,41,51,57,55,52,82,85,52,48,52,38,32,28,36,,Western
E01015039,Plymouth 014A,37,39,46,36,38,84,64,41,41,29,45,37,27,15,32,9,16,9,,Western
E01015040,Plymouth 014B,58,55,57,41,37,56,61,45,57,68,48,54,32,32,37,16,13,11,,Western
E01015041,Plymouth 014C,59,68,23,27,46,69,70,70,28,55,58,49,29,38,14,10,20,10,,Western
E01015042,Plymouth 020A,47,48,54,28,46,73,72,54,37,59,51,37,34,16,26,27,15,3,,Western
E01015043,Plymouth 026A,74,71,39,36,60,76,58,48,38,61,58,39,24,21,14,13,10,11,,Western
E01015044,Plymouth 020B,23,51,20,29,59,68,50,46,36,65,48,51,28,34,18,17,10,17,,Western
E01015045,Plymouth 026B,70,61,25,27,69,100,62,33,30,49,49,32,42,22,19,17,11,12,,Western
E01015046,Plymouth 026C,67,75,62,61,53,74,88,65,48,54,54,42,28,54,24,40,13,17,,Western
E01015047,Plymouth 026D,100,77,58,59,48,91,87,57,64,69,67,65,57,47,35,18,10,10,,Western
E01015048,Plymouth 026E,94,75,47,70,103,104,136,71,70,67,49,43,23,39,18,28,6,6,,Western
E01015049,Plymouth 023C,25,15,5,40,254,66,34,35,28,24,37,16,25,17,14,13,16,13,,Western
E01015050,Plymouth 023D,22,13,12,71,508,87,40,26,32,11,14,12,14,16,11,14,15,19,,Western
E01015051,Plymouth 023E,24,11,6,145,438,51,14,16,18,30,14,10,20,15,30,13,9,13,,Western
E01015052,Plymouth 028A,34,34,19,36,414,84,42,61,26,32,16,35,23,29,13,5,13,16,,Western
E01015053,Plymouth 027A,17,28,29,83,268,63,30,29,21,24,21,21,20,11,1,8,12,3,,Western
E01015054,Plymouth 027B,12,7,7,297,499,49,30,14,21,14,11,21,17,16,12,1,5,8,,Western
E01015055,Plymouth 021A,39,41,49,38,43,29,50,51,52,51,44,59,59,48,31,11,16,25,,Western
E01015056,Plymouth 021B,46,30,29,28,51,69,75,43,27,53,68,52,56,56,40,24,38,31,,Western
E01015057,Plymouth 021C,71,77,49,45,70,62,66,52,57,55,48,40,33,33,20,22,17,42,,Western
E01015058,Plymouth 012C,62,89,51,63,58,45,67,35,59,58,62,34,48,35,44,10,6,10,,Western
E01015059,Plymouth 021D,45,37,58,60,36,65,56,68,58,67,62,55,38,36,29,18,14,10,,Western
E01015060,Plymouth 021E,50,50,45,74,63,45,51,46,47,56,59,39,37,48,41,26,15,9,,Western
E01015061,Plymouth 025A,61,49,34,47,151,72,61,34,59,34,46,20,28,21,20,13,17,12,,Western
E01015062,Plymouth 025B,40,37,22,118,391,87,43,33,34,41,33,22,23,16,24,17,8,16,,Western
E01015063,Plymouth 010A,62,50,42,27,39,83,60,54,28,58,55,61,34,41,33,37,16,26,,Western
E01015064,Plymouth 008B,36,31,46,36,33,23,19,35,37,54,61,74,70,67,59,48,45,51,,Western
E01015065,Plymouth 008C,65,44,43,29,25,45,43,37,39,27,56,35,49,56,49,37,39,35,,Western
E01015066,Plymouth 012D,23,36,34,39,25,40,30,35,50,43,50,54,51,64,54,38,12,12,,Western
E01015067,Plymouth 012E,23,33,30,28,29,12,25,29,30,59,49,58,56,48,76,47,41,38,,Western
E01015068,Plymouth 010B,45,62,44,63,28,52,59,50,50,55,44,55,47,48,57,28,34,17,,Western
E01015069,Plymouth 010C,49,54,51,35,62,50,45,54,45,53,57,48,35,48,36,28,17,17,,Western
E01015070,Plymouth 007B,83,99,76,58,64,94,101,108,80,92,109,88,64,55,62,21,32,17,,Western
E01015071,Plymouth 008D,35,50,35,36,33,44,32,48,60,52,46,48,54,57,53,31,26,34,,Western
E01015072,Plymouth 013A,49,60,44,66,37,45,63,46,41,54,46,70,43,34,25,34,17,13,,Western
E01015073,Plymouth 013B,53,34,42,44,30,32,64,43,35,50,75,68,35,35,36,30,21,17,,Western
E01015074,Plymouth 011A,37,51,46,44,29,47,59,45,38,49,57,39,61,50,44,45,18,22,,Western
E01015075,Plymouth 014D,35,50,37,45,48,46,46,54,30,58,63,64,38,43,33,45,20,17,,Western
E01015076,Plymouth 009A,52,50,43,29,53,36,45,48,47,57,54,50,38,27,29,28,25,22,,Western
E01015077,Plymouth 011B,95,73,56,40,66,102,109,70,54,75,90,78,56,55,47,33,30,52,,Western
E01015078,Plymouth 013C,68,65,52,62,42,65,69,44,55,48,58,42,49,41,26,31,32,13,,Western
E01015079,Plymouth 011C,58,64,41,47,27,42,64,51,51,61,54,52,68,51,52,31,41,27,,Western
E01015080,Plymouth 013D,28,31,45,32,14,43,53,35,22,25,43,19,7,15,19,4,15,3,,Western
E01015081,Plymouth 007C,63,62,42,44,38,46,55,50,37,69,57,43,37,47,41,31,18,27,,Western
E01015082,Plymouth 004B,50,51,43,45,48,50,51,39,49,53,72,81,46,48,55,29,30,29,,Western
E01015083,Plymouth 004C,44,35,32,41,50,37,47,43,34,32,59,57,45,49,47,31,22,24,,Western
E01015084,Plymouth 004D,34,42,34,46,34,34,32,43,45,43,61,59,51,44,44,26,22,28,,Western
E01015085,Plymouth 006A,37,49,46,52,35,42,42,45,36,44,71,58,56,46,45,51,49,32,,Western
E01015086,Plymouth 007D,44,46,36,33,32,33,47,42,33,33,56,47,35,55,52,35,23,32,,Western
E01015087,Plymouth 006B,52,81,54,71,58,35,53,56,67,54,64,49,34,32,31,25,15,13,,Western
E01015088,Plymouth 006C,82,77,63,77,66,70,88,42,51,54,55,29,33,29,28,11,6,10,,Western
E01015089,Plymouth 007E,47,47,43,35,50,63,62,49,42,55,63,46,50,74,64,36,27,37,,Western
E01015090,Plymouth 005A,25,47,38,20,26,23,45,39,49,39,52,64,56,54,50,22,10,16,,Western
E01015091,Plymouth 005B,19,23,38,35,30,22,27,45,17,57,51,62,90,81,59,29,19,28,,Western
E01015092,Plymouth 005C,52,51,44,163,125,94,81,85,52,48,42,30,57,47,39,30,7,25,,Western
E01015093,Plymouth 005D,25,39,32,23,18,25,48,43,43,32,29,57,97,71,43,20,14,16,,Western
E01015094,Plymouth 005E,40,48,38,35,47,50,42,31,42,30,44,42,62,64,43,18,27,26,,Western
E01015095,Plymouth 010D,33,24,25,28,37,38,37,36,31,53,36,50,43,71,86,38,22,19,,Western
E01015096,Plymouth 010E,30,39,56,49,29,23,33,55,68,47,47,51,65,50,61,32,13,11,,Western
E01015097,Plymouth 001B,42,38,26,33,41,28,28,41,35,56,91,83,77,105,130,79,44,46,,Western
E01015098,Plymouth 017A,48,70,52,52,59,46,81,60,60,63,70,39,29,44,34,20,25,27,,Western
E01015099,Plymouth 017B,63,37,38,32,48,53,62,72,58,74,45,46,42,26,40,14,18,17,,Western
E01015100,Plymouth 017C,33,51,41,45,75,63,49,38,63,58,65,40,22,26,22,19,12,8,,Western
E01015101,Plymouth 016E,37,42,59,43,27,28,19,41,53,62,72,58,57,55,50,48,47,105,,Western
E01015102,Plymouth 011D,56,51,42,48,64,59,78,74,58,58,51,46,40,38,33,21,23,20,,Western
E01015103,Plymouth 017D,36,39,45,43,36,47,66,74,44,64,57,54,34,26,28,20,19,13,,Western
E01015104,Plymouth 011E,45,45,48,69,26,31,37,44,62,60,66,52,45,33,51,22,20,26,,Western
E01015105,Plymouth 017E,41,34,52,32,25,47,58,62,54,51,71,56,38,40,25,13,17,28,,Western
E01015106,Plymouth 013E,46,34,22,18,33,33,52,36,25,47,48,36,38,42,32,24,17,20,,Western
E01015107,Plymouth 018A,71,51,48,36,50,71,66,48,48,71,50,53,35,37,17,17,6,6,,Western
E01015108,Plymouth 022A,74,78,50,33,35,71,98,57,51,46,49,56,52,53,37,27,19,16,,Western
E01015109,Plymouth 022B,29,37,21,33,54,56,37,33,47,56,48,80,45,38,35,24,8,6,,Western
E01015110,Plymouth 018B,28,46,39,39,33,24,39,54,44,56,73,64,59,36,55,27,12,9,,Western
E01015111,Plymouth 018C,54,73,36,45,54,88,59,59,50,58,60,52,32,48,26,12,6,12,,Western
E01015112,Plymouth 019A,40,40,59,40,45,33,54,61,47,47,67,51,48,35,32,41,22,32,,Western
E01015113,Plymouth 019B,27,47,44,38,42,31,49,34,49,61,74,45,44,50,51,27,55,25,,Western
E01015114,Plymouth 019C,24,45,45,27,20,21,42,40,37,54,67,53,49,45,50,38,20,34,,Western
E01015115,Plymouth 022C,37,23,23,29,13,34,32,33,23,58,46,60,42,57,45,48,53,81,,Western
E01015116,Plymouth 022D,48,39,42,45,31,38,50,34,45,56,55,48,41,50,52,35,18,23,,Western
E01015117,Plymouth 022E,36,35,30,37,31,47,39,45,48,68,50,58,57,72,36,29,10,12,,Western
E01015118,Plymouth 019D,34,55,42,31,28,32,42,45,65,72,51,61,34,57,47,42,21,36,,Western
E01015119,Plymouth 018D,50,81,53,49,34,48,62,40,71,69,71,48,54,51,33,15,17,5,,Western
E01015120,Plymouth 015A,25,50,57,76,22,30,45,48,49,68,63,62,58,70,52,38,22,25,,Western
E01015121,Plymouth 015B,21,56,35,48,32,13,27,59,39,51,57,34,48,61,71,62,53,25,,Western
E01015122,Plymouth 019E,58,50,41,42,34,32,51,39,58,53,53,45,47,58,44,38,29,56,,Western
E01015123,Plymouth 015C,31,36,29,30,43,38,33,40,41,60,68,46,57,76,72,59,57,133,,Western
E01015124,Plymouth 015D,36,51,29,36,20,25,50,27,47,56,60,57,41,53,49,51,43,57,,Western
E01015125,Plymouth 015E,43,37,37,34,29,33,41,52,42,54,57,53,43,74,59,40,23,17,,Western
E01015126,Plymouth 030A,28,45,47,33,36,9,24,35,28,56,49,47,37,66,67,52,75,71,,Western
E01015127,Plymouth 030B,25,27,26,51,27,29,35,38,43,45,62,43,42,70,74,36,25,40,,Western
E01015128,Plymouth 032A,27,39,29,35,46,38,48,30,44,47,70,71,50,59,85,54,50,29,,Western
E01015129,Plymouth 032B,55,45,26,47,45,46,52,54,49,64,49,56,47,29,23,25,7,26,,Western
E01015130,Plymouth 032C,48,52,38,59,37,51,64,45,46,66,57,61,40,52,35,21,16,9,,Western
E01015131,Plymouth 030C,27,36,34,25,18,19,22,34,40,54,57,41,57,85,73,61,45,57,,Western
E01015132,Plymouth 030D,37,39,42,37,26,25,35,50,36,43,70,58,52,58,52,46,38,44,,Western
E01015133,Plymouth 030E,23,38,35,37,32,24,21,40,28,63,58,54,50,51,78,53,49,35,,Western
E01015134,Plymouth 032D,57,52,39,34,35,41,58,39,39,68,42,46,50,37,36,41,55,59,,Western
E01015135,Plymouth 031A,81,54,81,74,44,59,72,57,71,69,71,55,62,50,52,37,19,42,,Western
E01015136,Plymouth 031B,29,49,47,47,37,34,29,45,41,64,72,54,40,44,39,31,42,27,,Western
E01015137,Plymouth 031C,63,61,54,52,30,25,55,67,44,78,60,54,67,50,59,27,20,21,,Western
E01015138,Plymouth 031D,44,55,44,47,33,21,45,54,65,64,79,59,63,83,86,53,21,23,,Western
E01015139,Plymouth 031E,42,32,41,33,34,20,40,33,33,64,43,43,43,46,50,43,27,50,,Western
E01015140,Plymouth 032E,47,50,40,20,16,36,59,29,33,34,42,33,41,64,54,50,47,50,,Western
E01015141,Plymouth 031F,31,54,52,35,27,16,40,51,51,73,76,56,60,59,87,68,43,26,,Western
E01015142,Plymouth 009B,36,52,29,33,32,38,57,37,40,42,60,43,72,31,36,15,37,15,,Western
E01015143,Plymouth 009C,27,24,39,25,30,47,54,33,34,39,54,40,46,54,54,25,22,14,,Western
E01015144,Plymouth 009D,47,54,61,40,33,42,62,69,50,50,57,45,41,31,29,30,13,12,,Western
E01015145,Plymouth 014E,153,137,67,39,101,115,90,48,54,67,39,27,17,11,4,2,3,3,,Western
E01015146,Plymouth 009E,73,91,90,92,40,91,102,112,63,64,55,68,40,37,22,12,1,3,,Western
E01015147,Plymouth 006D,43,40,25,37,21,31,37,33,34,35,59,43,39,46,56,38,16,31,,Western
E01015148,Plymouth 006E,31,62,52,36,38,50,54,58,44,51,57,52,48,58,41,21,20,18,,Western
E01015149,Plymouth 009F,51,49,44,52,48,51,57,41,33,55,65,46,39,46,34,29,22,14,,Western
E01015150,Plymouth 009G,28,38,34,43,30,31,34,29,46,47,47,56,51,50,55,38,28,25,,Western
E01015151,Plymouth 029A,48,32,46,56,176,74,50,56,35,49,43,42,33,21,13,10,14,9,,Western
E01015152,Plymouth 027C,94,43,38,81,98,83,79,61,59,55,55,43,29,37,30,25,14,11,,Western
E01015153,Plymouth 029B,77,47,53,37,66,72,71,70,51,46,43,78,37,41,25,32,18,24,,Western
E01015155,Plymouth 029C,58,74,59,82,74,73,80,55,50,61,69,50,26,22,15,14,5,4,,Western
E01015156,Plymouth 027E,17,13,16,97,196,66,39,23,40,31,34,46,51,40,26,17,13,4,,Western
E01015157,Plymouth 029D,52,30,35,30,64,114,116,75,59,60,73,90,69,64,36,42,21,48,,Western
E01015158,Plymouth 029E,51,36,21,26,131,120,113,46,47,61,53,93,66,66,90,50,45,43,,Western
E01015159,Plymouth 002B,41,53,31,28,44,42,34,34,41,37,56,86,60,57,40,67,55,31,,Western
E01015160,Plymouth 001C,29,43,29,45,36,30,32,35,42,38,58,56,67,57,58,51,44,33,,Western
E01015161,Plymouth 002C,42,62,30,31,38,46,40,36,42,49,48,51,26,38,61,30,26,8,,Western
E01015162,Plymouth 002D,47,52,31,54,53,54,51,58,32,49,51,53,42,44,32,33,25,33,,Western
E01015163,Plymouth 003D,43,36,41,33,19,39,23,38,38,66,63,43,38,48,57,41,52,29,,Western
E01015164,Plymouth 001D,67,73,79,58,44,72,76,84,54,64,55,63,70,39,41,13,18,12,,Western
E01015165,Plymouth 003E,63,77,52,58,52,61,71,69,53,65,55,55,34,23,31,20,25,13,,Western
E01015166,Plymouth 002E,96,91,67,69,67,106,91,89,48,67,60,70,52,36,38,50,37,10,,Western
E01015167,Plymouth 020C,48,35,37,29,57,47,59,61,44,84,55,47,37,16,22,20,14,13,,Western
E01015168,Plymouth 020D,50,50,33,46,58,78,69,53,64,57,79,57,43,43,24,24,13,4,,Western
E01015169,Plymouth 024A,35,28,40,73,167,63,39,42,35,49,63,54,45,29,40,23,24,42,,Western
E01015170,Plymouth 024B,65,60,37,37,51,84,47,36,36,49,77,53,43,30,28,26,16,35,,Western
E01015171,Plymouth 020E,37,32,23,39,58,77,48,37,40,70,52,57,49,50,31,27,24,49,,Western
E01015172,Plymouth 029F,38,46,39,61,106,71,70,39,51,99,54,43,39,33,45,11,23,11,,Western
E01015173,Plymouth 024C,39,50,41,51,55,60,64,55,40,73,62,54,45,53,39,18,21,41,,Western
E01015174,Plymouth 024D,37,36,41,55,45,56,59,64,69,74,65,56,44,36,55,25,24,18,,Western
E01015175,Plymouth 025C,43,43,44,27,131,73,56,38,51,51,42,37,29,26,21,23,9,18,,Western
E01015176,Plymouth 021F,31,33,40,35,42,49,39,39,45,52,57,43,39,53,23,30,17,17,,Western
E01015177,Plymouth 025D,28,55,42,33,85,66,72,57,63,52,54,40,42,33,28,16,11,11,,Western
E01015178,Plymouth 025E,51,33,35,40,240,105,65,59,36,54,42,39,31,18,17,23,13,17,,Western
E01015179,Plymouth 028B,37,24,21,37,262,100,43,74,37,43,28,32,27,20,11,15,6,22,,Western
E01015180,Plymouth 028C,95,49,35,39,74,80,87,58,64,56,50,40,27,37,42,23,11,17,,Western
E01015181,Plymouth 028D,42,64,64,40,148,84,93,78,47,59,34,49,55,51,30,18,4,9,,Western
E01015182,Plymouth 028E,73,57,66,51,70,94,83,78,46,59,65,58,46,29,30,19,17,18,,Western
E01015183,Torbay 017A,16,41,21,27,30,22,29,23,36,36,68,57,47,69,54,40,26,35,,Southern
E01015184,Torbay 017B,19,21,7,9,19,15,12,23,24,28,49,41,47,79,114,48,50,46,,Southern
E01015185,Torbay 017C,20,28,30,36,38,27,29,25,20,41,54,53,56,64,42,58,29,36,,Southern
E01015186,Torbay 017D,35,29,37,30,37,33,28,30,28,46,55,70,59,55,62,22,24,17,,Southern
E01015187,Torbay 017E,39,16,28,24,11,22,19,25,37,48,54,63,68,73,97,51,61,63,,Southern
E01015188,Torbay 017F,26,48,39,38,25,16,20,32,47,38,47,56,73,80,93,52,42,39,,Southern
E01015189,Torbay 017G,20,18,31,22,22,34,17,21,32,66,42,50,64,48,51,30,20,20,,Southern
E01015190,Torbay 013A,47,43,36,67,25,32,40,39,41,58,66,66,64,55,79,34,16,16,,Southern
E01015191,Torbay 013B,66,60,55,61,48,53,51,55,64,79,66,55,40,50,42,26,28,14,,Southern
E01015192,Torbay 013C,57,52,46,38,29,40,66,51,38,63,76,52,45,34,38,33,15,17,,Southern
E01015193,Torbay 013D,42,38,24,38,48,22,47,38,32,30,64,46,51,49,46,37,25,17,,Southern
E01015194,Torbay 013E,46,52,36,27,38,37,42,44,35,56,48,51,67,61,40,32,14,15,,Southern
E01015195,Torbay 013F,90,84,102,62,34,58,75,65,60,69,68,69,77,71,43,25,30,24,,Southern
E01015196,Torbay 013G,68,69,101,58,55,54,73,55,77,69,59,45,31,34,23,20,14,15,,Southern
E01015197,Torbay 016A,6,36,22,32,23,9,13,28,34,45,45,60,60,84,93,60,34,40,,Southern
E01015198,Torbay 016B,11,30,41,29,12,14,20,28,36,51,65,61,77,102,102,56,54,60,,Southern
E01015199,Torbay 016C,10,13,26,34,13,3,19,11,28,41,27,78,69,87,83,58,43,66,,Southern
E01015200,Torbay 016D,26,18,21,30,15,32,13,28,39,35,36,33,18,45,55,26,22,23,,Southern
E01015201,Torbay 016E,31,25,25,21,16,26,18,21,28,34,48,67,59,67,44,49,38,43,,Southern
E01015202,Torbay 012A,44,52,64,46,36,27,47,43,51,75,82,38,45,41,42,23,21,24,,Southern
E01015203,Torbay 012B,21,49,37,25,17,15,19,34,37,52,51,50,35,76,45,41,26,47,,Southern
E01015204,Torbay 012C,48,42,36,26,35,52,33,41,42,48,64,44,43,45,40,24,23,18,,Southern
E01015205,Torbay 012D,46,43,39,42,22,30,44,32,51,52,51,55,49,53,43,39,13,29,,Southern
E01015206,Torbay 012E,45,44,29,44,36,31,47,58,32,70,54,42,47,44,41,36,35,54,,Southern
E01015207,Torbay 009A,59,53,52,41,34,33,42,61,47,64,76,55,62,46,45,35,20,25,,Southern
E01015208,Torbay 019F,16,33,42,41,36,20,14,25,32,71,72,92,83,107,95,88,66,63,,Southern
E01015209,Torbay 019A,43,25,39,34,31,54,29,46,31,55,50,52,52,62,60,37,33,42,,Southern
E01015210,Torbay 007B,68,68,44,47,50,60,62,53,40,53,61,58,48,40,39,21,15,20,,Southern
E01015211,Torbay 009C,47,65,57,37,26,23,38,50,55,62,46,38,50,58,54,27,33,27,,Southern
E01015212,Torbay 007C,47,52,45,41,43,42,34,53,64,48,60,47,28,43,35,27,9,5,,Southern
E01015213,Torbay 007D,63,69,60,32,20,48,56,48,45,47,51,71,55,32,35,28,8,20,,Southern
E01015214,Torbay 006A,60,41,42,29,50,51,60,41,47,47,56,57,28,23,19,20,10,24,,Southern
E01015215,Torbay 006B,59,47,34,50,24,50,49,53,44,51,67,48,40,45,35,25,13,6,,Southern
E01015216,Torbay 006C,44,48,36,30,36,57,52,49,45,67,53,57,42,48,35,23,12,15,,Southern
E01015217,Torbay 008A,70,57,31,50,86,61,51,35,44,52,72,57,39,34,27,14,14,18,,Southern
E01015218,Torbay 006D,33,59,40,44,32,49,25,41,41,55,71,50,40,48,43,22,34,46,,Southern
E01015219,Torbay 015A,13,18,27,21,39,26,24,20,20,47,54,49,43,63,71,65,58,53,,Southern
E01015220,Torbay 015B,22,28,37,34,19,23,27,25,28,57,61,65,57,72,59,38,30,25,,Southern
E01015221,Torbay 015C,34,37,47,32,26,39,28,31,44,40,63,66,49,50,70,44,46,31,,Southern
E01015222,Torbay 015D,37,50,39,61,27,41,34,32,48,53,66,65,60,75,90,39,38,33,,Southern
E01015223,Torbay 015E,27,45,37,32,21,29,37,34,42,48,50,58,67,46,42,18,21,9,,Southern
E01015224,Torbay 011A,41,40,22,42,17,27,42,56,44,55,67,61,52,70,49,36,10,35,,Southern
E01015225,Torbay 011B,36,40,37,42,37,31,27,34,48,53,73,37,67,45,40,31,36,54,,Southern
E01015226,Torbay 011C,26,29,37,22,20,18,23,34,38,38,57,62,62,85,64,43,27,24,,Southern
E01015227,Torbay 011D,49,54,34,54,24,26,37,41,49,48,65,62,63,38,58,54,27,65,,Southern
E01015228,Torbay 011E,49,42,25,24,37,36,31,34,41,60,48,52,48,58,65,51,48,62,,Southern
E01015229,Torbay 014A,29,29,23,28,32,20,24,18,41,43,57,29,46,60,47,48,61,120,,Southern
E01015230,Torbay 011F,25,29,31,30,17,21,23,39,28,36,44,54,63,67,85,64,54,45,,Southern
E01015231,Torbay 014B,57,57,50,38,49,51,71,54,49,50,66,62,49,32,21,26,25,35,,Southern
E01015232,Torbay 014C,42,23,23,31,50,67,38,39,40,45,54,93,70,58,54,60,42,57,,Southern
E01015233,Torbay 014D,29,29,20,33,39,44,43,28,44,69,47,51,43,36,38,55,26,41,,Southern
E01015234,Torbay 014E,57,50,40,34,38,49,59,33,35,67,67,48,38,40,31,28,14,12,,Southern
E01015235,Torbay 014F,15,14,17,32,39,30,30,21,27,39,62,67,52,91,112,73,86,111,,Southern
E01015236,Torbay 002A,28,25,33,32,45,30,22,33,53,56,69,65,59,61,72,48,22,30,,Southern
E01015237,Torbay 002B,35,30,42,55,23,35,49,37,32,56,57,49,34,40,32,24,17,12,,Southern
E01015238,Torbay 002C,34,44,34,36,32,42,37,27,48,51,49,47,35,34,52,30,42,38,,Southern
E01015239,Torbay 002D,36,28,25,32,28,26,25,20,38,49,40,57,68,59,91,56,63,103,,Southern
E01015240,Torbay 005A,25,27,16,18,21,31,26,32,33,36,27,60,57,86,86,73,65,126,,Southern
E01015241,Torbay 005B,35,39,25,63,27,32,46,44,36,62,60,38,41,58,41,40,28,56,,Southern
E01015242,Torbay 005C,43,42,55,43,40,49,46,39,49,54,58,35,52,27,31,16,11,13,,Southern
E01015243,Torbay 005D,17,37,21,28,17,27,27,33,49,46,41,43,55,72,56,37,38,30,,Southern
E01015244,Torbay 018A,22,21,46,44,16,41,23,32,28,49,70,56,63,76,65,40,28,26,,Southern
E01015245,Torbay 018B,20,23,25,28,20,21,38,26,20,49,52,56,51,54,56,44,37,33,,Southern
E01015246,Torbay 018C,30,30,35,32,16,21,22,35,42,49,42,55,53,60,69,51,38,89,,Southern
E01015247,Torbay 018D,57,66,47,54,23,42,57,42,51,59,77,75,55,74,56,47,49,38,,Southern
E01015248,Torbay 018E,52,33,31,31,38,46,29,30,41,60,53,68,51,46,47,45,21,32,,Southern
E01015249,Torbay 003A,42,71,54,36,28,47,47,44,55,57,71,52,50,42,44,34,17,30,,Southern
E01015250,Torbay 003B,49,71,40,26,27,69,52,56,57,50,60,48,47,46,48,17,8,32,,Southern
E01015251,Torbay 003C,24,31,32,40,30,23,29,40,24,48,66,40,38,38,30,31,20,22,,Southern
E01015252,Torbay 003D,106,100,69,66,100,121,109,141,94,96,103,78,62,76,63,28,23,20,,Southern
E01015253,Torbay 003E,58,84,80,54,68,67,70,81,59,75,46,64,50,37,22,20,17,5,,Southern
E01015254,Torbay 003F,29,38,30,29,21,27,16,36,45,55,47,59,64,55,57,33,30,33,,Southern
E01015255,Torbay 008B,55,26,28,51,77,47,55,40,38,53,61,55,41,38,17,10,18,39,,Southern
E01015256,Torbay 008C,37,37,25,46,71,84,62,54,43,62,45,66,63,43,39,38,24,25,,Southern
E01015257,Torbay 004A,62,34,46,43,40,38,36,32,45,44,60,41,40,45,34,23,9,11,,Southern
E01015258,Torbay 004B,64,60,36,47,80,80,60,55,50,79,84,87,76,84,71,28,20,19,,Southern
E01015259,Torbay 004C,66,38,59,42,36,51,48,64,33,59,55,41,44,26,21,17,18,12,,Southern
E01015260,Torbay 004D,44,23,31,29,38,64,48,40,37,54,63,49,47,40,40,29,18,19,,Southern
E01015261,Torbay 008D,68,71,48,50,50,85,77,58,53,76,63,69,83,55,47,36,22,34,,Southern
E01015262,Torbay 001A,42,35,36,56,49,31,39,34,41,45,60,54,36,27,28,31,23,19,,Southern
E01015263,Torbay 001B,72,78,41,40,43,57,63,35,48,43,71,53,25,33,38,26,11,10,,Southern
E01015264,Torbay 001C,21,23,26,28,20,20,32,31,23,40,45,46,84,62,63,47,55,33,,Southern
E01015265,Torbay 001D,34,29,26,28,32,21,40,34,19,46,36,57,55,65,77,50,43,38,,Southern
E01015266,Torbay 001E,63,38,52,52,45,48,49,37,40,59,69,46,22,48,38,22,27,24,,Southern
E01015267,Torbay 010A,19,9,19,18,28,38,41,25,32,42,55,60,77,59,50,44,36,62,,Southern
E01015268,Torbay 010B,18,15,10,13,22,32,27,34,28,37,54,55,59,79,72,58,46,72,,Southern
E01015269,Torbay 010C,44,26,22,19,26,32,33,52,47,50,71,68,55,83,65,41,46,83,,Southern
E01015270,Torbay 010D,11,17,7,20,39,26,25,28,33,47,50,79,70,92,80,60,48,56,,Southern
E01015271,Torbay 010E,16,18,19,26,19,27,17,23,19,45,52,63,66,95,75,69,49,62,,Southern
E01019886,East Devon 005A,90,92,99,76,88,56,91,84,91,101,118,103,113,123,114,74,50,43,,Eastern
E01019887,East Devon 005B,46,34,43,36,37,58,69,52,35,53,38,50,54,40,74,37,21,38,,Eastern
E01019888,East Devon 005C,16,16,27,28,36,37,18,20,43,57,62,46,71,83,64,65,59,85,,Eastern
E01019889,East Devon 005D,52,35,54,51,25,56,44,44,46,45,57,63,53,69,69,71,34,52,,Eastern
E01019890,East Devon 009A,34,53,46,25,21,23,31,37,53,61,81,71,82,89,78,37,47,55,,Eastern
E01019891,East Devon 006A,30,46,42,29,20,29,27,36,46,53,80,71,48,50,43,32,36,27,,Eastern
E01019892,East Devon 006B,322,209,165,97,103,331,327,266,176,149,119,105,76,57,61,40,30,35,,Eastern
E01019893,East Devon 006C,133,100,95,72,79,80,136,108,92,120,98,91,79,76,62,33,27,29,,Eastern
E01019894,East Devon 017A,22,9,23,18,15,8,7,9,33,33,39,52,78,85,112,78,69,94,,Eastern
E01019895,East Devon 017B,19,28,29,31,7,23,16,18,35,48,60,65,65,72,91,63,58,67,,Eastern
E01019896,East Devon 017C,12,20,39,14,14,7,10,24,22,46,55,46,69,113,103,76,66,93,,Eastern
E01019897,East Devon 017D,43,51,47,28,33,33,44,57,65,58,49,42,50,60,57,29,33,43,,Eastern
E01019898,East Devon 014A,49,62,52,43,26,46,46,73,70,79,90,96,92,126,133,62,50,59,,Eastern
E01019899,East Devon 007A,29,34,31,36,24,18,27,20,40,42,67,56,52,44,61,42,37,41,,Eastern
E01019900,East Devon 007B,22,41,34,37,20,34,34,25,30,57,61,73,79,95,123,76,59,87,,Eastern
E01019901,East Devon 009B,18,28,30,30,24,31,13,24,30,40,57,75,55,67,67,51,24,17,,Eastern
E01019902,East Devon 001A,50,38,46,52,32,51,33,49,46,64,90,90,63,86,95,62,52,70,,Eastern
E01019903,East Devon 006D,49,73,53,43,29,38,37,47,84,88,99,89,77,75,70,48,47,50,,Eastern
E01019904,East Devon 015A,53,54,32,41,37,32,32,46,30,72,48,40,56,51,58,56,33,21,,Eastern
E01019905,East Devon 015B,30,33,62,40,32,27,32,52,58,80,80,97,79,74,79,37,16,52,,Eastern
E01019906,East Devon 015C,38,49,33,31,31,45,50,54,34,43,75,43,59,57,56,34,27,31,,Eastern
E01019907,East Devon 015D,32,34,29,36,12,31,37,35,39,45,61,47,44,73,76,67,44,30,,Eastern
E01019908,East Devon 016A,74,79,58,59,45,72,72,67,68,96,55,51,44,47,21,18,11,11,,Eastern
E01019909,East Devon 016B,19,60,41,40,19,15,38,26,67,68,68,54,91,91,95,64,51,63,,Eastern
E01019910,East Devon 016C,38,52,52,50,19,20,21,54,64,74,56,58,70,71,60,35,38,29,,Eastern
E01019911,East Devon 016D,21,20,16,19,16,29,26,29,30,34,46,49,79,93,99,71,74,78,,Eastern
E01019912,East Devon 020A,34,24,26,40,26,27,29,24,42,52,57,60,67,92,66,56,50,97,,Eastern
E01019913,East Devon 020B,9,14,29,16,17,10,11,9,22,34,48,44,69,97,112,94,86,229,,Eastern
E01019914,East Devon 020C,67,62,71,58,35,64,71,67,57,71,83,96,69,75,75,46,58,57,,Eastern
E01019915,East Devon 020D,30,41,51,32,22,30,36,32,38,51,60,64,78,70,100,75,62,116,,Eastern
E01019916,East Devon 019A,74,88,45,31,104,111,102,74,59,77,67,68,52,59,30,41,25,35,,Eastern
E01019917,East Devon 019B,42,45,40,40,57,36,38,53,69,44,68,54,55,37,30,28,20,42,,Eastern
E01019918,East Devon 019C,34,28,19,49,63,72,46,31,51,75,61,70,78,70,47,43,32,21,,Eastern
E01019919,East Devon 019D,58,63,42,39,46,62,75,57,58,64,60,59,50,33,41,25,25,20,,Eastern
E01019920,East Devon 018A,36,58,31,45,37,39,63,61,40,68,68,72,63,53,44,21,16,19,,Eastern
E01019921,East Devon 018B,42,51,39,40,29,31,45,54,50,76,57,54,52,54,47,37,33,37,,Eastern
E01019922,East Devon 018C,44,36,36,68,27,42,31,61,38,63,75,43,49,50,55,49,29,42,,Eastern
E01019923,East Devon 018D,46,28,30,44,17,20,30,38,37,43,58,32,43,43,47,37,24,17,,Eastern
E01019924,East Devon 018E,49,60,31,43,39,47,56,43,50,57,82,58,52,53,26,23,17,11,,Eastern
E01019925,East Devon 004A,43,42,26,25,23,18,38,56,46,61,44,39,39,39,44,27,20,18,,Eastern
E01019927,East Devon 002A,32,38,32,35,49,38,40,28,28,47,35,27,50,33,35,33,29,53,,Eastern
E01019928,East Devon 003A,42,46,31,39,25,45,55,49,47,55,51,46,56,35,33,28,20,33,,Eastern
E01019929,East Devon 003B,26,36,38,37,31,40,41,41,57,53,58,42,52,42,40,31,25,28,,Eastern
E01019930,East Devon 003C,33,36,26,23,40,30,42,33,35,38,53,68,36,48,55,43,48,41,,Eastern
E01019931,East Devon 003D,21,32,21,17,27,32,21,33,33,50,54,52,38,58,39,34,34,34,,Eastern
E01019932,East Devon 002B,53,24,32,51,53,42,48,31,48,66,61,46,49,75,58,59,35,36,,Eastern
E01019933,East Devon 002C,51,26,17,10,34,40,34,26,38,31,53,42,36,45,45,55,35,41,,Eastern
E01019934,East Devon 002D,25,36,36,39,33,31,30,38,57,49,62,69,59,91,96,70,65,66,,Eastern
E01019935,East Devon 007C,11,33,52,25,12,16,21,27,23,45,52,64,51,79,76,48,27,40,,Eastern
E01019936,East Devon 007D,14,34,24,19,14,7,18,16,24,45,37,50,52,58,58,37,31,35,,Eastern
E01019937,East Devon 013A,44,55,57,74,30,34,46,34,56,82,101,88,96,90,108,60,44,50,,Eastern
E01019938,East Devon 001B,34,49,68,44,45,33,35,32,71,96,102,93,88,101,106,48,46,30,,Eastern
E01019939,East Devon 008A,19,48,58,52,21,11,16,41,45,67,71,59,54,65,72,50,39,36,,Eastern
E01019940,East Devon 008B,27,26,69,46,13,7,15,30,33,57,75,62,61,93,79,55,39,48,,Eastern
E01019942,East Devon 008C,43,54,50,49,35,37,42,46,66,71,81,71,47,50,73,44,40,52,,Eastern
E01019943,East Devon 008D,43,54,64,44,18,24,33,39,48,81,61,60,69,67,60,56,45,28,,Eastern
E01019944,East Devon 008E,52,55,68,45,34,42,50,39,65,73,57,58,57,47,44,44,34,33,,Eastern
E01019945,East Devon 013B,31,59,52,101,45,39,40,58,57,62,87,86,95,93,65,57,34,54,,Eastern
E01019946,East Devon 010A,3,14,28,29,6,12,12,15,34,41,36,43,74,102,92,72,44,100,,Eastern
E01019947,East Devon 010B,45,29,27,28,42,34,31,48,50,61,53,70,83,79,108,77,68,123,,Eastern
E01019948,East Devon 010C,14,28,20,21,30,10,14,19,32,33,54,42,44,82,76,65,49,55,,Eastern
E01019949,East Devon 010D,25,42,23,25,16,29,31,27,33,42,40,60,49,70,85,73,50,69,,Eastern
E01019950,East Devon 010E,11,34,22,36,10,6,16,13,28,41,56,44,50,71,71,49,43,28,,Eastern
E01019951,East Devon 009C,34,44,43,46,20,29,34,25,34,81,75,92,102,140,126,82,72,83,,Eastern
E01019952,East Devon 011A,27,39,38,40,25,21,16,48,40,60,83,50,73,72,117,58,61,97,,Eastern
E01019953,East Devon 011B,21,27,33,31,18,23,17,21,31,49,59,48,80,102,79,69,44,56,,Eastern
E01019954,East Devon 011C,60,55,48,51,47,74,70,54,55,84,93,55,59,70,64,53,35,46,,Eastern
E01019955,East Devon 011D,34,23,51,47,16,29,26,32,33,44,58,66,50,64,80,72,58,50,,Eastern
E01019956,East Devon 012A,19,9,33,20,17,38,22,37,30,42,49,59,69,83,69,62,84,146,,Eastern
E01019957,East Devon 012B,1,10,20,37,23,28,9,4,21,24,42,74,80,96,115,107,128,173,,Eastern
E01019958,East Devon 012C,25,43,31,39,20,18,14,38,45,55,52,76,77,105,85,72,70,87,,Eastern
E01019959,East Devon 004D,17,33,42,21,18,22,25,32,38,53,40,47,44,50,55,31,19,29,,Eastern
E01019960,East Devon 004E,35,45,49,30,15,21,28,40,46,38,48,74,54,56,38,36,11,16,,Eastern
E01019961,East Devon 007E,27,74,73,73,33,26,42,64,50,93,137,112,135,130,115,63,48,64,,Eastern
E01019962,East Devon 004F,54,70,55,79,38,42,52,64,70,95,106,108,107,84,91,43,46,37,,Eastern
E01019963,East Devon 013C,36,62,44,42,19,25,35,47,43,73,77,51,59,47,65,50,33,35,,Eastern
E01019964,East Devon 014B,17,21,36,50,20,14,21,23,30,51,49,57,48,45,35,28,19,20,,Eastern
E01019965,East Devon 014C,50,60,39,39,25,26,55,83,45,50,62,57,62,60,76,45,39,39,,Eastern
E01019966,East Devon 005E,18,20,18,20,19,15,26,17,21,40,45,29,62,54,61,37,25,24,,Eastern
E01019967,East Devon 001C,18,44,41,25,19,16,15,38,36,27,51,76,62,71,64,36,14,23,,Eastern
E01019968,Exeter 014A,27,56,32,30,33,41,40,42,45,49,54,37,52,54,65,73,39,54,,Eastern
E01019969,Exeter 014B,27,22,37,28,25,45,46,57,28,42,55,38,49,40,35,31,16,14,,Eastern
E01019970,Exeter 014C,43,37,35,34,30,63,22,35,41,56,50,45,38,47,36,30,16,48,,Eastern
E01019971,Exeter 014D,46,22,20,16,86,136,76,74,36,44,53,51,35,21,33,25,20,37,,Eastern
E01019972,Exeter 014E,59,46,40,24,61,88,52,62,53,44,52,48,30,33,11,15,8,18,,Eastern
E01019973,Exeter 012A,28,56,39,37,39,36,34,47,37,53,53,44,44,39,50,35,40,39,,Eastern
E01019974,Exeter 012B,24,40,43,28,27,50,48,39,38,41,45,47,39,52,46,36,26,30,,Eastern
E01019975,Exeter 010A,44,57,46,36,35,29,73,39,44,44,61,31,19,28,31,13,15,6,,Eastern
E01019976,Exeter 012C,38,40,21,27,27,39,34,47,49,42,43,51,49,58,54,39,43,86,,Eastern
E01019977,Exeter 012D,45,49,37,38,22,41,49,50,48,51,65,49,30,46,40,45,33,31,,Eastern
E01019980,Exeter 005A,79,63,44,46,63,122,66,69,61,42,58,32,24,34,21,16,9,3,,Eastern
E01019981,Exeter 012E,44,62,44,30,45,48,37,47,50,49,55,47,43,32,33,16,22,15,,Eastern
E01019982,Exeter 005B,47,66,52,44,44,92,77,80,63,57,48,56,37,37,7,8,7,11,,Eastern
E01019983,Exeter 005C,31,29,24,37,40,49,36,41,45,54,49,40,56,53,70,47,26,7,,Eastern
E01019984,Exeter 005D,45,36,31,45,25,53,52,48,52,47,43,41,40,23,40,19,6,6,,Eastern
E01019985,Exeter 005E,55,55,40,36,38,62,51,66,39,51,72,46,33,24,20,22,12,12,,Eastern
E01019986,Exeter 007A,38,42,42,17,38,73,59,42,46,58,41,58,45,48,37,30,38,30,,Eastern
E01019987,Exeter 006A,51,23,30,157,114,126,53,52,34,44,36,29,32,30,42,32,30,41,,Eastern
E01019988,Exeter 013A,20,34,41,51,38,45,55,37,41,47,47,66,47,25,27,34,35,52,,Eastern
E01019989,Exeter 006B,40,38,18,21,35,98,82,46,31,41,51,22,17,22,19,25,17,35,,Eastern
E01019990,Exeter 002A,38,66,40,33,44,87,62,52,37,50,49,43,58,27,28,15,10,11,,Eastern
E01019991,Exeter 002B,82,61,57,42,54,70,58,60,40,50,62,38,26,29,28,11,10,16,,Eastern
E01019992,Exeter 003A,46,51,45,50,41,56,46,37,44,48,75,56,46,37,28,35,26,49,,Eastern
E01019993,Exeter 002C,27,26,21,28,31,37,34,42,30,47,51,50,36,37,22,17,13,12,,Eastern
E01019994,Exeter 008A,21,30,9,39,230,85,50,44,34,43,33,36,23,36,21,14,18,17,,Eastern
E01019995,Exeter 008B,34,17,17,76,304,91,77,30,50,35,31,35,31,34,35,21,21,35,,Eastern
E01019996,Exeter 009A,22,15,16,88,80,95,47,39,22,23,25,19,25,18,24,20,17,87,,Eastern
E01019997,Exeter 004A,20,15,12,33,312,68,45,35,25,42,28,20,21,19,20,8,4,14,,Eastern
E01019998,Exeter 001C,45,35,34,24,26,54,47,50,49,25,52,49,53,61,34,17,9,31,,Eastern
E01019999,Exeter 001D,30,22,23,38,114,23,18,35,31,35,34,32,49,38,23,15,20,35,,Eastern
E01020000,Exeter 002D,36,50,43,31,53,40,58,34,56,40,49,34,43,32,40,26,22,33,,Eastern
E01020001,Exeter 001E,22,28,27,31,30,49,32,31,24,52,48,53,50,57,69,34,17,19,,Eastern
E01020002,Exeter 003B,89,50,50,56,61,99,97,56,72,79,56,40,54,61,38,35,30,71,,Eastern
E01020003,Exeter 003C,33,58,48,34,43,52,46,39,49,45,59,54,48,61,74,48,49,42,,Eastern
E01020004,Exeter 003D,36,51,25,45,32,50,43,44,46,72,70,52,54,52,40,42,29,48,,Eastern
E01020005,Exeter 003E,58,71,72,64,43,57,55,52,64,71,73,48,28,36,34,33,36,26,,Eastern
E01020006,Exeter 006C,64,65,73,57,117,90,84,91,67,87,63,46,36,33,35,19,16,14,,Eastern
E01020007,Exeter 002E,32,24,7,49,385,47,32,19,17,25,16,19,11,11,5,6,1,4,,Eastern
E01020008,Exeter 006D,51,27,13,27,441,102,58,40,39,21,26,36,13,5,14,4,8,13,,Eastern
E01020009,Exeter 006E,24,33,34,21,65,59,44,45,53,43,40,46,33,30,21,17,12,26,,Eastern
E01020010,Exeter 013B,69,81,76,41,47,86,75,54,78,86,56,53,56,45,28,35,19,19,,Eastern
E01020011,Exeter 015A,21,45,41,29,23,26,28,34,28,50,52,51,57,51,46,37,25,25,,Eastern
E01020012,Exeter 015B,39,76,53,65,50,64,53,82,50,71,43,43,39,49,30,35,20,26,,Eastern
E01020013,Exeter 013C,32,27,30,44,62,77,56,43,45,45,49,32,37,29,26,27,19,17,,Eastern
E01020014,Exeter 013D,45,58,48,45,36,67,55,44,39,50,61,54,46,35,24,23,20,5,,Eastern
E01020015,Exeter 013E,73,74,50,53,54,81,90,63,68,70,69,53,37,38,36,29,32,43,,Eastern
E01020016,Exeter 008C,33,29,10,53,211,160,117,58,50,45,56,50,57,40,35,31,10,32,,Eastern
E01020017,Exeter 008D,81,42,31,299,347,207,97,104,39,19,42,22,29,31,20,5,5,39,,Eastern
E01020018,Exeter 008E,30,11,15,54,188,177,109,62,30,54,59,36,45,53,32,28,29,37,,Eastern
E01020019,Exeter 004B,6,15,22,44,723,33,33,15,5,14,20,23,23,27,43,18,50,120,,Eastern
E01020020,Exeter 004C,10,20,14,93,388,85,33,30,25,20,18,30,22,13,12,15,11,13,,Eastern
E01020021,Exeter 004D,33,37,16,55,374,58,19,52,36,34,28,34,32,20,24,16,15,23,,Eastern
E01020022,Exeter 004E,28,23,14,71,588,110,45,36,28,20,22,26,34,13,8,14,4,13,,Eastern
E01020023,Exeter 009B,69,70,55,75,34,107,52,83,88,81,86,90,64,65,56,34,31,49,,Eastern
E01020024,Exeter 009C,33,42,33,43,30,59,48,50,46,53,67,55,55,52,41,30,34,55,,Eastern
E01020025,Exeter 009D,44,47,23,28,46,115,97,73,40,49,44,31,24,31,30,17,12,18,,Eastern
E01020026,Exeter 011A,27,35,28,53,21,52,45,42,54,62,51,69,50,71,75,49,29,27,,Eastern
E01020027,Exeter 011B,33,72,45,36,40,46,59,53,52,57,74,53,45,51,60,27,19,24,,Eastern
E01020029,Exeter 010B,38,39,30,43,48,80,55,68,51,68,55,57,39,32,39,24,23,18,,Eastern
E01020030,Exeter 010C,51,66,40,24,57,125,122,65,54,67,54,74,47,20,30,28,20,66,,Eastern
E01020031,Exeter 010D,41,57,50,37,37,96,71,70,62,62,53,48,28,21,28,20,22,22,,Eastern
E01020032,Exeter 010E,39,40,34,29,64,62,52,66,53,41,64,52,32,56,43,19,21,25,,Eastern
E01020033,Exeter 015C,52,86,83,65,23,66,57,76,77,74,60,65,56,87,95,52,49,73,,Eastern
E01020035,Exeter 011D,131,129,71,95,97,185,122,111,93,97,85,71,64,82,64,37,23,15,,Eastern
E01020036,Exeter 007B,38,41,39,48,23,53,40,36,51,40,55,42,49,62,43,25,22,57,,Eastern
E01020037,Exeter 007C,62,39,40,46,41,56,53,45,33,50,48,43,25,32,34,31,21,26,,Eastern
E01020038,Exeter 011E,66,64,49,45,50,95,85,72,76,68,85,52,64,52,47,37,19,26,,Eastern
E01020039,Exeter 007D,60,52,31,44,84,96,55,45,53,52,72,65,63,47,45,43,31,49,,Eastern
E01020040,Exeter 007E,32,38,40,23,27,52,36,41,32,44,44,47,43,43,28,28,19,31,,Eastern
E01020041,Mid Devon 011A,87,81,75,40,68,111,86,81,76,76,82,68,79,51,51,30,19,40,,Eastern
E01020042,Mid Devon 011B,35,41,43,36,24,40,52,35,42,55,58,57,42,70,57,57,29,45,,Eastern
E01020043,Mid Devon 008A,59,82,68,58,37,39,69,67,80,84,83,60,62,73,55,36,31,27,,Eastern
E01020044,Mid Devon 008B,40,26,48,45,25,26,30,64,37,58,50,77,89,65,62,28,38,41,,Eastern
E01020045,Mid Devon 006A,25,42,51,45,30,26,20,43,58,66,53,80,66,82,44,48,22,41,,Eastern
E01020046,Mid Devon 001A,28,32,49,49,40,52,31,33,51,62,80,55,57,62,55,23,24,25,,Eastern
E01020047,Mid Devon 002A,41,41,52,39,31,35,66,56,48,63,77,67,79,83,99,63,70,85,,Eastern
E01020048,Mid Devon 005A,77,66,56,52,85,97,85,63,55,96,78,67,60,60,41,28,42,36,,Eastern
E01020049,Mid Devon 001B,41,22,30,38,16,19,33,34,33,52,74,54,52,60,48,34,34,33,,Eastern
E01020050,Mid Devon 001C,32,51,41,64,24,41,39,44,45,66,78,103,114,106,105,66,58,72,,Eastern
E01020051,Mid Devon 002B,24,25,27,36,18,26,34,30,41,61,66,81,66,85,112,71,33,65,,Eastern
E01020052,Mid Devon 004A,41,59,41,51,58,58,59,53,53,73,62,51,72,56,53,43,35,43,,Eastern
E01020053,Mid Devon 004B,56,45,41,39,46,47,47,42,41,38,46,36,40,48,49,33,29,16,,Eastern
E01020054,Mid Devon 007A,78,93,66,47,67,89,111,76,74,80,66,83,69,74,41,46,22,25,,Eastern
E01020055,Mid Devon 007B,49,53,50,41,48,46,62,50,58,59,67,64,63,65,54,31,44,75,,Eastern
E01020056,Mid Devon 008C,39,73,65,65,45,66,52,69,62,69,123,82,77,81,60,34,32,35,,Eastern
E01020057,Mid Devon 007C,109,81,64,63,64,111,90,92,74,78,102,78,56,61,51,31,21,23,,Eastern
E01020058,Mid Devon 007D,47,34,42,50,50,48,60,58,63,78,82,67,67,55,57,46,41,31,,Eastern
E01020059,Mid Devon 006B,32,69,96,67,38,23,34,56,82,98,103,93,89,60,64,37,18,35,,Eastern
E01020060,Mid Devon 011C,37,34,25,34,56,50,38,34,36,62,60,54,43,58,63,50,38,89,,Eastern
E01020061,Mid Devon 011D,48,66,86,69,51,39,51,60,62,99,91,57,61,75,54,61,26,62,,Eastern
E01020062,Mid Devon 006C,37,34,30,34,16,42,60,35,34,67,79,56,48,61,51,37,40,39,,Eastern
E01020063,Mid Devon 003A,61,69,70,57,38,45,68,63,77,83,92,116,66,82,79,49,46,63,,Eastern
E01020064,Mid Devon 006D,68,76,50,48,47,33,46,73,69,63,63,73,35,47,61,28,29,32,,Eastern
E01020065,Mid Devon 004C,52,72,96,124,52,69,50,56,48,71,85,62,52,42,32,39,15,24,,Eastern
E01020066,Mid Devon 002C,72,106,107,107,97,106,105,99,112,127,119,81,67,77,68,70,33,23,,Eastern
E01020067,Mid Devon 004D,71,100,90,61,57,69,70,68,67,85,80,41,36,37,40,22,24,12,,Eastern
E01020068,Mid Devon 010A,20,38,57,37,25,42,31,31,44,47,62,74,65,57,51,55,32,33,,Eastern
E01020069,Mid Devon 010B,18,42,52,36,30,18,35,34,43,51,74,64,71,62,47,28,15,26,,Eastern
E01020070,Mid Devon 010C,42,50,37,43,32,38,42,33,56,79,73,87,91,74,61,39,33,42,,Eastern
E01020071,Mid Devon 008D,46,45,51,51,39,42,45,57,49,89,79,62,64,71,73,64,37,47,,Eastern
E01020072,Mid Devon 009A,22,63,56,39,35,31,28,56,50,78,72,85,75,60,64,26,17,33,,Eastern
E01020073,Mid Devon 009B,24,49,43,33,29,24,22,31,37,58,70,59,62,76,63,47,33,38,,Eastern
E01020074,Mid Devon 003B,43,64,73,54,39,33,45,54,60,109,112,109,88,87,67,48,24,34,,Eastern
E01020075,Mid Devon 003C,60,52,63,60,25,40,49,60,62,77,78,62,79,75,59,48,28,36,,Eastern
E01020076,Mid Devon 009C,49,55,47,53,31,44,39,45,45,75,78,74,74,65,42,28,25,24,,Eastern
E01020077,Mid Devon 001D,33,57,70,49,20,34,36,39,63,84,82,64,60,51,54,39,27,23,,Eastern
E01020078,Mid Devon 005B,24,41,44,38,22,48,49,32,37,45,44,57,34,36,23,23,35,36,,Eastern
E01020079,Mid Devon 005C,38,50,34,26,36,28,35,50,34,43,34,42,54,45,43,31,18,38,,Eastern
E01020080,Mid Devon 002D,66,30,30,26,25,36,55,30,40,32,61,43,72,53,38,52,22,25,,Eastern
E01020081,Mid Devon 005D,35,45,27,41,31,39,53,27,40,36,47,48,39,72,49,40,13,8,,Eastern
E01020082,Mid Devon 009D,29,31,25,34,12,33,31,29,32,47,51,61,28,57,49,28,17,19,,Eastern
E01020083,Mid Devon 010D,73,80,84,68,56,58,58,67,63,103,95,104,68,90,68,36,33,15,,Eastern
E01020084,North Devon 012A,44,27,33,34,31,38,41,37,43,39,45,57,45,49,52,47,44,31,,Northern
E01020085,North Devon 012B,54,65,36,55,45,47,51,70,53,58,80,50,33,39,30,30,14,14,,Northern
E01020086,North Devon 012C,43,60,40,35,28,44,51,61,33,46,72,52,47,63,69,62,24,18,,Northern
E01020087,North Devon 014A,30,37,59,52,23,32,40,35,61,64,90,128,79,93,98,63,47,40,,Northern
E01020088,North Devon 006A,23,53,73,43,33,40,41,52,52,79,85,80,101,83,71,42,31,41,,Northern
E01020089,North Devon 005A,60,93,75,59,51,43,75,103,83,94,86,80,66,77,76,49,49,59,,Northern
E01020090,North Devon 004A,38,49,53,29,25,26,33,44,57,58,85,69,76,72,71,47,31,59,,Northern
E01020091,North Devon 005B,23,25,36,29,31,17,25,28,36,64,71,33,46,58,57,48,29,21,,Northern
E01020092,North Devon 005C,27,25,28,21,19,21,25,24,46,54,51,52,44,61,83,78,30,71,,Northern
E01020093,North Devon 005D,37,41,42,33,16,32,32,42,55,49,41,48,40,52,48,34,40,39,,Northern
E01020094,North Devon 008A,41,28,32,41,58,68,51,31,26,49,43,48,50,48,56,44,43,81,,Northern
E01020095,North Devon 008B,48,48,46,41,43,45,71,49,37,54,64,41,45,17,25,37,22,32,,Northern
E01020096,North Devon 009A,52,46,36,28,65,76,67,42,33,57,60,52,23,46,56,36,29,66,,Northern
E01020097,North Devon 013A,36,66,39,57,46,58,43,44,66,86,103,93,91,100,94,39,40,30,,Northern
E01020098,North Devon 014B,33,44,54,45,45,45,34,38,39,86,113,84,88,110,94,63,40,55,,Northern
E01020099,North Devon 002A,23,36,20,28,20,17,14,25,18,48,68,68,67,87,53,41,25,25,,Northern
E01020100,North Devon 002B,25,44,26,26,14,16,13,11,26,42,56,48,47,39,56,34,16,19,,Northern
E01020101,North Devon 002C,15,36,42,39,18,33,46,36,38,56,55,51,40,65,64,38,28,40,,Northern
E01020102,North Devon 010A,57,51,58,61,39,80,40,40,67,65,71,64,56,37,26,22,15,33,,Northern
E01020103,North Devon 010B,51,74,69,53,47,43,60,63,37,72,62,73,32,34,24,33,11,17,,Northern
E01020104,North Devon 010C,75,73,29,28,64,94,44,64,43,39,37,39,29,19,13,13,5,1,,Northern
E01020105,North Devon 011A,76,60,68,46,55,79,60,47,57,64,58,69,39,67,71,42,30,45,,Northern
E01020106,North Devon 011B,13,17,18,22,8,21,20,18,23,25,41,68,40,44,84,48,39,37,,Northern
E01020107,North Devon 011C,23,28,38,44,16,35,24,28,37,36,63,63,65,60,82,57,69,90,,Northern
E01020108,North Devon 004B,64,57,64,58,44,33,37,78,72,83,87,83,77,99,71,50,34,28,,Northern
E01020109,North Devon 004C,33,43,41,37,30,28,22,48,45,50,59,52,41,56,52,24,34,19,,Northern
E01020110,North Devon 005E,94,81,67,47,46,95,104,75,56,65,48,61,44,53,57,42,35,47,,Northern
E01020111,North Devon 001A,28,48,49,44,35,34,41,42,36,44,60,59,62,37,41,15,18,23,,Northern
E01020112,North Devon 001B,40,34,50,38,59,47,46,41,43,61,38,56,66,51,44,18,21,32,,Northern
E01020113,North Devon 003A,39,36,35,36,61,39,44,35,38,45,47,41,52,42,43,28,24,41,,Northern
E01020114,North Devon 001C,29,32,24,33,35,30,21,34,25,42,50,39,58,37,32,41,20,20,,Northern
E01020115,North Devon 001D,20,44,27,27,13,29,22,32,45,34,48,47,45,65,48,26,24,24,,Northern
E01020116,North Devon 003B,52,42,51,39,36,55,35,18,53,55,67,59,70,55,45,34,28,36,,Northern
E01020117,North Devon 003C,25,37,36,30,12,33,24,47,30,50,64,63,73,75,65,46,15,32,,Northern
E01020118,North Devon 003D,43,38,36,47,50,37,44,47,46,45,50,44,40,35,49,16,21,20,,Northern
E01020119,North Devon 011D,29,15,23,24,20,27,25,33,26,54,72,63,57,75,76,49,29,31,,Northern
E01020120,North Devon 006B,47,50,64,52,34,36,39,33,70,72,78,80,74,60,61,41,38,38,,Northern
E01020121,North Devon 012D,63,62,71,61,50,48,44,72,58,67,87,76,84,65,65,53,37,27,,Northern
E01020122,North Devon 012E,49,51,40,42,28,53,48,59,46,68,81,76,68,53,89,32,22,33,,Northern
E01020123,North Devon 009B,44,54,47,31,42,37,26,48,37,55,48,62,42,46,71,37,20,32,,Northern
E01020124,North Devon 009C,37,31,26,25,24,35,33,26,34,34,62,46,47,55,43,49,41,53,,Northern
E01020125,North Devon 009D,27,20,37,28,43,21,14,35,39,56,40,45,51,80,72,45,45,42,,Northern
E01020126,North Devon 002D,15,26,32,30,25,41,32,31,39,50,75,86,83,79,70,38,31,54,,Northern
E01020127,North Devon 006C,42,53,72,58,46,22,30,51,64,86,82,81,86,74,72,56,25,29,,Northern
E01020128,North Devon 010D,19,33,53,58,28,28,30,42,58,68,58,46,42,55,58,36,27,55,,Northern
E01020129,North Devon 010E,29,36,35,41,25,31,32,30,33,47,53,55,31,37,36,27,22,12,,Northern
E01020130,North Devon 010F,62,42,44,46,38,58,63,54,52,48,52,55,43,38,28,22,8,18,,Northern
E01020131,North Devon 013B,55,53,85,70,33,37,40,65,66,93,106,94,81,87,76,30,21,28,,Northern
E01020132,North Devon 007A,31,46,42,41,47,40,45,47,49,66,64,60,52,55,68,46,63,53,,Northern
E01020133,North Devon 007B,23,31,47,43,36,41,44,40,39,54,58,41,58,56,48,31,31,16,,Northern
E01020134,North Devon 007C,31,55,35,31,19,44,45,32,36,54,47,46,35,40,27,21,16,33,,Northern
E01020135,North Devon 013C,27,45,42,22,27,49,32,51,43,53,51,41,53,54,47,34,33,64,,Northern
E01020136,North Devon 013D,57,61,37,42,42,51,52,41,56,65,69,58,60,67,67,53,32,51,,Northern
E01020137,North Devon 013E,39,28,34,35,46,43,58,50,52,35,78,81,52,40,53,40,34,64,,Northern
E01020138,North Devon 014C,39,47,72,59,47,32,42,57,58,86,107,90,101,87,113,67,41,52,,Northern
E01020139,North Devon 007D,44,41,39,28,24,44,46,40,50,49,62,41,31,43,39,26,34,24,,Northern
E01020140,North Devon 008C,29,31,27,20,17,28,31,30,23,48,27,42,43,46,58,36,28,30,,Northern
E01020141,North Devon 008D,87,88,55,44,69,74,76,65,51,91,42,56,43,43,42,12,14,9,,Northern
E01020142,South Hams 006A,90,91,76,62,46,62,94,78,55,106,112,108,100,79,86,64,40,41,,Western
E01020143,South Hams 006B,52,69,51,48,45,45,70,66,68,81,99,112,111,103,84,33,31,19,,Southern
E01020144,South Hams 001A,31,50,39,45,22,50,33,54,57,58,76,62,50,38,30,5,10,8,,Western
E01020145,South Hams 001B,38,58,52,53,30,63,42,42,54,74,77,84,82,73,55,36,56,12,,Western
E01020146,South Hams 001C,35,27,28,18,23,46,42,47,28,37,55,44,33,32,40,18,11,18,,Western
E01020147,South Hams 008A,35,36,38,34,17,34,46,42,29,66,98,85,84,111,76,53,40,31,,Western
E01020148,South Hams 002A,15,25,35,34,17,16,26,22,31,40,48,66,49,48,50,28,15,13,,Western
E01020149,South Hams 001D,33,43,35,37,30,39,47,37,39,59,58,41,46,49,50,22,20,20,,Western
E01020150,South Hams 006C,37,37,56,38,11,20,36,58,56,85,94,64,99,102,80,38,40,79,,Southern
E01020151,South Hams 007A,13,17,19,21,6,20,18,13,20,50,46,92,97,94,95,63,40,57,,Southern
E01020152,South Hams 007B,17,14,16,36,6,23,26,22,26,40,46,66,86,71,67,51,40,66,,Southern
E01020153,South Hams 004A,12,19,21,25,10,11,12,37,27,28,50,75,52,69,72,38,21,21,,Southern
E01020154,South Hams 007C,55,52,32,50,46,42,38,44,35,45,63,44,41,23,41,14,12,4,,Southern
E01020155,South Hams 007D,42,26,33,36,18,21,42,26,42,41,38,31,26,35,34,24,18,29,,Southern
E01020156,South Hams 004B,40,46,63,41,19,16,38,49,71,76,108,74,92,87,85,58,57,42,,Southern
E01020157,South Hams 002B,40,68,78,69,35,48,52,45,77,89,99,116,106,107,91,72,28,40,,Southern
E01020158,South Hams 008B,37,49,57,46,28,43,19,40,48,63,76,95,61,69,67,28,28,34,,Western
E01020159,South Hams 008C,60,35,48,33,21,20,35,38,38,52,68,53,72,61,47,30,7,26,,Western
E01020160,South Hams 002C,39,52,53,55,24,41,39,48,59,90,94,103,71,75,51,38,29,18,,Western
E01020161,South Hams 005A,62,53,67,82,57,76,60,43,70,77,87,79,75,76,83,71,78,108,,Western
E01020162,South Hams 005B,38,74,43,52,36,49,42,56,59,86,81,65,45,53,57,12,7,10,,Western
E01020163,South Hams 005C,44,54,69,46,44,44,38,46,62,67,90,72,79,42,34,54,20,30,,Western
E01020164,South Hams 005D,33,35,35,51,36,29,27,46,46,59,70,69,43,62,37,22,13,16,,Western
E01020165,South Hams 005E,41,51,56,35,37,49,58,59,48,63,75,57,43,39,53,19,3,19,,Western
E01020166,South Hams 005F,40,48,43,35,24,24,39,35,48,58,58,56,59,53,39,38,32,19,,Western
E01020167,South Hams 005G,43,40,41,38,36,36,34,29,35,56,65,62,39,48,24,18,14,21,,Western
E01020168,South Hams 010A,34,74,50,53,32,45,34,46,62,68,81,59,81,82,101,59,69,75,,Western
E01020169,South Hams 010B,50,66,71,67,51,52,70,69,76,78,83,93,74,67,74,46,31,56,,Western
E01020170,South Hams 004C,31,47,53,56,33,28,42,32,50,91,113,99,89,119,96,56,50,45,,Southern
E01020171,South Hams 009A,28,36,41,36,16,19,20,35,42,43,72,90,84,105,96,66,49,49,,Western
E01020172,South Hams 012A,32,50,47,35,24,44,59,38,38,48,70,84,80,88,81,53,43,38,,Western
E01020173,South Hams 012B,10,10,21,28,18,22,32,16,16,53,37,50,71,68,94,49,27,49,,Western
E01020174,South Hams 011A,39,27,39,28,28,28,17,32,23,49,67,73,53,90,72,47,46,33,,Southern
E01020175,South Hams 011B,21,34,43,28,23,31,37,42,29,59,91,90,93,116,101,79,72,50,,Southern
E01020176,South Hams 002D,13,13,34,22,18,16,21,23,26,41,62,43,52,55,37,24,28,39,,Western
E01020177,South Hams 002E,34,54,43,34,32,12,31,40,32,57,60,57,49,67,47,40,37,68,,Western
E01020178,South Hams 011C,32,57,51,32,25,27,27,37,54,67,68,84,79,108,114,90,41,51,,Southern
E01020179,South Hams 012C,33,23,48,48,35,20,44,34,41,60,73,89,92,106,86,75,77,49,,Western
E01020180,South Hams 003A,59,55,71,61,24,55,45,61,71,83,99,76,62,96,73,35,30,40,,Southern
E01020181,South Hams 003B,31,52,33,47,32,26,25,36,41,83,77,67,79,70,66,55,49,53,,Southern
E01020182,South Hams 003C,35,37,52,57,31,43,45,60,61,63,83,68,67,46,50,18,15,23,,Southern
E01020183,South Hams 003D,16,30,34,24,27,33,33,54,49,41,59,73,47,52,71,58,41,49,,Southern
E01020184,South Hams 003E,20,45,36,46,23,33,46,62,66,49,81,89,70,67,62,45,20,31,,Southern
E01020185,South Hams 009B,18,29,34,26,18,15,18,40,43,49,58,53,60,67,70,41,50,25,,Western
E01020186,South Hams 009C,32,24,24,30,8,12,16,36,18,51,48,49,80,75,112,67,49,30,,Western
E01020187,South Hams 009D,37,58,47,55,27,31,52,83,57,64,73,63,62,73,50,34,33,47,,Western
E01020188,South Hams 004D,35,44,57,46,35,23,30,58,37,69,107,105,88,96,87,40,31,30,,Southern
E01020189,South Hams 010C,61,47,59,43,41,46,56,40,62,69,84,90,78,87,83,50,60,58,,Western
E01020190,South Hams 008D,39,78,72,48,34,17,39,94,74,96,97,72,95,92,131,76,48,47,,Western
E01020191,Teignbridge 013A,57,43,30,18,34,42,41,40,46,43,41,61,43,42,41,20,14,35,,Southern
E01020192,Teignbridge 019A,19,22,32,41,26,14,40,21,39,50,55,79,74,72,66,60,39,40,,Southern
E01020193,Teignbridge 019B,34,31,40,64,29,27,27,25,47,59,88,63,63,47,42,35,15,26,,Southern
E01020194,Teignbridge 013B,45,33,41,26,23,39,53,55,46,62,64,60,65,47,39,37,18,17,,Southern
E01020195,Teignbridge 017A,46,71,53,55,32,37,47,44,65,77,89,63,78,56,71,27,17,35,,Southern
E01020196,Teignbridge 017B,25,43,67,49,40,46,43,44,46,71,86,64,55,58,74,51,21,56,,Southern
E01020197,Teignbridge 017C,27,32,18,16,15,29,26,16,33,43,69,50,65,62,64,37,34,14,,Southern
E01020198,Teignbridge 017D,47,27,49,38,38,46,39,43,51,55,57,58,49,56,33,30,20,10,,Southern
E01020199,Teignbridge 017E,45,53,39,44,31,46,60,50,54,71,69,53,53,67,44,25,39,37,,Southern
E01020200,Teignbridge 011A,20,17,12,15,10,7,15,35,26,31,43,48,61,69,44,44,29,27,,Southern
E01020201,Teignbridge 011B,15,36,37,15,18,14,17,26,28,45,45,72,101,118,89,54,45,94,,Southern
E01020202,Teignbridge 007A,40,46,41,31,40,30,35,43,39,66,51,69,54,85,95,74,55,63,,Southern
E01020203,Teignbridge 004A,21,37,40,28,11,26,14,33,47,45,63,47,62,72,84,80,82,69,,Southern
E01020204,Teignbridge 007B,56,46,59,35,47,58,65,59,52,58,60,52,33,41,20,16,14,27,,Southern
E01020205,Teignbridge 003A,31,22,39,20,14,15,25,31,37,38,81,94,76,84,57,48,34,67,,Southern
E01020206,Teignbridge 004B,32,47,25,32,28,35,40,41,46,72,61,61,56,47,50,36,30,32,,Southern
E01020207,Teignbridge 013C,123,90,59,46,53,127,126,101,72,96,83,62,75,42,39,27,19,79,,Southern
E01020208,Teignbridge 012A,20,44,41,30,37,36,34,44,53,49,48,40,40,35,42,28,16,25,,Southern
E01020209,Teignbridge 012B,44,63,30,18,51,48,48,42,48,40,61,47,45,53,51,30,19,12,,Southern
E01020210,Teignbridge 012C,34,26,26,20,20,13,35,12,25,53,53,55,62,60,59,31,30,28,,Southern
E01020211,Teignbridge 014A,58,67,38,41,39,66,50,42,57,61,63,43,51,47,41,23,14,16,,Southern
E01020212,Teignbridge 016A,18,40,41,35,36,34,38,41,30,48,56,50,36,41,21,27,17,16,,Southern
E01020213,Teignbridge 016B,32,39,28,29,38,45,52,27,42,50,52,52,63,49,72,41,23,26,,Southern
E01020214,Teignbridge 016C,22,38,38,46,18,50,30,29,48,59,58,62,52,70,55,41,39,44,,Southern
E01020215,Teignbridge 016D,27,25,25,28,22,24,21,21,26,43,71,49,55,66,59,39,46,20,,Southern
E01020216,Teignbridge 015A,40,48,56,67,45,56,66,40,48,56,54,52,42,37,40,19,19,23,,Southern
E01020217,Teignbridge 014B,47,39,36,32,35,76,51,43,50,52,59,50,34,66,52,41,38,67,,Southern
E01020218,Teignbridge 014C,55,50,28,26,65,90,69,39,29,50,65,81,41,38,27,22,20,34,,Southern
E01020219,Teignbridge 012D,64,53,61,60,75,68,74,61,82,99,93,61,58,53,51,27,22,17,,Southern
E01020220,Teignbridge 004C,42,67,73,43,24,42,52,44,62,59,73,48,60,47,39,25,28,26,,Southern
E01020221,Teignbridge 004D,47,55,38,58,29,37,57,52,55,72,71,68,67,55,63,42,28,23,,Southern
E01020222,Teignbridge 004E,37,27,37,24,14,32,44,33,40,54,46,49,48,51,47,12,26,20,,Southern
E01020223,Teignbridge 004F,29,49,40,40,44,45,38,45,49,67,72,90,71,65,72,48,21,24,,Southern
E01020224,Teignbridge 014D,44,34,39,37,39,47,67,39,41,33,59,38,19,20,41,14,9,7,,Southern
E01020225,Teignbridge 015B,49,41,28,44,45,66,54,37,34,63,58,42,51,40,29,17,12,21,,Southern
E01020226,Teignbridge 015C,15,21,44,40,20,32,28,45,49,41,48,48,49,59,51,41,51,99,,Southern
E01020227,Teignbridge 015D,20,44,26,32,27,28,24,25,33,62,73,53,35,59,49,35,31,68,,Southern
E01020228,Teignbridge 006A,33,27,29,30,24,41,34,28,50,34,79,65,52,87,74,84,47,81,,Southern
E01020229,Teignbridge 005A,83,70,74,37,55,97,72,52,73,92,108,96,117,113,123,64,56,56,,Southern
E01020230,Teignbridge 005B,26,43,52,40,30,31,45,41,53,77,63,72,87,77,70,43,32,31,,Southern
E01020231,Teignbridge 005C,26,31,42,64,27,35,29,39,48,38,67,70,69,68,55,39,35,40,,Southern
E01020232,Teignbridge 005D,52,72,55,57,50,52,69,74,57,61,93,63,51,62,51,33,26,18,,Southern
E01020233,Teignbridge 006B,22,26,22,26,16,37,21,22,33,39,55,61,99,100,113,77,61,62,,Southern
E01020234,Teignbridge 006C,38,55,41,36,39,49,40,44,42,48,56,45,59,61,41,20,27,36,,Southern
E01020235,Teignbridge 006D,46,35,37,40,46,27,28,32,39,53,67,64,87,61,104,58,55,76,,Southern
E01020236,Teignbridge 007C,18,13,36,38,12,33,17,20,32,46,63,50,55,45,75,34,30,25,,Southern
E01020237,Teignbridge 007D,28,35,56,41,35,28,25,40,52,63,71,80,66,61,62,31,21,32,,Southern
E01020238,Teignbridge 019C,44,31,34,39,25,29,24,46,36,48,48,54,44,46,51,32,39,41,,Southern
E01020239,Teignbridge 019D,19,33,33,22,21,23,8,34,34,46,44,61,48,50,77,42,33,51,,Southern
E01020240,Teignbridge 002A,59,62,45,18,31,62,75,57,50,46,55,49,43,50,60,43,32,71,,Eastern
E01020241,Teignbridge 002B,41,36,59,39,52,38,41,54,59,80,79,69,64,67,39,31,20,19,,Eastern
E01020242,Teignbridge 002C,84,73,60,65,41,72,86,74,71,87,91,60,43,62,49,34,25,20,,Eastern
E01020243,Teignbridge 001A,37,38,27,23,21,16,36,36,48,48,49,48,44,49,44,27,22,17,,Eastern
E01020244,Teignbridge 002D,26,26,44,36,14,36,40,30,50,31,50,71,51,59,50,37,31,41,,Eastern
E01020245,Teignbridge 002E,28,32,37,37,20,25,36,33,41,78,70,68,71,69,54,23,33,39,,Eastern
E01020246,Teignbridge 018A,31,21,23,22,20,44,30,37,33,44,47,67,62,55,31,21,7,8,,Southern
E01020247,Teignbridge 018B,35,53,41,51,25,62,42,46,33,67,74,50,58,51,53,39,45,46,,Southern
E01020248,Teignbridge 018C,33,41,43,33,45,32,35,37,42,67,65,95,61,84,75,50,43,28,,Southern
E01020249,Teignbridge 018D,28,15,18,36,32,15,19,21,41,42,78,61,53,74,49,47,30,30,,Southern
E01020250,Teignbridge 009A,15,30,36,46,24,33,26,42,41,57,69,63,45,70,80,53,38,51,,Southern
E01020251,Teignbridge 011C,19,43,36,32,16,46,35,33,52,62,65,65,47,67,40,30,21,32,,Southern
E01020252,Teignbridge 009B,62,63,30,41,38,66,43,50,53,61,60,53,58,45,36,30,21,57,,Southern
E01020253,Teignbridge 009C,42,51,48,41,45,58,40,49,61,74,62,54,33,32,35,21,22,14,,Southern
E01020254,Teignbridge 009D,31,61,30,28,39,44,53,42,49,40,45,49,41,32,34,27,18,32,,Southern
E01020255,Teignbridge 009E,41,27,44,27,23,26,41,41,38,42,63,47,38,58,57,37,28,22,,Southern
E01020256,Teignbridge 013D,47,41,37,48,12,52,40,47,27,66,55,49,55,57,40,23,29,37,,Southern
E01020257,Teignbridge 009F,32,30,29,36,24,35,46,22,25,44,67,49,37,56,37,29,22,23,,Southern
E01020258,Teignbridge 003B,20,42,47,36,30,32,34,53,53,62,74,72,77,68,68,45,29,58,,Eastern
E01020259,Teignbridge 003C,22,20,24,35,15,7,21,35,28,55,61,51,58,59,28,39,23,21,,Southern
E01020260,Teignbridge 011D,15,29,25,19,20,6,18,20,19,43,42,57,51,72,72,39,41,60,,Southern
E01020261,Teignbridge 011E,25,22,35,20,8,20,18,27,30,36,55,51,71,63,55,33,23,32,,Southern
E01020262,Teignbridge 001B,10,20,29,37,23,14,22,33,37,53,62,63,53,60,66,29,16,65,,Eastern
E01020263,Teignbridge 001C,35,31,36,22,24,29,30,32,40,34,42,64,67,72,71,80,46,52,,Eastern
E01020264,Teignbridge 010A,26,24,28,35,24,39,34,35,32,46,69,55,59,55,70,44,45,109,,Southern
E01020265,Teignbridge 008A,38,50,42,36,24,42,57,55,51,54,43,57,83,75,73,45,38,31,,Southern
E01020266,Teignbridge 008B,19,32,34,44,18,31,33,32,53,65,73,57,71,69,62,34,24,32,,Southern
E01020267,Teignbridge 008C,20,19,54,52,30,27,25,22,41,57,76,46,69,75,71,37,35,29,,Southern
E01020268,Teignbridge 008D,56,40,26,27,27,40,24,53,31,52,56,90,68,104,99,53,46,76,,Southern
E01020269,Teignbridge 010B,26,20,11,19,60,67,22,28,36,55,65,78,83,70,78,72,78,100,,Southern
E01020270,Teignbridge 008E,35,61,54,45,29,47,45,48,57,75,68,76,53,83,61,39,24,16,,Southern
E01020271,Teignbridge 010C,47,41,31,31,44,53,60,42,54,68,76,62,69,52,27,26,15,52,,Southern
E01020272,Teignbridge 010D,60,73,60,51,53,60,54,73,60,76,63,63,57,45,37,20,5,20,,Southern
E01020273,Teignbridge 003D,27,41,45,46,23,20,23,45,33,57,70,59,56,73,53,31,29,24,,Eastern
E01020274,Teignbridge 001D,33,27,27,27,33,12,23,37,33,37,61,74,48,72,42,25,9,12,,Eastern
E01020275,Torridge 001A,22,12,21,20,20,22,31,38,34,36,61,70,57,62,49,43,29,18,,Northern
E01020276,Torridge 001B,25,36,35,30,15,30,35,35,53,46,67,52,50,64,82,62,29,29,,Northern
E01020277,Torridge 004A,65,94,60,73,57,62,74,66,69,71,72,77,62,64,63,39,23,27,,Northern
E01020278,Torridge 004B,41,63,49,43,34,35,28,37,51,61,84,64,69,53,53,17,29,19,,Northern
E01020279,Torridge 004C,93,107,73,61,61,123,124,107,76,84,80,91,93,81,78,30,40,13,,Northern
E01020280,Torridge 003A,67,71,34,45,70,75,84,57,56,96,113,80,52,66,49,27,20,31,,Northern
E01020281,Torridge 003B,43,47,47,90,21,41,27,46,76,73,84,87,87,59,75,31,43,33,,Northern
E01020282,Torridge 003C,50,54,45,28,35,54,36,52,33,60,64,58,52,72,55,47,32,55,,Northern
E01020283,Torridge 004D,61,73,41,47,36,63,55,52,58,65,75,65,66,94,74,53,43,41,,Northern
E01020284,Torridge 004E,66,66,68,58,69,82,65,66,63,81,73,70,41,52,33,27,12,23,,Northern
E01020285,Torridge 004F,70,78,63,66,64,110,67,70,83,70,65,71,44,42,40,23,16,19,,Northern
E01020286,Torridge 009A,24,49,50,51,33,24,40,47,50,68,98,86,58,71,53,36,28,29,,Northern
E01020287,Torridge 007A,12,27,34,36,35,27,15,29,40,53,64,82,77,87,53,33,38,39,,Northern
E01020288,Torridge 005A,12,21,63,39,27,26,34,34,53,75,70,52,60,84,63,36,27,21,,Northern
E01020289,Torridge 009B,24,37,40,34,25,19,20,28,32,59,65,80,80,82,60,54,38,15,,Northern
E01020290,Torridge 009C,28,31,45,38,21,23,52,36,41,54,45,98,80,85,68,49,47,46,,Northern
E01020291,Torridge 008A,32,37,56,41,35,24,23,42,48,69,61,59,55,79,52,34,17,17,,Northern
E01020292,Torridge 005B,27,41,39,36,24,31,25,40,54,46,75,61,58,67,47,44,27,38,,Northern
E01020293,Torridge 008B,52,50,75,91,58,76,50,47,62,96,107,99,89,91,79,58,42,33,,Northern
E01020294,Torridge 008C,74,73,50,54,53,51,55,68,46,67,75,78,66,78,79,59,57,84,,Northern
E01020295,Torridge 005C,36,51,31,40,23,24,40,31,28,50,76,75,65,68,64,40,29,83,,Northern
E01020296,Torridge 005D,32,45,30,35,34,28,29,25,46,51,77,65,85,88,82,26,29,21,,Northern
E01020297,Torridge 001C,43,37,34,31,30,42,47,51,34,40,62,62,56,57,76,48,33,36,,Northern
E01020298,Torridge 002A,38,48,51,36,10,35,34,67,61,59,60,76,100,115,134,77,60,58,,Northern
E01020299,Torridge 001D,36,35,24,36,19,30,29,51,55,57,61,81,90,99,87,72,59,60,,Northern
E01020300,Torridge 002B,31,27,41,26,29,28,26,29,44,73,70,75,92,102,97,63,60,114,,Northern
E01020301,Torridge 009D,47,50,68,74,38,30,41,47,53,59,86,105,90,81,73,46,28,31,,Northern
E01020302,Torridge 008D,38,33,47,31,34,24,36,38,46,72,54,92,89,98,64,45,26,35,,Northern
E01020303,Torridge 007B,25,34,23,34,17,32,26,26,31,61,67,85,93,74,78,48,33,29,,Northern
E01020304,Torridge 006A,50,56,41,25,60,37,38,49,47,72,69,48,56,71,48,45,45,40,,Northern
E01020305,Torridge 006B,36,23,30,31,34,48,36,27,19,28,37,43,35,40,28,35,18,29,,Northern
E01020306,Torridge 006C,46,55,42,37,22,32,37,34,40,62,49,59,45,63,39,33,12,29,,Northern
E01020307,Torridge 006D,39,44,54,48,33,62,39,42,57,67,39,63,45,54,53,38,32,37,,Northern
E01020308,Torridge 007C,37,62,26,36,29,48,50,42,46,66,84,76,91,75,73,42,24,34,,Northern
E01020309,Torridge 008E,41,31,49,39,26,41,41,45,43,53,95,97,81,75,65,37,19,17,,Northern
E01020310,Torridge 002C,43,31,36,38,41,40,47,27,36,57,68,78,110,141,123,77,64,77,,Northern
E01020311,Torridge 007D,46,66,58,41,24,40,35,62,74,60,69,96,118,99,87,68,43,34,,Northern
E01020312,West Devon 007A,27,14,32,40,12,23,31,21,29,60,71,86,79,112,76,52,32,29,,Western
E01020313,West Devon 007B,28,39,59,22,22,38,33,41,42,68,58,56,60,49,34,22,34,30,,Western
E01020314,West Devon 004A,33,44,29,59,16,15,31,29,47,75,85,80,74,91,47,48,27,49,,Eastern
E01020315,West Devon 007C,49,51,21,39,24,29,31,46,29,57,61,50,52,79,58,35,43,62,,Western
E01020316,West Devon 007D,30,36,44,67,18,21,45,38,48,64,99,81,70,91,91,54,35,48,,Western
E01020317,West Devon 006A,19,30,30,23,18,16,16,26,34,56,54,75,79,65,56,31,26,37,,Western
E01020318,West Devon 003A,25,25,52,21,36,27,39,32,53,54,64,58,56,62,96,46,38,34,,Eastern
E01020319,West Devon 003B,37,45,32,27,30,37,38,43,60,54,90,72,67,79,59,40,31,25,,Eastern
E01020320,West Devon 001A,34,35,38,42,21,35,35,32,53,50,72,82,77,93,70,62,35,33,,Eastern
E01020321,West Devon 001B,53,78,41,59,64,55,58,61,61,94,86,99,91,75,80,47,42,53,,Eastern
E01020322,West Devon 001C,109,93,66,61,64,103,95,97,84,108,95,98,92,90,96,57,37,57,,Eastern
E01020323,West Devon 003C,62,42,34,21,20,37,44,42,45,60,73,72,62,67,40,33,11,15,,Western
E01020324,West Devon 006B,14,29,27,37,33,18,18,29,35,50,71,94,81,73,66,44,44,54,,Western
E01020325,West Devon 004B,39,45,56,31,20,46,29,28,37,58,79,74,80,60,62,28,20,23,,Western
E01020326,West Devon 001D,67,60,45,41,47,66,62,75,66,76,103,85,59,77,68,37,25,46,,Eastern
E01020327,West Devon 002A,43,44,47,25,42,49,54,47,39,55,57,52,54,60,66,35,49,47,,Eastern
E01020328,West Devon 002B,65,83,82,73,70,65,74,94,95,97,78,66,40,51,52,40,26,28,,Eastern
E01020329,West Devon 002C,26,38,25,38,15,39,30,42,31,43,67,73,78,70,65,53,36,43,,Eastern
E01020330,West Devon 002D,41,43,60,41,28,39,30,39,61,76,64,45,62,69,50,40,58,75,,Eastern
E01020331,West Devon 004C,22,38,53,46,27,15,23,39,38,57,89,67,69,76,80,37,45,45,,Western
E01020332,West Devon 005A,45,31,40,41,59,56,49,37,34,81,83,67,56,78,64,32,26,56,,Western
E01020333,West Devon 005B,36,44,53,39,22,32,39,50,50,76,83,84,65,76,82,54,40,26,,Western
E01020334,West Devon 005C,54,68,56,57,48,47,57,57,55,69,73,91,67,61,53,59,44,44,,Western
E01020335,West Devon 005D,23,50,41,48,33,20,30,28,33,59,52,66,63,58,81,62,41,88,,Western
E01020336,West Devon 005E,12,31,27,30,12,14,11,19,34,39,49,65,52,90,73,59,44,42,,Western
E01020337,West Devon 005F,28,41,63,82,30,36,41,34,31,46,41,37,40,62,51,39,27,36,,Western
E01020338,West Devon 005G,67,80,72,47,52,72,86,68,69,82,85,97,89,111,55,51,38,40,,Western
E01020339,West Devon 003D,34,51,45,29,18,36,35,57,35,49,86,77,72,62,70,50,26,28,,Eastern
E01020340,West Devon 004D,37,40,47,45,36,42,34,43,59,73,71,83,61,59,69,42,19,29,,Western
E01020341,West Devon 006C,19,53,41,48,24,11,18,28,47,46,75,76,65,86,101,43,34,52,,Western
E01020342,West Devon 006D,48,47,33,41,34,32,39,52,33,63,60,72,69,49,49,32,21,13,,Western
E01032628,East Devon 004G,47,72,50,50,29,15,43,55,59,95,90,113,108,98,83,54,34,70,,Eastern
E01032657,Plymouth 027F,25,29,21,134,143,63,44,40,31,30,17,26,33,32,31,27,18,27,,Western
E01032658,Plymouth 027G,26,22,14,106,188,86,42,35,23,25,31,36,23,32,29,19,18,28,,Western
E01033232,Exeter 011F,47,63,72,19,33,102,59,72,73,58,39,46,29,17,16,7,5,15,,Eastern
E01033233,Exeter 001F,39,53,33,1362,1238,156,76,58,41,59,95,74,76,87,82,69,51,96,,Eastern
E01033234,Exeter 011G,37,40,60,33,44,102,53,72,62,60,76,43,43,47,32,17,23,8,,Eastern
E01033235,Exeter 015E,22,22,25,18,20,36,28,23,34,28,40,43,38,60,59,52,56,80,,Eastern
E01033236,Exeter 015F,24,31,29,12,9,35,17,17,31,37,26,22,57,60,61,43,30,53,,Eastern
E07000040,East Devon,3188,3629,3453,3261,2470,2960,3270,3501,3819,4882,5303,5122,5271,5793,5777,4146,3354,4269,,
E07000041,Exeter,3126,3332,2712,4772,8528,5654,4167,3810,3407,3674,3819,3333,3002,2979,2722,2030,1645,2423,,
E07000042,Mid Devon,2008,2365,2352,2147,1715,2041,2201,2209,2333,3022,3211,2958,2731,2807,2457,1773,1302,1614,,
E07000043,North Devon,2339,2617,2589,2316,2071,2430,2368,2561,2634,3357,3717,3535,3234,3360,3379,2268,1717,2134,,
E07000044,South Hams,1762,2159,2244,2070,1359,1645,1892,2190,2296,3077,3674,3591,3426,3591,3382,2150,1706,1836,,
E07000045,Teignbridge,3067,3372,3260,3034,2599,3363,3364,3361,3726,4699,5352,5057,4873,5111,4705,3154,2509,3269,,
E07000046,Torridge,1552,1795,1673,1619,1296,1619,1571,1690,1838,2317,2621,2756,2637,2833,2476,1642,1251,1394,,
E07000047,West Devon,1226,1448,1391,1320,995,1171,1255,1374,1467,1995,2274,2280,2081,2281,2060,1364,1054,1287,,
E10000008,Devon,18268,20717,19674,20539,21033,20883,20088,20696,21520,27023,29971,28632,27255,28755,26958,18527,14538,18226,,
E06000026,Plymouth,7423,7750,6602,7771,11322,8635,8775,7773,7205,8739,8870,8102,7029,7058,6484,4679,3758,4008,,
E06000027,Torbay,3554,3599,3272,3287,3018,3408,3453,3482,3633,4688,5157,4999,4715,5053,4803,3403,2706,3287,,
IMDQ1,Q1 - Most Deprived,4991,4743,3945,4428,6455,5956,5738,4470,4201,5158,5289,5005,4226,3918,3455,2560,1912,2412,,
IMDQ2,Q2 - Above Average,7545,7967,7177,7627,9669,9174,8421,7923,7845,9694,10409,9808,8929,9318,8197,5921,4733,5810,,
IMDQ3,Q3 - Average,7864,8762,8229,8723,9717,8592,8407,9028,9068,11483,12909,12322,11649,12006,11277,7512,5812,6977,,
IMDQ4,Q4 - Below Average,6074,7127,6779,6194,5943,6202,6641,7035,7423,9093,9885,9447,8972,9830,9371,6416,5175,6376,,
IMDQ5,Q5 - Least Deprived,2771,3467,3418,4625,3589,3002,3109,3495,3821,5022,5506,5151,5223,5794,5945,4200,3370,3946,,
E02003122,Plymouth 001,168,200,173,163,147,169,167,193,174,202,266,266,268,272,304,216,164,142,,
E02003123,Plymouth 002,268,303,211,227,248,266,276,265,214,263,299,331,246,233,210,215,170,103,,
E02003124,Plymouth 003,294,288,228,217,204,283,307,250,224,313,262,256,186,170,183,123,130,100,,
E02003125,Plymouth 004,164,151,131,164,175,179,172,165,175,190,255,259,180,199,182,119,81,95,,
E02003126,Plymouth 005,161,208,190,276,246,214,243,243,203,206,218,255,362,317,234,119,77,111,,
E02003127,Plymouth 006,245,309,240,273,218,228,274,234,232,238,306,231,210,211,201,146,106,104,,
E02003128,Plymouth 007,286,310,250,210,223,293,340,296,234,303,338,278,233,267,254,143,140,139,,
E02003129,Plymouth 008,212,216,193,161,130,183,189,202,188,205,220,212,207,219,184,146,134,138,,
E02003130,Plymouth 009,314,358,340,314,266,336,411,369,313,354,392,348,327,276,259,177,148,105,,
E02003131,Plymouth 010,219,229,218,202,195,246,234,249,222,266,239,265,224,258,273,163,102,90,,
E02003132,Plymouth 011,291,284,233,248,212,281,347,284,263,303,318,267,270,227,227,152,132,147,,
E02003133,Plymouth 012,195,232,186,206,182,192,196,189,235,276,293,279,223,242,275,177,119,97,,
E02003134,Plymouth 013,244,224,205,222,156,218,301,204,178,224,270,235,172,167,138,123,102,66,,
E02003135,Plymouth 014,342,349,230,188,270,370,331,258,210,277,253,231,143,139,120,82,72,50,,
E02003136,Plymouth 015,156,230,187,224,146,139,196,226,218,289,305,252,247,334,303,250,198,257,,
E02003137,Plymouth 016,158,239,237,247,156,155,177,223,244,341,345,261,245,238,226,176,193,305,,
E02003138,Plymouth 017,221,231,228,204,243,256,316,306,279,310,308,235,165,162,149,86,91,93,,
E02003139,Plymouth 018,203,251,176,169,171,231,226,201,213,254,254,217,180,172,131,71,41,32,,
E02003140,Plymouth 019,183,237,231,178,169,149,238,219,256,287,312,255,222,245,224,186,147,183,,
E02003141,Plymouth 020,205,216,167,171,278,343,298,251,221,335,285,249,191,159,121,115,76,86,,
E02003142,Plymouth 021,282,268,270,280,305,319,337,299,286,334,338,288,262,274,184,131,117,134,,
E02003143,Plymouth 022,224,212,166,177,164,246,256,202,214,284,248,302,237,270,205,163,108,138,,
E02003144,Plymouth 023,124,92,87,357,1669,359,195,160,137,152,131,100,103,78,86,66,81,116,,
E02003145,Plymouth 024,176,174,159,216,318,263,209,197,180,245,267,217,177,148,162,92,85,136,,
E02003146,Plymouth 025,223,217,177,265,998,403,297,221,243,232,217,158,153,114,110,92,58,74,,
E02003147,Plymouth 026,405,359,231,253,333,445,431,274,250,300,277,221,174,183,110,116,50,56,,
E02003148,Plymouth 027,191,142,125,798,1392,410,264,202,195,179,169,193,173,168,129,97,80,81,,
E02003149,Plymouth 028,281,228,205,203,968,442,348,349,220,249,193,214,178,166,126,80,51,82,,
E02003150,Plymouth 029,324,265,253,292,617,524,500,341,293,376,335,396,270,247,224,159,126,139,,
E02003151,Plymouth 030,140,185,184,183,139,106,137,197,175,261,296,243,238,330,344,248,232,247,,
E02003152,Plymouth 031,290,305,319,288,205,175,281,307,305,412,401,321,335,332,373,259,172,189,,
E02003153,Plymouth 032,234,238,172,195,179,212,281,197,211,279,260,267,228,241,233,191,175,173,,
E02003154,Torbay 001,232,203,181,204,189,177,223,171,171,233,281,256,222,235,244,176,159,124,,
E02003155,Torbay 002,133,127,134,155,128,133,133,117,171,212,215,218,196,194,247,158,144,183,,
E02003156,Torbay 003,308,395,305,251,274,354,323,398,334,381,393,341,311,294,264,163,115,142,,
E02003157,Torbay 004,236,155,172,161,194,233,192,191,165,236,262,218,207,195,166,97,65,61,,
E02003158,Torbay 005,120,145,117,152,105,139,145,148,167,198,186,176,205,243,214,166,142,225,,
E02003159,Torbay 006,196,195,152,153,142,207,186,184,177,220,247,212,150,164,132,90,69,91,,
E02003161,Torbay 008,230,191,132,197,284,277,245,187,178,243,241,247,226,170,130,98,78,116,,
E02003163,Torbay 010,108,85,77,96,134,155,143,162,159,221,282,325,327,408,342,272,225,335,,
E02003164,Torbay 011,226,234,186,214,152,159,183,238,248,290,354,328,355,363,361,279,202,285,,
E02003165,Torbay 012,204,230,205,183,146,155,190,208,213,297,302,229,219,259,211,163,118,172,,
E02003166,Torbay 013,416,398,400,351,277,296,394,347,347,424,447,384,375,354,311,207,142,118,,
E02003167,Torbay 014,229,202,173,196,247,261,265,193,236,313,353,350,298,317,303,290,254,376,,
E02003168,Torbay 015,133,178,187,180,132,158,150,142,182,245,294,303,276,306,332,204,193,151,,
E02003169,Torbay 016,84,122,135,146,79,84,83,116,165,206,221,299,283,385,377,249,191,232,,
E02003170,Torbay 017,175,201,193,186,182,169,154,179,224,303,369,390,414,468,513,301,252,256,,
E02003171,Torbay 018,181,173,184,189,113,171,169,165,182,266,294,310,273,310,293,227,173,218,,
E02004129,East Devon 001,102,131,155,121,96,100,83,119,153,187,243,259,213,258,265,146,112,123,,
E02004130,East Devon 002,161,124,117,135,169,151,152,123,171,193,211,184,194,244,234,217,164,196,,
E02004131,East Devon 003,122,150,116,116,123,147,159,156,172,196,216,208,182,183,167,136,127,136,,
E02004132,East Devon 004,196,262,222,205,123,118,186,247,259,342,328,381,352,327,311,191,130,170,,
E02004133,East Devon 005,222,197,241,211,205,222,248,217,236,296,320,291,353,369,382,284,189,242,,
E02004134,East Devon 006,534,428,355,241,231,478,527,457,398,410,396,356,280,258,236,153,140,141,,
E02004135,East Devon 007,103,216,214,190,103,101,142,152,167,282,354,355,369,406,433,266,202,267,,
E02004136,East Devon 008,184,237,309,236,121,121,156,195,257,349,345,310,288,322,328,249,197,197,,
E02004137,East Devon 009,86,125,119,101,65,83,78,86,117,182,213,238,239,296,271,170,143,155,,
E02004138,East Devon 010,98,147,120,139,104,91,104,122,177,218,239,259,300,404,432,336,254,375,,
E02004139,East Devon 011,142,144,170,169,106,147,129,155,159,237,293,219,262,308,340,252,198,249,,
E02004140,East Devon 012,45,62,84,96,60,84,45,79,96,121,143,209,226,284,269,241,282,406,,
E02004141,East Devon 013,111,176,153,217,94,98,121,139,156,217,265,225,250,230,238,167,111,139,,
E02004142,East Devon 014,116,143,127,132,71,86,122,179,145,180,201,210,202,231,244,135,108,118,,
E02004143,East Devon 015,153,170,156,148,112,135,151,187,161,240,264,227,238,255,269,194,120,134,,
E02004144,East Devon 016,152,211,167,168,99,136,157,176,229,272,225,212,284,302,275,188,174,181,,
E02004145,East Devon 017,96,108,138,91,69,71,77,108,155,185,203,205,262,330,363,246,226,297,,
E02004146,East Devon 018,217,233,167,240,149,179,225,257,215,307,340,259,259,253,219,167,119,126,,
E02004147,East Devon 019,208,224,146,159,270,281,261,215,237,260,256,251,235,199,148,137,102,118,,
E02004148,East Devon 020,140,141,177,146,100,131,147,132,159,208,248,264,283,334,353,271,256,499,,
E02004149,Exeter 001,136,138,117,1455,1408,282,173,174,145,171,229,208,228,243,208,135,97,181,,
E02004150,Exeter 002,215,227,168,183,567,281,244,207,180,212,227,184,174,136,123,75,56,76,,
E02004151,Exeter 003,262,281,240,249,220,314,287,228,275,315,333,250,230,247,214,193,170,236,,
E02004152,Exeter 004,97,110,78,296,2385,354,175,168,119,130,116,133,132,92,107,71,84,183,,
E02004153,Exeter 005,257,249,191,208,210,378,282,304,260,251,270,215,190,171,158,112,60,39,,
E02004154,Exeter 006,230,186,168,283,772,475,321,274,224,236,216,179,131,120,131,97,83,129,,
E02004155,Exeter 007,230,212,192,178,213,330,243,209,215,244,260,255,225,232,187,157,131,193,,
E02004156,Exeter 008,199,129,82,521,1280,720,450,298,203,196,221,179,185,194,143,99,83,160,,
E02004157,Exeter 009,168,174,127,234,190,376,244,245,196,206,222,195,168,166,151,101,94,209,,
E02004158,Exeter 010,213,259,200,169,241,392,373,308,264,282,287,262,165,157,171,104,101,137,,
E02004159,Exeter 011,341,403,325,281,285,582,423,422,410,402,410,334,295,320,294,174,118,115,,
E02004160,Exeter 012,179,247,184,160,160,214,202,230,222,236,261,238,205,227,223,171,164,201,,
E02004161,Exeter 013,239,274,245,234,237,356,331,241,271,298,282,258,223,172,141,148,125,136,,
E02004162,Exeter 014,202,183,164,132,235,373,236,270,203,235,264,219,204,195,180,174,99,171,,
E02004163,Exeter 015,158,260,231,189,125,227,183,232,220,260,221,224,247,307,291,219,180,257,,
E02004164,Mid Devon 001,134,162,190,200,100,146,139,150,192,264,314,276,283,279,262,162,143,153,,
E02004165,Mid Devon 002,203,202,216,208,171,203,260,215,241,283,323,272,284,298,317,256,158,198,,
E02004166,Mid Devon 003,164,185,206,171,102,118,162,177,199,269,282,287,233,244,205,145,98,133,,
E02004167,Mid Devon 004,220,276,268,275,213,243,226,219,209,267,273,190,200,183,174,137,103,95,,
E02004168,Mid Devon 005,174,202,161,157,174,212,222,172,166,220,203,214,187,213,156,122,108,118,,
E02004169,Mid Devon 006,162,221,227,194,131,124,160,207,243,294,298,302,238,250,220,150,109,147,,
E02004170,Mid Devon 007,283,261,222,201,229,294,323,276,269,295,317,292,255,255,203,154,128,154,,
E02004171,Mid Devon 008,184,226,232,219,146,173,196,257,228,300,335,281,292,290,250,162,138,150,,
E02004172,Mid Devon 009,124,198,171,159,107,132,120,161,164,258,271,279,239,258,218,129,92,114,,
E02004173,Mid Devon 010,153,210,230,184,143,156,166,165,206,280,304,329,295,283,227,158,113,116,,
E02004174,Mid Devon 011,207,222,229,179,199,240,227,210,216,292,291,236,225,254,225,198,112,236,,
E02004175,North Devon 001,117,158,150,142,142,140,130,149,149,181,196,201,231,190,165,100,83,99,,
E02004176,North Devon 002,78,142,120,123,77,107,105,103,121,196,254,253,237,270,243,151,100,138,,
E02004177,North Devon 003,159,153,158,152,159,164,147,147,167,195,228,207,235,207,202,124,88,129,,
E02004178,North Devon 004,135,149,158,124,99,87,92,170,174,191,231,204,194,227,194,121,99,106,,
E02004179,North Devon 005,241,265,248,189,163,208,261,272,276,326,297,274,240,301,321,251,183,237,,
E02004180,North Devon 006,112,156,209,153,113,98,110,136,186,237,245,241,261,217,204,139,94,108,,
E02004181,North Devon 007,129,173,163,143,126,169,180,159,174,223,231,188,176,194,182,124,144,126,,
E02004182,North Devon 008,205,195,160,146,187,215,229,175,137,242,176,187,181,154,181,129,107,152,,
E02004183,North Devon 009,160,151,146,112,174,169,140,151,143,202,210,205,163,227,242,167,135,193,,
E02004184,North Devon 010,293,309,288,287,241,334,269,293,290,339,333,332,233,220,185,153,88,136,,
E02004185,North Devon 011,141,120,147,136,99,162,129,126,143,179,234,263,201,246,313,196,167,203,,
E02004186,North Devon 012,253,265,220,227,182,230,235,299,233,278,365,311,277,269,305,224,141,123,,
E02004187,North Devon 013,214,253,237,226,194,238,225,251,283,332,407,367,337,348,337,196,160,237,,
E02004188,North Devon 014,102,128,185,156,115,109,116,130,158,236,310,302,268,290,305,193,128,147,,
E02004189,South Hams 001,137,178,154,153,105,198,164,180,178,228,266,231,211,192,175,81,97,58,,
E02004190,South Hams 002,141,212,243,214,126,133,169,178,225,317,363,385,327,352,276,202,137,178,,
E02004191,South Hams 003,161,219,226,235,137,190,194,273,288,319,399,373,325,331,322,211,155,196,,
E02004192,South Hams 004,118,156,194,168,97,78,122,176,185,264,378,353,321,371,340,192,159,138,,
E02004193,South Hams 005,301,355,354,339,270,307,298,314,368,466,526,460,383,373,327,234,167,223,,
E02004194,South Hams 006,179,197,183,148,102,127,200,202,179,272,305,284,310,284,250,135,111,139,,
E02004195,South Hams 007,127,109,100,143,76,106,124,105,123,176,193,233,250,223,237,152,110,156,,
E02004196,South Hams 008,171,198,215,161,100,114,139,214,189,277,339,305,312,333,321,187,123,138,,
E02004197,South Hams 009,115,147,146,147,69,77,106,194,160,207,251,255,286,320,328,208,181,151,,
E02004198,South Hams 010,145,187,180,163,124,143,160,155,200,215,248,242,233,236,258,155,160,189,,
E02004199,South Hams 011,92,118,133,88,76,86,81,111,106,175,226,247,225,314,287,216,159,134,,
E02004200,South Hams 012,75,83,116,111,77,86,135,88,95,161,180,223,243,262,261,177,147,136,,
E02004201,Teignbridge 001,115,116,119,109,101,71,111,138,158,172,214,249,212,253,223,161,93,146,,
E02004202,Teignbridge 002,238,229,245,195,158,233,278,248,271,322,345,317,272,307,252,168,141,190,,
E02004203,Teignbridge 003,100,125,155,137,82,74,103,164,151,212,286,276,267,284,206,163,115,170,,
E02004204,Teignbridge 004,208,282,253,225,150,217,245,248,299,369,386,363,364,337,355,243,215,194,,
E02004205,Teignbridge 005,187,216,223,198,162,215,215,206,231,268,331,301,324,320,299,179,149,145,,
E02004206,Teignbridge 006,139,143,129,132,125,154,123,126,164,174,257,235,297,309,332,239,190,255,,
E02004207,Teignbridge 007,142,140,192,145,134,149,142,162,175,233,245,251,208,232,252,155,120,147,,
E02004208,Teignbridge 008,168,202,210,204,128,187,184,210,233,303,316,326,344,406,366,208,167,184,,
E02004209,Teignbridge 009,223,262,217,219,193,262,249,246,267,318,366,315,252,293,279,197,149,199,,
E02004210,Teignbridge 010,159,158,130,136,181,219,170,178,182,245,273,258,268,222,212,162,143,281,,
E02004211,Teignbridge 011,94,147,145,101,72,93,103,141,155,217,250,293,331,389,300,200,159,245,,
E02004212,Teignbridge 012,162,186,158,128,183,165,191,159,208,241,255,203,205,201,203,116,87,82,,
E02004213,Teignbridge 013,272,207,167,138,122,260,260,243,191,267,243,232,238,188,159,107,80,168,,
E02004214,Teignbridge 014,204,190,141,136,178,279,237,163,177,196,246,212,145,171,161,100,81,124,,
E02004215,Teignbridge 015,124,154,154,183,137,182,172,147,164,222,233,195,177,195,169,112,113,211,,
E02004216,Teignbridge 016,99,142,132,138,114,153,141,118,146,200,237,213,206,226,207,148,125,106,,
E02004217,Teignbridge 017,190,226,226,202,156,204,215,197,249,317,370,288,300,299,286,170,131,152,,
E02004218,Teignbridge 018,127,130,125,142,122,153,126,141,149,220,264,273,234,264,208,157,125,112,,
E02004219,Teignbridge 019,116,117,139,166,101,93,99,126,156,203,235,257,229,215,236,169,126,158,,
E02004220,Torridge 001,126,120,114,117,84,124,142,175,176,179,251,265,253,282,294,225,150,143,,
E02004221,Torridge 002,112,106,128,100,80,103,107,123,141,189,198,229,302,358,354,217,184,249,,
E02004222,Torridge 003,160,172,126,163,126,170,147,155,165,229,261,225,191,197,179,105,95,119,,
E02004223,Torridge 004,396,481,354,348,321,475,413,398,400,432,449,438,375,386,341,189,163,142,,
E02004224,Torridge 005,107,158,163,150,108,109,128,130,181,222,298,253,268,307,256,146,112,163,,
E02004225,Torridge 006,171,178,167,141,149,179,150,152,163,229,194,213,181,228,168,151,107,135,,
E02004226,Torridge 007,120,189,141,147,105,147,126,159,191,240,284,339,379,335,291,191,138,136,,
E02004227,Torridge 008,237,224,277,256,206,216,205,240,245,357,392,425,380,421,339,233,161,186,,
E02004228,Torridge 009,123,167,203,197,117,96,153,158,176,240,294,369,308,319,254,185,141,121,,
E02004229,West Devon 001,263,266,190,203,196,259,250,265,264,328,356,364,319,335,314,203,139,189,,
E02004230,West Devon 002,175,208,214,177,155,192,188,222,226,271,266,236,234,250,233,168,169,193,,
E02004231,West Devon 003,158,163,163,98,104,137,156,174,193,217,313,279,257,270,265,169,106,102,,
E02004232,West Devon 004,131,167,185,181,99,118,117,139,181,263,324,304,284,286,258,155,111,146,,
E02004233,West Devon 005,265,345,352,344,256,277,313,293,306,452,466,507,432,536,459,356,260,332,,
E02004234,West Devon 006,100,159,131,149,109,77,91,135,149,215,260,317,294,273,272,150,125,156,,
E02004235,West Devon 007,134,140,156,168,76,111,140,146,148,249,289,273,261,331,259,163,144,169,,
E02006840,Torbay 019,343,365,339,273,240,280,275,336,314,400,416,413,378,388,363,263,184,202,,
TOWN01,Ashburton-Buckfastleigh,190,226,226,202,156,204,215,197,249,317,370,288,300,299,286,170,131,152,,
TOWN02,Axminster,292,382,431,353,283,287,344,362,369,506,597,593,653,707,695,468,309,404,,
TOWN03,Barnstaple,1264,1354,1310,1180,1102,1350,1267,1306,1280,1646,1722,1664,1435,1452,1536,1083,847,1010,,
TOWN04,Bideford-Northam,930,1052,908,902,739,1008,962,1014,1089,1305,1529,1473,1446,1605,1500,931,733,847,,
TOWN05,Braunton,312,357,342,255,218,262,316,364,378,434,441,395,357,429,444,322,248,315,,
TOWN06,Crediton,484,630,630,522,449,528,513,536,586,830,866,844,759,795,670,485,317,466,,
TOWN07,Cullompton,685,756,690,607,491,613,740,737,759,885,995,924,764,817,673,470,369,436,,
TOWN08,Dartmouth,195,206,221,242,144,171,203,242,216,332,441,503,483,504,497,309,234,257,,
TOWN09,Dawlish,352,385,396,366,301,405,378,362,445,473,638,607,672,688,681,455,370,441,,
TOWN10,Exeter (Wider),3870,4014,3317,5225,8918,6354,4930,4551,4129,4469,4655,4115,3680,3716,3412,2479,2002,2877,,
TOWN11,Exmouth,1100,1289,1122,1184,908,1037,1169,1286,1331,1708,1811,1669,1825,1918,1868,1383,1122,1503,,
TOWN12,Great Torrington,245,301,250,247,230,286,241,249,280,409,409,456,442,464,372,274,202,237,,
TOWN13,Holsworthy,360,391,480,453,323,312,358,398,421,597,686,794,688,740,593,418,302,307,,
TOWN14,Honiton,402,422,419,398,411,435,417,416,528,642,716,697,626,731,724,545,432,478,,
TOWN15,Ilfracombe,403,484,460,445,397,403,387,446,470,605,690,658,697,687,611,387,274,340,,
TOWN16,Ivybridge,778,955,957,889,585,753,772,972,985,1308,1524,1420,1312,1341,1252,776,612,601,,
TOWN17,Kingsbridge,381,445,462,396,300,346,433,390,427,598,675,730,708,775,791,533,434,450,,
TOWN18,Lynton-Lynmouth,15,26,32,30,25,41,32,31,39,50,75,86,83,79,70,38,31,54,,
TOWN19,Moretonhampstead,69,103,116,117,68,59,78,133,114,174,205,182,191,200,149,115,81,103,,
TOWN20,Newton Abbot,1785,1924,1815,1719,1505,2006,1963,1881,2084,2642,2972,2798,2500,2608,2423,1640,1308,1644,,
TOWN21,Okehampton,650,745,667,602,511,648,650,753,818,964,1087,1066,1001,1037,975,665,492,581,,
TOWN22,Ottery St Mary,461,521,535,462,290,276,425,478,524,720,683,661,621,619,608,406,324,351,,
TOWN23,Seaton,183,275,231,237,169,166,196,204,300,378,448,459,513,632,694,491,397,558,,
TOWN24,Sidmouth,265,305,354,385,216,294,254,293,345,521,612,608,686,822,843,635,596,788,,
TOWN25,South Molton,277,334,350,323,262,315,299,324,383,482,610,579,504,551,529,322,247,332,,
TOWN26,Tavistock,622,769,782,759,508,563,640,683,723,1091,1256,1310,1198,1343,1172,767,605,740,,
TOWN27,Teignmouth,377,442,414,389,357,433,404,469,488,667,719,761,825,887,783,507,425,646,,
TOWN28,Tiverton,913,1071,1153,1107,837,953,1018,1033,1092,1431,1505,1354,1363,1338,1265,921,668,780,,
TOWN29,Totnes,408,553,604,543,330,375,484,586,668,839,1034,938,923,971,842,532,426,528,,
DIV1,Alphington & Cowick ED,371,443,368,312,365,561,448,515,454,481,534,459,391,446,408,343,264,367,,
DIV2,Ashburton & Buckfastleigh ED,326,333,337,310,242,312,336,317,388,481,563,472,471,435,408,262,178,230,,
DIV3,Axminster ED,263,305,338,303,252,255,308,297,310,434,494,453,540,557,555,384,268,341,,
DIV4,Barnstaple North ED,386,414,359,317,378,460,476,376,344,522,467,427,380,394,419,289,280,344,,
DIV5,Barnstaple South ED,401,414,398,371,350,427,342,402,400,484,483,485,373,401,371,284,194,263,,
DIV6,Bickleigh & Wembury ED,239,314,294,298,175,272,276,361,327,432,493,462,462,455,457,251,244,173,,
DIV7,Bideford East ED,391,481,338,375,312,418,402,390,407,496,574,522,500,483,455,217,216,199,,
DIV8,Bideford West & Hartland ED,272,330,305,286,243,336,286,293,339,387,434,394,334,407,321,223,154,225,,
DIV9,Bovey Rural ED,248,266,320,260,202,232,242,302,333,443,511,504,460,494,471,358,289,336,,
DIV10,Braunton Rural ED,312,357,342,255,218,262,316,364,378,434,441,395,357,429,444,322,248,315,,
DIV11,Broadclyst ED,583,490,407,284,257,524,573,530,468,489,486,452,372,384,369,215,190,200,,
DIV12,Chudleigh & Teign Valley ED,270,339,343,296,221,249,301,341,365,442,509,524,494,503,455,308,216,239,,
DIV13,Chulmleigh & Landkey ED,228,273,268,257,203,240,208,246,279,379,462,409,405,388,403,228,177,183,,
DIV14,Combe Martin Rural ED,207,305,329,282,200,202,213,284,309,444,508,497,501,526,457,299,190,236,,
DIV15,Crediton ED,358,388,385,334,298,375,355,351,356,517,515,475,395,466,384,290,187,294,,
DIV16,"Creedy, Taw & Mid Exe ED",245,370,414,333,235,255,269,345,379,544,562,572,577,516,475,326,232,283,,
DIV17,Cullompton & Bradninch ED,381,416,355,324,311,399,444,412,411,448,523,434,394,409,318,224,191,216,,
DIV18,Dartmouth & Marldon ED,245,265,294,311,173,184,246,281,308,440,571,586,571,594,577,344,269,294,,
DIV19,Dawlish ED,326,359,352,330,287,369,338,332,395,442,588,536,621,629,631,418,339,400,,
DIV20,Duryard & Pennsylvania ED,205,225,176,1541,1835,380,250,260,237,245,306,276,303,295,272,177,134,237,,
DIV21,Exminster & Haldon ED,285,287,301,255,202,263,336,317,356,423,456,428,369,416,362,224,179,272,,
DIV22,Exmouth & Budleigh Salterton Coastal ED,236,249,315,237,169,202,224,240,314,393,451,469,545,664,716,517,482,796,,
DIV23,Exmouth ED,833,981,755,846,694,796,905,988,960,1253,1273,1114,1185,1161,1087,809,606,653,,
DIV24,Exwick & St Thomas ED,434,473,351,341,395,660,569,523,459,479,495,424,338,283,291,193,140,144,,
DIV25,Feniton & Honiton ED,373,388,309,326,344,331,392,390,448,545,561,544,523,564,528,434,345,420,,
DIV26,Fremington Rural ED,282,272,256,260,203,291,272,294,272,322,431,422,326,397,464,335,249,266,,
DIV27,Hatherleigh & Chagford ED,359,387,319,280,280,359,362,397,412,485,596,571,514,538,539,339,234,276,,
DIV28,Heavitree & Whipton Barton ED,407,371,330,452,450,694,518,416,397,444,479,424,385,361,322,285,232,347,,
DIV29,Holsworthy Rural ED,360,391,480,453,323,312,358,398,421,597,686,794,688,740,593,418,302,307,,
DIV30,Ilfracombe ED,276,311,308,294,301,304,277,296,316,376,424,408,466,397,367,224,171,228,,
DIV31,Ipplepen & The Kerswells ED,249,267,284,283,222,245,234,289,307,443,508,575,522,567,529,363,300,336,,
DIV32,Ivybridge ED,301,355,354,339,270,307,298,314,368,466,526,460,383,373,327,234,167,223,,
DIV33,Kingsbridge ED,237,305,313,251,200,229,241,266,306,390,474,489,458,550,545,371,319,323,,
DIV34,Kingsteignton & Teign Estuary ED,324,399,339,329,249,381,356,387,400,522,574,549,516,604,492,348,273,389,,
DIV35,Newton Abbot North ED,427,413,337,299,381,514,503,382,407,495,516,448,397,384,361,225,183,285,,
DIV36,Newton Abbot South ED,285,349,307,332,284,392,364,306,360,460,538,437,411,451,418,278,242,317,,
DIV37,Northam ED,238,226,242,217,164,227,249,298,317,368,449,494,555,640,648,442,334,392,,
DIV38,Okehampton Rural ED,306,375,399,358,254,310,305,361,407,534,590,540,518,536,491,323,280,339,,
DIV39,Otter Valley ED,259,351,418,411,196,194,242,287,370,493,533,484,479,505,501,366,275,301,,
DIV40,Pinhoe & Mincinglake ED,409,434,358,352,349,508,441,382,382,462,495,381,350,340,292,236,203,275,,
DIV41,Salcombe ED,237,259,287,253,168,225,294,248,227,396,466,511,488,521,490,322,255,242,,
DIV42,Seaton & Colyton ED,201,303,261,267,193,197,209,228,330,418,505,534,568,699,761,542,421,575,,
DIV43,Sidmouth ED,221,250,297,311,186,260,208,259,289,439,511,520,590,732,735,575,552,738,,
DIV44,South Brent & Yealmpton ED,253,336,369,297,180,173,237,323,348,468,552,534,529,562,500,346,226,287,,
DIV45,South Molton ED,247,271,329,280,218,244,264,299,336,396,501,492,426,428,454,287,208,299,,
DIV46,St David's & Haven Banks ED,289,208,148,581,988,949,591,460,263,287,346,264,270,246,215,156,127,305,,
DIV47,St Sidwells & St James ED,290,269,215,510,3553,770,501,385,343,350,297,317,247,221,214,136,145,269,,
DIV48,Tavistock ED,265,345,352,344,256,277,313,293,306,452,466,507,432,536,459,356,260,332,,
DIV49,Teignmouth ED,327,360,340,340,309,406,354,388,415,548,589,584,612,628,578,370,310,465,,
DIV50,Tiverton East ED,348,476,498,485,366,398,399,404,444,553,561,445,422,405,418,315,187,218,,
DIV51,Tiverton West ED,354,346,314,324,270,343,415,336,332,433,493,481,504,515,446,337,292,333,,
DIV52,Torrington Rural ED,291,367,308,288,254,326,276,311,354,469,478,552,560,563,459,342,245,271,,
DIV53,Totnes & Dartington ED,250,325,333,321,193,255,300,397,412,485,592,549,535,536,486,282,226,294,,
DIV54,Wearside & Topsham ED,358,459,357,359,256,519,357,426,401,438,392,385,375,454,411,290,234,321,,
DIV55,Whimple & Blackdown ED,219,312,353,276,179,201,209,282,330,418,489,552,469,527,525,304,215,245,,
DIV56,Willand & Uffculme ED,322,369,386,347,235,271,319,361,411,527,557,551,439,496,416,281,213,270,,
DIV57,Wonford & St Loyes ED,363,450,409,324,337,613,492,443,471,488,475,403,343,333,297,214,166,158,,
DIV58,Yelverton Rural ED,296,341,321,338,205,225,275,323,342,524,622,662,617,671,571,346,280,340,,
CHSCTAXE,"Axe Valley, Seaton and Sidmouth CHSCT",740,962,1016,975,668,747,794,859,1014,1405,1657,1660,1852,2161,2232,1594,1302,1750,,
CHSCTBARNSTAPLE,Barnstaple CHSCT,1011,1097,1077,944,919,1086,1020,1045,1034,1378,1363,1305,1166,1130,1148,797,627,775,,
CHSCTBIDEFORD,Bideford and Northam CHSCT,1144,1247,1039,1063,871,1215,1150,1201,1228,1452,1743,1719,1597,1776,1778,1137,899,1023,,
CHSCTBRAUNTON,Braunton and Ilfracombe CHSCT,730,867,834,730,640,706,735,841,887,1089,1206,1139,1137,1195,1125,747,553,709,,
CHSCTCREDITON,Crediton CHSCT,490,607,618,495,442,532,517,547,593,781,855,834,740,796,676,519,328,463,,
CHSCTCULLOMPTON,Cullompton CHSCT,850,946,884,775,604,748,879,941,975,1173,1303,1223,1042,1078,921,642,527,601,,
CHSCTDAWLISH,Dawlish and Teignmouth CHSCT,713,787,764,724,634,808,743,802,885,1100,1317,1276,1416,1461,1380,904,742,984,,
CHSCTEXETERCHALL,Exeter - County Hall CHSCT,2115,2212,1895,1592,1692,2879,2515,2501,2280,2446,2510,2255,1964,2071,1952,1373,1069,1421,,
CHSCTEXETERSYCAMORE,Exeter - Sycamores CHSCT,1800,1778,1430,3647,7246,3495,2497,2073,1821,1999,2072,1798,1654,1583,1388,1016,862,1397,,
CHSCTEXMOUTH,Exmouth and Budleigh CHSCT,1100,1289,1122,1184,908,1037,1169,1286,1331,1708,1811,1669,1825,1918,1868,1383,1122,1503,,
CHSCTHONITON,Honiton and Ottery St Mary CHSCT,730,843,859,788,622,631,706,786,960,1242,1301,1267,1168,1274,1270,918,729,800,,
CHSCTIVYBRIDGE,Ivybridge CHSCT,773,956,966,877,605,667,777,958,972,1318,1537,1442,1359,1423,1295,814,631,689,,
CHSCTKINGSBRIDGE,Kingsbridge CHSCT,381,445,462,396,300,346,433,390,427,598,675,730,708,775,791,533,434,450,,
CHSCTNABBOT,Newton Abbot CHSCT,1405,1538,1357,1347,1217,1645,1599,1461,1596,2078,2285,2141,1927,2065,1868,1253,1015,1328,,
CHSCTOKE,Okehampton CHSCT,694,766,707,654,542,637,688,817,817,1048,1196,1143,1056,1139,991,688,500,623,,
CHSCTSMOLTON,South Molton and Chulmleigh CHSCT,347,449,451,397,315,379,356,417,494,600,749,734,684,726,679,437,323,404,,
CHSCTTAVISTOCK,Tavistock CHSCT,701,902,914,899,599,727,747,827,876,1273,1462,1511,1362,1478,1326,835,690,792,,
CHSCTTEIGN,Teign Valley and South Dartmoor CHSCT,598,714,790,667,489,623,649,656,829,1033,1198,1107,1050,1051,1020,681,515,603,,
CHSCTTIVERTON,Tiverton CHSCT,869,1050,1091,1054,805,923,985,945,1062,1363,1449,1302,1301,1276,1191,868,626,734,,
CHSCTTORRINGTON,Torrington and Holsworthy CHSCT,644,754,832,775,604,655,658,721,808,1127,1240,1363,1248,1355,1075,772,558,603,,
CHSCTTOTNES,Totnes and Dartmouth CHSCT,433,508,566,556,311,397,471,622,631,812,1042,1014,999,1024,984,616,486,574,,
Eastern,Eastern LCP,9289,10393,9535,11082,13476,11577,10665,10652,10759,13022,13983,12997,12443,13159,12371,8909,7023,9242,,
Northern,Northern LCP,3891,4412,4262,3935,3367,4049,3939,4251,4472,5674,6338,6291,5871,6193,5855,3910,2968,3528,,
Southern,Southern LCP,6848,7319,6914,6724,5782,6988,7050,7193,7747,9963,11294,10857,10408,11014,10353,7066,5605,6900,,
Western,Western LCP,9217,9942,8837,9856,12748,10312,10662,9855,9380,11791,12383,11588,10277,10500,9666,6724,5406,5851,,
