Area,2011,2012,2013,2014,2015,2016,2017,2018
E92000001,,,,,,,,
E12000009,,,,,,,,
E01015023,,,,,,,,
E01015024,,,,,,,,
E01015025,,,,,,,,
E01015026,,,,,,,,
E01015027,,,,,,,,
E01015028,,,,,,,,
E01015029,,,,,,,,
E01015030,,,,,,,,
E01015031,,,,,,,,
E01015032,,,,,,,,
E01015033,,,,,,,,
E01015034,,,,,,,,
E01015035,,,,,,,,
E01015036,,,,,,,,
E01015037,,,,,,,,
E01015038,,,,,,,,
E01015039,,,,,,,,
E01015040,,,,,,,,
E01015041,,,,,,,,
E01015042,,,,,,,,
E01015043,,,,,,,,
E01015044,,,,,,,,
E01015045,,,,,,,,
E01015046,,,,,,,,
E01015047,,,,,,,,
E01015048,,,,,,,,
E01015049,,,,,,,,
E01015050,,,,,,,,
E01015051,,,,,,,,
E01015052,,,,,,,,
E01015053,,,,,,,,
E01015054,,,,,,,,
E01015055,,,,,,,,
E01015056,,,,,,,,
E01015057,,,,,,,,
E01015058,,,,,,,,
E01015059,,,,,,,,
E01015060,,,,,,,,
E01015061,,,,,,,,
E01015062,,,,,,,,
E01015063,,,,,,,,
E01015064,,,,,,,,
E01015065,,,,,,,,
E01015066,,,,,,,,
E01015067,,,,,,,,
E01015068,,,,,,,,
E01015069,,,,,,,,
E01015070,,,,,,,,
E01015071,,,,,,,,
E01015072,,,,,,,,
E01015073,,,,,,,,
E01015074,,,,,,,,
E01015075,,,,,,,,
E01015076,,,,,,,,
E01015077,,,,,,,,
E01015078,,,,,,,,
E01015079,,,,,,,,
E01015080,,,,,,,,
E01015081,,,,,,,,
E01015082,,,,,,,,
E01015083,,,,,,,,
E01015084,,,,,,,,
E01015085,,,,,,,,
E01015086,,,,,,,,
E01015087,,,,,,,,
E01015088,,,,,,,,
E01015089,,,,,,,,
E01015090,,,,,,,,
E01015091,,,,,,,,
E01015092,,,,,,,,
E01015093,,,,,,,,
E01015094,,,,,,,,
E01015095,,,,,,,,
E01015096,,,,,,,,
E01015097,,,,,,,,
E01015098,,,,,,,,
E01015099,,,,,,,,
E01015100,,,,,,,,
E01015101,,,,,,,,
E01015102,,,,,,,,
E01015103,,,,,,,,
E01015104,,,,,,,,
E01015105,,,,,,,,
E01015106,,,,,,,,
E01015107,,,,,,,,
E01015108,,,,,,,,
E01015109,,,,,,,,
E01015110,,,,,,,,
E01015111,,,,,,,,
E01015112,,,,,,,,
E01015113,,,,,,,,
E01015114,,,,,,,,
E01015115,,,,,,,,
E01015116,,,,,,,,
E01015117,,,,,,,,
E01015118,,,,,,,,
E01015119,,,,,,,,
E01015120,,,,,,,,
E01015121,,,,,,,,
E01015122,,,,,,,,
E01015123,,,,,,,,
E01015124,,,,,,,,
E01015125,,,,,,,,
E01015126,,,,,,,,
E01015127,,,,,,,,
E01015128,,,,,,,,
E01015129,,,,,,,,
E01015130,,,,,,,,
E01015131,,,,,,,,
E01015132,,,,,,,,
E01015133,,,,,,,,
E01015134,,,,,,,,
E01015135,,,,,,,,
E01015136,,,,,,,,
E01015137,,,,,,,,
E01015138,,,,,,,,
E01015139,,,,,,,,
E01015140,,,,,,,,
E01015141,,,,,,,,
E01015142,,,,,,,,
E01015143,,,,,,,,
E01015144,,,,,,,,
E01015145,,,,,,,,
E01015146,,,,,,,,
E01015147,,,,,,,,
E01015148,,,,,,,,
E01015149,,,,,,,,
E01015150,,,,,,,,
E01015151,,,,,,,,
E01015152,,,,,,,,
E01015153,,,,,,,,
E01015155,,,,,,,,
E01015156,,,,,,,,
E01015157,,,,,,,,
E01015158,,,,,,,,
E01015159,,,,,,,,
E01015160,,,,,,,,
E01015161,,,,,,,,
E01015162,,,,,,,,
E01015163,,,,,,,,
E01015164,,,,,,,,
E01015165,,,,,,,,
E01015166,,,,,,,,
E01015167,,,,,,,,
E01015168,,,,,,,,
E01015169,,,,,,,,
E01015170,,,,,,,,
E01015171,,,,,,,,
E01015172,,,,,,,,
E01015173,,,,,,,,
E01015174,,,,,,,,
E01015175,,,,,,,,
E01015176,,,,,,,,
E01015177,,,,,,,,
E01015178,,,,,,,,
E01015179,,,,,,,,
E01015180,,,,,,,,
E01015181,,,,,,,,
E01015182,,,,,,,,
E01015183,,,,,,,,
E01015184,,,,,,,,
E01015185,,,,,,,,
E01015186,,,,,,,,
E01015187,,,,,,,,
E01015188,,,,,,,,
E01015189,,,,,,,,
E01015190,,,,,,,,
E01015191,,,,,,,,
E01015192,,,,,,,,
E01015193,,,,,,,,
E01015194,,,,,,,,
E01015195,,,,,,,,
E01015196,,,,,,,,
E01015197,,,,,,,,
E01015198,,,,,,,,
E01015199,,,,,,,,
E01015200,,,,,,,,
E01015201,,,,,,,,
E01015202,,,,,,,,
E01015203,,,,,,,,
E01015204,,,,,,,,
E01015205,,,,,,,,
E01015206,,,,,,,,
E01015207,,,,,,,,
E01015208,,,,,,,,
E01015209,,,,,,,,
E01015210,,,,,,,,
E01015211,,,,,,,,
E01015212,,,,,,,,
E01015213,,,,,,,,
E01015214,,,,,,,,
E01015215,,,,,,,,
E01015216,,,,,,,,
E01015217,,,,,,,,
E01015218,,,,,,,,
E01015219,,,,,,,,
E01015220,,,,,,,,
E01015221,,,,,,,,
E01015222,,,,,,,,
E01015223,,,,,,,,
E01015224,,,,,,,,
E01015225,,,,,,,,
E01015226,,,,,,,,
E01015227,,,,,,,,
E01015228,,,,,,,,
E01015229,,,,,,,,
E01015230,,,,,,,,
E01015231,,,,,,,,
E01015232,,,,,,,,
E01015233,,,,,,,,
E01015234,,,,,,,,
E01015235,,,,,,,,
E01015236,,,,,,,,
E01015237,,,,,,,,
E01015238,,,,,,,,
E01015239,,,,,,,,
E01015240,,,,,,,,
E01015241,,,,,,,,
E01015242,,,,,,,,
E01015243,,,,,,,,
E01015244,,,,,,,,
E01015245,,,,,,,,
E01015246,,,,,,,,
E01015247,,,,,,,,
E01015248,,,,,,,,
E01015249,,,,,,,,
E01015250,,,,,,,,
E01015251,,,,,,,,
E01015252,,,,,,,,
E01015253,,,,,,,,
E01015254,,,,,,,,
E01015255,,,,,,,,
E01015256,,,,,,,,
E01015257,,,,,,,,
E01015258,,,,,,,,
E01015259,,,,,,,,
E01015260,,,,,,,,
E01015261,,,,,,,,
E01015262,,,,,,,,
E01015263,,,,,,,,
E01015264,,,,,,,,
E01015265,,,,,,,,
E01015266,,,,,,,,
E01015267,,,,,,,,
E01015268,,,,,,,,
E01015269,,,,,,,,
E01015270,,,,,,,,
E01015271,,,,,,,,
E01019886,0.237288136,0.262626263,0.210702341,0.204946996,0.214545455,0.2,0.194202899,0.159779614
E01019887,0.286516854,0.329608939,0.263736264,0.258241758,0.261780105,0.257142857,0.230392157,0.237864078
E01019888,0.123966942,0.18018018,0.18852459,0.1875,0.146788991,0.118181818,0.244444444,0.193181818
E01019889,0.146496815,0.189873418,0.125,0.14,0.135802469,0.146666667,0.106508876,0.117283951
E01019890,0.197916667,0.152173913,0.12565445,0.112244898,0.119170984,0.109452736,0.132352941,0.172413793
E01019891,0.247524752,0.264705882,0.214953271,0.205357143,0.202643172,0.171806167,0.181818182,0.156
E01019892,0.244343891,0.201793722,0.207746479,0.21703854,0.219548872,0.25814234,0.308349146,0.252542373
E01019893,0.203448276,0.247457627,0.243333333,0.239482201,0.241573034,0.233050847,0.202672606,0.162835249
E01019894,0.175925926,0.184466019,0.207920792,0.244897959,0.226804124,0.182692308,0.192307692,0.181818182
E01019895,0.125874126,0.131034483,0.154411765,0.135135135,0.167785235,0.176056338,0.178807947,0.185897436
E01019896,0.1328125,0.153846154,0.235772358,0.233333333,0.221311475,0.196261682,0.259615385,0.212389381
E01019897,0.157303371,0.172284644,0.244094488,0.199233716,0.235059761,0.195402299,0.208178439,0.209964413
E01019898,0.230046948,0.243119266,0.186666667,0.197309417,0.199095023,0.19047619,0.201754386,0.191570881
E01019899,0.317647059,0.335260116,0.2,0.158823529,0.198757764,0.261146497,0.264150943,0.307692308
E01019900,0.160220994,0.192982456,0.088757396,0.119760479,0.157894737,0.174863388,0.14556962,0.123287671
E01019901,0.128654971,0.202380952,0.197452229,0.168674699,0.12987013,0.133333333,0.152173913,0.141843972
E01019902,0.168181818,0.187214612,0.191304348,0.153526971,0.132075472,0.128440367,0.138095238,0.133928571
E01019903,0.206751055,0.220779221,0.223744292,0.206278027,0.135746606,0.125,0.145922747,0.135371179
E01019904,0.204819277,0.239382239,0.221343874,0.248962656,0.227678571,0.172566372,0.209821429,0.219827586
E01019905,0.14375,0.150326797,0.158064516,0.189781022,0.163498099,0.128,0.141078838,0.139830508
E01019906,0.12972973,0.159763314,0.171428571,0.208791209,0.201117318,0.16751269,0.154255319,0.137755102
E01019907,0.192893401,0.204188482,0.178378378,0.216216216,0.18128655,0.140449438,0.147058824,0.155555556
E01019908,0.195965418,0.221238938,0.233727811,0.229885057,0.211267606,0.155555556,0.172804533,0.194666667
E01019909,0.192513369,0.235602094,0.242857143,0.238095238,0.212264151,0.136585366,0.154929577,0.115384615
E01019910,0.20242915,0.196153846,0.234200743,0.24822695,0.228873239,0.197278912,0.176079734,0.163934426
E01019911,0.161904762,0.198113208,0.15,0.19,0.19047619,0.188679245,0.17699115,0.220338983
E01019912,0.18404908,0.2,0.205882353,0.244186047,0.228395062,0.16374269,0.141104294,0.14375
E01019913,0.164948454,0.181818182,0.229885057,0.266666667,0.240963855,0.134146341,0.164835165,0.125
E01019914,0.321428571,0.334293948,0.305475504,0.298469388,0.302083333,0.2578125,0.261538462,0.314578005
E01019915,0.154228856,0.198979592,0.196172249,0.233333333,0.213270142,0.102564103,0.140625,0.138297872
E01019916,0.23255814,0.251396648,0.274111675,0.267942584,0.241860465,0.172413793,0.162037037,0.173515982
E01019917,0.170124481,0.16015625,0.1796875,0.208661417,0.227272727,0.183206107,0.176470588,0.188679245
E01019918,0.209876543,0.23125,0.302469136,0.311688312,0.20979021,0.152317881,0.207792208,0.204081633
E01019919,0.234782609,0.262931034,0.27826087,0.286956522,0.270642202,0.192307692,0.177419355,0.180722892
E01019920,0.234741784,0.24537037,0.281938326,0.226495726,0.23580786,0.180257511,0.144104803,0.186147186
E01019921,0.164705882,0.194331984,0.19245283,0.21402214,0.263157895,0.193181818,0.214814815,0.21969697
E01019922,0.281124498,0.308641975,0.311538462,0.334615385,0.324324324,0.25095057,0.250980392,0.249027237
E01019923,0.282051282,0.326086957,0.331606218,0.404145078,0.331632653,0.168421053,0.173913043,0.201030928
E01019924,0.258181818,0.25390625,0.270042194,0.273913043,0.25751073,0.198312236,0.239819005,0.205882353
E01019925,0.201030928,0.220095694,0.204878049,0.240837696,0.15625,0.14507772,0.164948454,0.157360406
E01019927,0.281437126,0.283018868,0.320512821,0.254545455,0.183431953,0.161676647,0.192090395,0.252873563
E01019928,0.237903226,0.239837398,0.231404959,0.170940171,0.12704918,0.115702479,0.148648649,0.161572052
E01019929,0.178861789,0.182186235,0.165957447,0.205240175,0.169724771,0.130232558,0.152073733,0.156682028
E01019930,0.24375,0.220238095,0.223684211,0.139393939,0.101123596,0.081521739,0.099447514,0.106741573
E01019931,0.105882353,0.110429448,0.130718954,0.121428571,0.108108108,0.106382979,0.07518797,0.063492063
E01019932,0.24,0.2,0.190751445,0.168831169,0.172619048,0.140350877,0.132075472,0.150837989
E01019933,0.22,0.234375,0.216666667,0.098360656,0.087719298,0.082644628,0.12295082,0.113821138
E01019934,0.195454545,0.2,0.202898551,0.135746606,0.120689655,0.107476636,0.129807692,0.150485437
E01019935,0.236363636,0.235849057,0.126126126,0.14159292,0.12962963,0.118811881,0.114583333,0.121495327
E01019936,0.2,0.178571429,0.108910891,0.183908046,0.174418605,0.184466019,0.145833333,0.175257732
E01019937,0.17114094,0.157894737,0.195402299,0.25498008,0.190114068,0.128404669,0.144486692,0.167938931
E01019938,0.098712446,0.128,0.145748988,0.140625,0.128404669,0.080152672,0.106007067,0.133574007
E01019939,0.157068063,0.177884615,0.151515152,0.236180905,0.15942029,0.136585366,0.108490566,0.086124402
E01019940,0.166666667,0.224576271,0.183406114,0.188034188,0.105726872,0.105263158,0.102222222,0.094594595
E01019942,0.196078431,0.265780731,0.287671233,0.276450512,0.123188406,0.125925926,0.143356643,0.182692308
E01019943,0.182795699,0.197183099,0.234875445,0.250909091,0.127586207,0.117845118,0.129824561,0.166666667
E01019944,0.135371179,0.1625,0.152542373,0.188976378,0.081395349,0.104529617,0.117056856,0.113475177
E01019945,0.200787402,0.218623482,0.233201581,0.24691358,0.196787149,0.148760331,0.156378601,0.191304348
E01019946,0.126213592,0.121212121,0.096153846,0.08,0.077777778,0.053763441,0.070588235,0.079545455
E01019947,0.173913043,0.153284672,0.130136986,0.145833333,0.112582781,0.102040816,0.12345679,0.174698795
E01019948,0.145985401,0.152671756,0.081967213,0.089430894,0.061403509,0.117647059,0.12605042,0.113043478
E01019949,0.109090909,0.117117117,0.060869565,0.072072072,0.128205128,0.128205128,0.105263158,0.134453782
E01019950,0.215568862,0.210526316,0.10738255,0.0875,0.138888889,0.175182482,0.2,0.188034188
E01019951,0.214634146,0.134408602,0.164835165,0.157303371,0.140350877,0.094444444,0.112359551,0.113636364
E01019952,0.25625,0.180232558,0.204678363,0.196428571,0.195402299,0.181318681,0.125,0.135869565
E01019953,0.196202532,0.226666667,0.141025641,0.210884354,0.169117647,0.147651007,0.124260355,0.113772455
E01019954,0.360869565,0.277992278,0.272058824,0.283333333,0.237458194,0.197278912,0.187713311,0.247524752
E01019955,0.326923077,0.259090909,0.240740741,0.235576923,0.24137931,0.25,0.209677419,0.196428571
E01019956,0.231292517,0.148648649,0.104166667,0.111111111,0.135338346,0.090225564,0.085271318,0.096296296
E01019957,0.188405797,0.25,0.193548387,0.203703704,0.192307692,0.152542373,0.12,0.139534884
E01019958,0.181818182,0.128888889,0.146788991,0.157635468,0.150485437,0.100917431,0.107981221,0.124378109
E01019959,0.214689266,0.294117647,0.29375,0.201183432,0.123595506,0.156626506,0.148351648,0.157303371
E01019960,0.161490683,0.191860465,0.14673913,0.205263158,0.121827411,0.196969697,0.18134715,0.18974359
E01019961,0.158469945,0.168539326,0.12849162,0.11827957,0.085714286,0.069364162,0.102857143,0.104294479
E01019962,0.13897281,0.149390244,0.146788991,0.195783133,0.08411215,0.080745342,0.10031348,0.12012987
E01019963,0.162790698,0.153846154,0.139534884,0.154545455,0.140186916,0.112676056,0.135371179,0.122807018
E01019964,0.22972973,0.205882353,0.166666667,0.195121951,0.186813187,0.159574468,0.19047619,0.141304348
E01019965,0.165217391,0.143442623,0.162790698,0.19921875,0.187969925,0.184782609,0.216730038,0.197718631
E01019966,0.130434783,0.155172414,0.122641509,0.138613861,0.086021505,0.095238095,0.137614679,0.180952381
E01019967,0.163934426,0.169354839,0.17699115,0.193277311,0.176470588,0.176,0.204724409,0.205357143
E01019968,0.254658385,0.211538462,0.149350649,0.1125,0.090909091,0.123529412,0.11627907,0.117647059
E01019969,0.289940828,0.322368421,0.21192053,0.212765957,0.194444444,0.191780822,0.180555556,0.157608696
E01019970,0.306666667,0.287581699,0.138157895,0.132911392,0.113207547,0.132450331,0.173076923,0.175675676
E01019971,0.295081967,0.345132743,0.205357143,0.208695652,0.189189189,0.207207207,0.192307692,0.20952381
E01019972,0.308108108,0.327683616,0.217647059,0.210810811,0.183673469,0.159574468,0.168421053,0.169398907
E01019973,0.359550562,0.305555556,0.135869565,0.140625,0.135416667,0.12568306,0.138121547,0.132352941
E01019974,0.357142857,0.357615894,0.229299363,0.205298013,0.230263158,0.171232877,0.184931507,0.186206897
E01019975,0.457142857,0.42962963,0.333333333,0.296703297,0.275471698,0.240458015,0.278195489,0.284132841
E01019976,0.296875,0.268115942,0.155405405,0.17218543,0.145695364,0.112582781,0.147435897,0.095238095
E01019977,0.306976744,0.331858407,0.183406114,0.151376147,0.116751269,0.097222222,0.120535714,0.127192982
E01019980,0.3046875,0.274193548,0.21686747,0.22519084,0.175572519,0.185314685,0.208053691,0.226708075
E01019981,0.371212121,0.375,0.252066116,0.241935484,0.228,0.196,0.198412698,0.269230769
E01019982,0.318181818,0.375968992,0.294117647,0.275303644,0.2265625,0.215909091,0.224264706,0.254681648
E01019983,0.365482234,0.348958333,0.231155779,0.25,0.231182796,0.188571429,0.220779221,0.259036145
E01019984,0.263414634,0.196721311,0.170103093,0.169082126,0.094527363,0.082524272,0.108374384,0.132352941
E01019985,0.393129771,0.379310345,0.216216216,0.204,0.197628458,0.199233716,0.202479339,0.271653543
E01019986,0.173913043,0.157360406,0.123762376,0.127853881,0.113122172,0.083333333,0.099547511,0.087155963
E01019987,0.173913043,0.146788991,0.157407407,0.184,0.221311475,0.129032258,0.111111111,0.156862745
E01019988,0.242009132,0.200934579,0.23255814,0.221698113,0.196078431,0.142857143,0.122340426,0.164835165
E01019989,0.217105263,0.185430464,0.217948718,0.2,0.162162162,0.097222222,0.102189781,0.090163934
E01019990,0.39800995,0.370731707,0.316742081,0.331896552,0.264227642,0.27027027,0.259689922,0.266393443
E01019991,0.340425532,0.385159011,0.341911765,0.315602837,0.287313433,0.265734266,0.231343284,0.217054264
E01019992,0.263392857,0.328703704,0.315555556,0.286324786,0.23245614,0.157894737,0.179824561,0.163636364
E01019993,0.220472441,0.235772358,0.261904762,0.235714286,0.229166667,0.2421875,0.202797203,0.196202532
E01019994,0.237623762,0.168316832,0.145631068,0.134615385,0.110091743,0.136842105,0.144444444,0.144329897
E01019995,0.2875,0.214285714,0.233333333,0.192307692,0.2,0.166666667,0.131868132,0.193548387
E01019996,0.181818182,0.180327869,0.171052632,0.194444444,0.197183099,0.092307692,0.075757576,0.114754098
E01019997,0.153846154,0.134146341,0.139240506,0.108108108,0.111111111,0.16,0.162162162,0.211267606
E01019998,0.261111111,0.234285714,0.25,0.255555556,0.161458333,0.107692308,0.105263158,0.106382979
E01019999,0.210084034,0.18018018,0.101694915,0.100775194,0.041666667,0.127118644,0.117117117,0.095652174
E01020000,0.365714286,0.265895954,0.277777778,0.25,0.197916667,0.165775401,0.158469945,0.162162162
E01020001,0.150943396,0.165137615,0.125,0.104347826,0.13559322,0.09009009,0.120689655,0.121212121
E01020002,0.296460177,0.311926606,0.327586207,0.284,0.2578125,0.233333333,0.170068027,0.20952381
E01020003,0.182692308,0.223255814,0.223214286,0.188034188,0.199115044,0.129554656,0.157024793,0.182978723
E01020004,0.191919192,0.221105528,0.214659686,0.15625,0.096590909,0.056179775,0.08988764,0.143564356
E01020005,0.340966921,0.352631579,0.340782123,0.324712644,0.303030303,0.250746269,0.19375,0.185294118
E01020006,0.255892256,0.237288136,0.20795107,0.214899713,0.24057971,0.168195719,0.12804878,0.158385093
E01020007,0.174603175,0.138888889,0.15625,0.089552239,0.126760563,0.161764706,0.142857143,0.139240506
E01020008,0.180952381,0.177570093,0.1875,0.186915888,0.190909091,0.181034483,0.155339806,0.096774194
E01020009,0.141304348,0.134020619,0.162303665,0.123762376,0.118556701,0.103092784,0.08045977,0.117318436
E01020010,0.408333333,0.382749326,0.296,0.287262873,0.270053476,0.235872236,0.248768473,0.233576642
E01020011,0.202797203,0.225352113,0.194244604,0.2,0.194444444,0.195804196,0.142857143,0.152173913
E01020012,0.384615385,0.321585903,0.260869565,0.283842795,0.245535714,0.232142857,0.236051502,0.234126984
E01020013,0.339622642,0.335195531,0.227777778,0.25,0.179190751,0.180645161,0.171428571,0.153846154
E01020014,0.33,0.334375,0.304487179,0.3125,0.27852349,0.23,0.241496599,0.217665615
E01020015,0.418952618,0.352644836,0.300699301,0.322815534,0.277227723,0.248730964,0.243373494,0.246511628
E01020016,0.24137931,0.363636364,0.246575342,0.235294118,0.214285714,0.221052632,0.188235294,0.235955056
E01020017,0.315789474,0.239669421,0.145985401,0.154411765,0.183333333,0.137096774,0.156521739,0.212121212
E01020018,0.340206186,0.32183908,0.302325581,0.231707317,0.173333333,0.151898734,0.197530864,0.195402299
E01020019,0.1875,0.25,0.166666667,#,#,#,#,#
E01020020,0.209677419,0.206349206,0.213114754,0.15942029,0.154929577,0.2,0.163636364,0.152542373
E01020021,0.162162162,0.150943396,0.114285714,0.095890411,0.077922078,0.08974359,0.077777778,0.102941176
E01020022,0.280487805,0.235955056,0.204545455,0.238095238,0.211111111,0.151162791,0.170212766,0.158536585
E01020023,0.161572052,0.181434599,0.173913043,0.128099174,0.108433735,0.106719368,0.097744361,0.129277567
E01020024,0.115789474,0.173913043,0.145631068,0.107843137,0.117117117,0.148148148,0.060606061,0.056818182
E01020025,0.157894737,0.13253012,0.173913043,0.114942529,0.098901099,0.085106383,#,0.069306931
E01020026,0.237442922,0.253588517,0.203463203,0.159090909,0.142201835,0.117346939,0.204301075,0.168478261
E01020027,0.183168317,0.200980392,0.183168317,0.17989418,0.188888889,0.162162162,0.166666667,0.168367347
E01020029,0.303571429,0.28,0.18226601,0.181818182,0.150537634,0.149484536,0.126315789,0.166666667
E01020030,0.310344828,0.293023256,0.192982456,0.152173913,0.141078838,0.102766798,0.142857143,0.158490566
E01020031,0.305084746,0.255102041,0.206185567,0.208737864,0.207729469,0.167381974,0.160493827,0.203252033
E01020032,0.288732394,0.28030303,0.147058824,0.111888112,0.113333333,0.115646259,0.138554217,0.152866242
E01020033,0.270386266,0.247058824,0.231939163,0.223300971,0.225071225,0.223918575,0.208816705,0.210161663
E01020035,0.209302326,0.164251208,0.146341463,0.154867257,0.126315789,0.125348189,0.138349515,0.163265306
E01020036,0.245059289,0.24015748,0.256916996,0.209876543,0.210743802,0.141666667,0.121848739,0.153846154
E01020037,0.316602317,0.342307692,0.342629482,0.307692308,0.301652893,0.216666667,0.206225681,0.170454545
E01020038,0.216931217,0.217821782,0.194871795,0.170984456,0.183962264,0.11440678,0.144444444,0.123123123
E01020039,0.319875776,0.33030303,0.330218069,0.290734824,0.274193548,0.167808219,0.221843003,0.220338983
E01020040,0.234567901,0.265060241,0.2375,0.218934911,0.182926829,0.181818182,0.130434783,0.123529412
E01020041,0.317241379,0.277027027,0.325088339,0.310231023,0.292063492,0.200607903,0.152173913,0.174262735
E01020042,0.266009852,0.290322581,0.229665072,0.188405797,0.134715026,0.059459459,0.057692308,0.104265403
E01020043,0.229559748,0.225903614,0.213414634,0.241071429,0.163204748,0.141643059,0.133333333,0.135802469
E01020044,0.114832536,0.134259259,0.142857143,0.109375,0.103092784,0.132596685,0.111111111,0.130681818
E01020045,0.209876543,0.216326531,0.229508197,0.205882353,0.188679245,0.186915888,0.185344828,0.190871369
E01020046,0.216346154,0.167539267,0.162162162,0.17989418,0.186813187,0.152439024,0.145348837,0.142045455
E01020047,0.24122807,0.255411255,0.260869565,0.236947791,0.119834711,0.130952381,0.150862069,0.134782609
E01020048,0.345991561,0.312,0.270042194,0.299595142,0.205323194,0.174074074,0.178321678,0.184210526
E01020049,0.306306306,0.304,0.276785714,0.32,0.12371134,0.141304348,0.101010101,0.12745098
E01020050,0.277173913,0.256544503,0.263681592,0.266666667,0.195121951,0.174757282,0.205882353,0.202020202
E01020051,0.23857868,0.252688172,0.24137931,0.273255814,0.14619883,0.151724138,0.095890411,0.085271318
E01020052,0.268085106,0.266666667,0.280701754,0.294871795,0.194915254,0.201834862,0.244635193,0.235294118
E01020053,0.283636364,0.275618375,0.257525084,0.26440678,0.188811189,0.215827338,0.231617647,0.220532319
E01020054,0.28957529,0.200729927,0.174377224,0.175159236,0.123123123,0.160818713,0.143603133,0.129032258
E01020055,0.301204819,0.261044177,0.24691358,0.295546559,0.220779221,0.197115385,0.235849057,0.186046512
E01020056,0.116935484,0.143478261,0.144,0.137096774,0.123552124,0.164,0.176258993,0.15625
E01020057,0.297674419,0.262931034,0.224,0.311111111,0.128676471,0.139534884,0.178571429,0.17791411
E01020058,0.167381974,0.180555556,0.213953488,0.254901961,0.11682243,0.126760563,0.159292035,0.172839506
E01020059,0.166666667,0.178832117,0.183745583,0.210909091,0.15658363,0.137809187,0.134275618,0.160583942
E01020060,0.188571429,0.193370166,0.225806452,0.217391304,0.203208556,0.131578947,0.112820513,0.170506912
E01020061,0.218658892,0.215976331,0.211480363,0.165644172,0.15819209,0.150684932,0.124309392,0.114942529
E01020062,0.196808511,0.20441989,0.226744186,0.210843373,0.13559322,0.218181818,0.161676647,0.177514793
E01020063,0.166666667,0.178470255,0.161585366,0.161585366,0.111801242,0.137724551,0.131054131,0.162534435
E01020064,0.309608541,0.309859155,0.278169014,0.27124183,0.173633441,0.216666667,0.228187919,0.224025974
E01020065,0.275590551,0.250896057,0.28113879,0.253623188,0.122807018,0.122807018,0.155932203,0.156462585
E01020066,0.22706422,0.228773585,0.215686275,0.215811966,0.120350109,0.134703196,0.110311751,0.125890736
E01020067,0.346604215,0.368663594,0.311320755,0.322274882,0.190909091,0.198177677,0.217777778,0.223529412
E01020068,0.197740113,0.179640719,0.156626506,0.097560976,0.135802469,0.116666667,0.142105263,0.107526882
E01020069,0.154761905,0.201680672,0.16017316,0.14479638,0.127853881,0.102803738,0.093896714,0.128712871
E01020070,0.22,0.187250996,0.174796748,0.164658635,0.173913043,0.146017699,0.153153153,0.138528139
E01020071,0.145098039,0.144,0.140151515,0.164794007,0.125506073,0.172690763,0.153191489,0.168831169
E01020072,0.160550459,0.187192118,0.162790698,0.142857143,0.14479638,0.133640553,0.151111111,0.122727273
E01020073,0.220930233,0.316455696,0.291428571,0.240437158,0.221590909,0.234693878,0.210280374,0.179245283
E01020074,0.111538462,0.114173228,0.151291513,0.14028777,0.146428571,0.14527027,0.166666667,0.192439863
E01020075,0.188073394,0.158139535,0.167464115,0.154589372,0.137931034,0.146596859,0.137614679,0.156779661
E01020076,0.135802469,0.16796875,0.171428571,0.161825726,0.158914729,0.181818182,0.125490196,0.120689655
E01020077,0.213953488,0.174107143,0.158878505,0.156682028,0.117647059,0.155555556,0.122362869,0.134529148
E01020078,0.234741784,0.294117647,0.295566502,0.325,0.236180905,0.176744186,0.166666667,0.168181818
E01020079,0.35046729,0.371040724,0.376190476,0.338028169,0.208333333,0.192118227,0.199004975,0.228426396
E01020080,0.241134752,0.2109375,0.241666667,0.269230769,0.161290323,0.170940171,0.186046512,0.181318681
E01020081,0.282722513,0.325966851,0.333333333,0.307692308,0.222797927,0.27027027,0.246073298,0.251428571
E01020082,0.194805195,0.321428571,0.202702703,0.171641791,0.230215827,0.156028369,0.103703704,0.138686131
E01020083,0.243902439,0.251336898,0.185393258,0.142857143,0.114973262,0.115789474,0.131443299,0.158974359
E01020084,0.277777778,0.302752294,0.28708134,0.247524752,0.215116279,0.175,0.168674699,0.180645161
E01020085,0.217081851,0.235294118,0.253787879,0.214545455,0.125490196,0.1484375,0.155642023,0.149193548
E01020086,0.174418605,0.203296703,0.201030928,0.2,0.15819209,0.140540541,0.170731707,0.162790698
E01020087,0.196078431,0.136585366,0.148325359,0.158730159,0.136842105,0.133004926,0.137254902,0.131578947
E01020088,0.247011952,0.261603376,0.193133047,0.226720648,0.195020747,0.139344262,0.130434783,0.157894737
E01020089,0.109090909,0.165467626,0.187725632,0.188356164,0.164516129,0.125,0.134110787,0.125340599
E01020090,0.156756757,0.171122995,0.175879397,0.154639175,0.142857143,0.129032258,0.083333333,0.104166667
E01020091,0.094117647,0.130718954,0.184210526,0.179487179,0.16091954,0.174698795,0.140350877,0.153409091
E01020092,0.081967213,0.112,0.176,0.146341463,0.105263158,0.105263158,0.134751773,0.129251701
E01020093,0.169590643,0.158469945,0.193717277,0.17679558,0.180851064,0.163265306,0.173913043,0.171428571
E01020094,0.240740741,0.236842105,0.233082707,0.267605634,0.273972603,0.210144928,0.108695652,0.135135135
E01020095,0.279352227,0.298165138,0.224215247,0.266375546,0.219178082,0.233606557,0.231075697,0.173160173
E01020096,0.256830601,0.251428571,0.25388601,0.257142857,0.241573034,0.202247191,0.185185185,0.20212766
E01020097,0.260223048,0.242857143,0.186131387,0.185873606,0.162962963,0.1640625,0.162962963,0.171929825
E01020098,0.185483871,0.184313725,0.196969697,0.199203187,0.188284519,0.178137652,0.220532319,0.179104478
E01020099,0.190184049,0.198757764,0.228187919,0.203703704,0.211180124,0.192982456,0.135294118,0.185628743
E01020100,0.152671756,0.164179104,0.186046512,0.184,0.146551724,0.158333333,0.170940171,0.198347107
E01020101,0.14953271,0.188940092,0.197183099,0.262376238,0.237668161,0.22,0.254901961,0.197580645
E01020102,0.234482759,0.220216606,0.23183391,0.255905512,0.194552529,0.1484375,0.1625,0.159183673
E01020103,0.404320988,0.403703704,0.341726619,0.343373494,0.305232558,0.308988764,0.360703812,0.378223496
E01020104,0.346613546,0.33744856,0.280542986,0.294797688,0.223880597,0.255905512,0.236220472,0.231316726
E01020105,0.206008584,0.18442623,0.212244898,0.214876033,0.227848101,0.179039301,0.169741697,0.153153153
E01020106,0.168539326,0.179775281,0.188888889,0.25,0.17,0.164948454,0.111111111,0.142857143
E01020107,0.164948454,0.147959184,0.14213198,0.172774869,0.227272727,0.210526316,0.205882353,0.184210526
E01020108,0.182432432,0.188811189,0.192170819,0.178571429,0.174657534,0.175257732,0.171974522,0.191419142
E01020109,0.239130435,0.236263736,0.170212766,0.213541667,0.169312169,0.128865979,0.105769231,0.130208333
E01020110,0.201117318,0.203966006,0.228571429,0.224324324,0.15727003,0.156521739,0.166666667,0.129834254
E01020111,0.31512605,0.33632287,0.30212766,0.315789474,0.263157895,0.327586207,0.210526316,0.246527778
E01020112,0.325991189,0.369369369,0.262008734,0.349794239,0.297619048,0.313636364,0.259433962,0.246575342
E01020113,0.255102041,0.33492823,0.256880734,0.253658537,0.269406393,0.280373832,0.208333333,0.287878788
E01020114,0.223404255,0.266666667,0.193877551,0.239795918,0.15819209,0.16091954,0.139037433,0.192546584
E01020115,0.227586207,0.231292517,0.195804196,0.212765957,0.191082803,0.210526316,0.144508671,0.154761905
E01020116,0.227941176,0.282442748,0.213235294,0.259124088,0.248175182,0.250922509,0.201646091,0.215686275
E01020117,0.198019802,0.215789474,0.159090909,0.17877095,0.181818182,0.206185567,0.149484536,0.122994652
E01020118,0.258741259,0.280701754,0.277978339,0.290441176,0.289377289,0.252631579,0.237547893,0.283018868
E01020119,0.24,0.183823529,0.248175182,0.219512195,0.148760331,0.083333333,0.094827586,0.141666667
E01020120,0.142857143,0.158088235,0.158914729,0.171102662,0.151162791,0.156626506,0.126394052,0.156862745
E01020121,0.234432234,0.270462633,0.274647887,0.282229965,0.228373702,0.224832215,0.218430034,0.276595745
E01020122,0.216216216,0.238341969,0.235897436,0.226519337,0.10106383,0.120218579,0.104072398,0.137339056
E01020123,0.322274882,0.356097561,0.44,0.340425532,0.239795918,0.209606987,0.233870968,0.264317181
E01020124,0.201612903,0.258333333,0.204918033,0.230088496,0.184466019,0.154471545,0.136363636,0.112903226
E01020125,0.165217391,0.172413793,0.226890756,0.183333333,0.114035088,0.11023622,0.121212121,0.134328358
E01020126,0.173076923,0.201342282,0.211678832,0.287878788,0.186046512,0.178861789,0.123893805,0.089285714
E01020127,0.165254237,0.194915254,0.181818182,0.137546468,0.152985075,0.134831461,0.121863799,0.13559322
E01020128,0.094059406,0.094527363,0.138528139,0.186046512,0.137795276,0.108527132,0.119521912,0.11965812
E01020129,0.301020408,0.279792746,0.270833333,0.207446809,0.25,0.276836158,0.259887006,0.224489796
E01020130,0.213333333,0.189516129,0.173728814,0.149122807,0.162393162,0.154929577,0.136363636,0.133640553
E01020131,0.302040816,0.226190476,0.218623482,0.218867925,0.167883212,0.151943463,0.14137931,0.145454545
E01020132,0.165137615,0.179245283,0.151219512,0.157894737,0.182692308,0.140776699,0.140271493,0.19266055
E01020133,0.091370558,0.1,0.077720207,0.114583333,0.074074074,0.073033708,0.053333333,0.073170732
E01020134,0.293785311,0.294797688,0.273291925,0.296296296,0.258064516,0.245901639,0.236263736,0.23655914
E01020135,0.331967213,0.248945148,0.24122807,0.265217391,0.196581197,0.158333333,0.187250996,0.164609053
E01020136,0.285714286,0.278846154,0.239631336,0.213636364,0.201834862,0.219298246,0.204444444,0.179775281
E01020137,0.392045455,0.296089385,0.243243243,0.252873563,0.202380952,0.226415094,0.160220994,0.111111111
E01020138,0.251724138,0.241610738,0.255172414,0.259786477,0.240282686,0.224637681,0.222627737,0.152416357
E01020139,0.313186813,0.3,0.282608696,0.252525253,0.212560386,0.220657277,0.202702703,0.243589744
E01020140,0.20610687,0.207142857,0.22556391,0.229007634,0.176470588,0.172932331,0.2,0.23015873
E01020141,0.290419162,0.359331476,0.333333333,0.288135593,0.263768116,0.242339833,0.236467236,0.278735632
E01020142,0.190201729,0.172222222,0.127659574,0.099502488,0.092909535,0.071960298,0.069544365,0.070422535
E01020143,0.196078431,0.184300341,0.175862069,0.177935943,0.117647059,0.111111111,0.117870722,0.11328125
E01020144,0.086956522,0.088235294,0.099378882,0.11409396,0.103703704,0.091603053,0.079365079,0.084745763
E01020145,0.22147651,0.203821656,0.185628743,0.240740741,0.193548387,0.1875,0.208333333,0.210526316
E01020146,0.174418605,0.157303371,0.150537634,0.14893617,0.153846154,0.162790698,0.142857143,0.149425287
E01020147,0.199095023,0.185714286,0.171428571,0.111111111,0.077625571,0.08056872,0.080357143,0.072961373
E01020148,0.286549708,0.335483871,0.264900662,0.253424658,0.195945946,0.192857143,0.165467626,0.175
E01020149,0.259541985,0.235714286,0.283687943,0.312977099,0.255813953,0.246666667,0.241610738,0.221518987
E01020150,0.246376812,0.189320388,0.201030928,0.242268041,0.25257732,0.190217391,0.189944134,0.154228856
E01020151,0.152380952,0.153225806,0.175,0.163793103,0.111111111,0.114035088,0.112149533,0.072164948
E01020152,0.212121212,0.274193548,0.246753247,0.231884058,0.185714286,0.173913043,0.181818182,0.209677419
E01020153,0.134615385,0.163265306,0.148148148,#,#,0.145833333,0.19047619,#
E01020154,0.317073171,0.299559471,0.282511211,0.240196078,0.18134715,0.135416667,0.128712871,0.155
E01020155,0.377245509,0.363057325,0.356687898,0.328947368,0.257861635,0.197368421,0.129251701,0.138157895
E01020156,0.108910891,0.146118721,0.130841121,0.115,0.121693122,0.097435897,0.097826087,0.093922652
E01020157,0.220689655,0.175438596,0.196296296,0.212686567,0.187265918,0.121338912,0.168067227,0.159292035
E01020158,0.22173913,0.180672269,0.176954733,0.163865546,0.136563877,0.140495868,0.132420091,0.126637555
E01020159,0.175609756,0.141552511,0.151960784,0.169902913,0.158139535,0.145454545,0.131707317,0.11682243
E01020160,0.194719472,0.216393443,0.2,0.213058419,0.166666667,0.181481481,0.178707224,0.165322581
E01020161,0.241847826,0.290055249,0.247282609,0.25848564,0.195121951,0.210242588,0.194915254,0.173184358
E01020162,0.191693291,0.228476821,0.203333333,0.236933798,0.159090909,0.151612903,0.146179402,0.117263844
E01020163,0.166212534,0.180107527,0.183844011,0.159763314,0.134897361,0.13803681,0.141935484,0.133540373
E01020164,0.238095238,0.234432234,0.22265625,0.251937984,0.154135338,0.176245211,0.167346939,0.145299145
E01020165,0.207885305,0.215909091,0.196226415,0.217391304,0.139622642,0.147540984,0.128,0.14
E01020166,0.168141593,0.172995781,0.18061674,0.219730942,0.130841121,0.141552511,0.133333333,0.099526066
E01020167,0.167857143,0.131086142,0.122047244,0.12601626,0.086419753,0.12345679,0.123348018,0.121848739
E01020168,0.268199234,0.235507246,0.164233577,0.140077821,0.121771218,0.135714286,0.118705036,0.085106383
E01020169,0.13960114,0.128939828,0.110795455,0.109289617,0.111764706,0.134185304,0.137931034,0.111445783
E01020170,0.212962963,0.215686275,0.211640212,0.174157303,0.193181818,0.179347826,0.115384615,0.132596685
E01020171,0.202312139,0.183431953,0.189873418,0.192771084,0.137724551,0.155172414,0.153846154,0.093023256
E01020172,0.201005025,0.155,0.126829268,0.164179104,0.134259259,0.069444444,0.091703057,0.082969432
E01020173,0.1796875,0.139344262,0.128,0.104347826,0.074380165,0.076923077,0.080808081,0.11827957
E01020174,0.150537634,0.163157895,0.125,0.155555556,0.152941176,0.130177515,0.163636364,0.141304348
E01020175,0.166666667,0.194312796,0.165048544,0.137440758,0.150485437,0.16,0.135,0.193693694
E01020176,0.195266272,0.225609756,0.158227848,0.171052632,0.111888112,0.154929577,0.161764706,0.131386861
E01020177,0.370192308,0.410628019,0.382075472,0.381642512,0.285046729,0.333333333,0.331730769,0.259615385
E01020178,0.129807692,0.09047619,0.076576577,0.081196581,0.070247934,0.062043796,0.095238095,0.109433962
E01020179,0.187192118,0.169230769,0.124401914,0.141509434,0.117117117,0.098214286,0.139917695,0.129032258
E01020180,0.257142857,0.197278912,0.159259259,0.178694158,0.197802198,0.175257732,0.197952218,0.169435216
E01020181,0.229249012,0.222222222,0.198412698,0.235042735,0.183035714,0.168224299,0.169724771,0.153061224
E01020182,0.230769231,0.21402214,0.196969697,0.226890756,0.21559633,0.165876777,0.189814815,0.191304348
E01020183,0.194968553,0.17218543,0.186666667,0.222222222,0.173228346,0.088,0.108527132,0.152
E01020184,0.211640212,0.171122995,0.216931217,0.149425287,0.204678363,0.187919463,0.14556962,0.113333333
E01020185,0.131578947,0.115384615,0.222222222,0.272727273,0.220588235,0.15,0.098901099,0.115384615
E01020186,0.157894737,0.13559322,0.133333333,0.121621622,0.102941176,0.070422535,0.070422535,#
E01020187,0.238461538,0.204545455,0.261538462,0.251968504,0.212765957,0.19047619,0.180555556,0.147651007
E01020188,0.15625,0.133587786,0.13618677,0.12345679,0.12295082,0.14957265,0.127753304,0.136363636
E01020189,0.176678445,0.153846154,0.115671642,0.138513514,0.101449275,0.111111111,0.097472924,0.078014184
E01020190,0.181818182,0.173431734,0.188679245,0.152671756,0.113712375,0.152866242,0.198757764,0.142857143
E01020191,0.127906977,0.18627451,0.254901961,0.235772358,0.191489362,0.159763314,0.132183908,0.14893617
E01020192,0.19895288,0.198924731,0.198830409,0.18128655,0.150943396,0.134615385,0.19205298,0.146853147
E01020193,0.175965665,0.148648649,0.152380952,0.180094787,0.185714286,0.132352941,0.176767677,0.136842105
E01020194,0.116071429,0.206730769,0.204878049,0.266666667,0.147058824,0.145728643,0.186046512,0.113744076
E01020195,0.228187919,0.215547703,0.257352941,0.241758242,0.23297491,0.204460967,0.235714286,0.225454545
E01020196,0.227678571,0.242152466,0.277511962,0.311004785,0.274509804,0.25,0.219178082,0.205240175
E01020197,0.184210526,0.194915254,0.16,0.196581197,0.196721311,0.15625,0.158730159,0.184210526
E01020198,0.222707424,0.237885463,0.245283019,0.27014218,0.292682927,0.229591837,0.226519337,0.252747253
E01020199,0.232,0.241245136,0.22406639,0.25498008,0.262948207,0.204819277,0.223484848,0.228346457
E01020200,0.193181818,0.195121951,0.228915663,0.195402299,0.129411765,0.139240506,0.147727273,0.126436782
E01020201,0.251908397,0.266666667,0.272058824,0.286821705,0.1484375,0.158730159,0.153225806,0.146341463
E01020202,0.205714286,0.151351351,0.160220994,0.211428571,0.178217822,0.169154229,0.218604651,0.204166667
E01020203,0.114832536,0.106280193,0.150442478,0.136986301,0.122171946,0.092592593,0.106976744,0.116504854
E01020204,0.211180124,0.25308642,0.271903323,0.272727273,0.26779661,0.221854305,0.234482759,0.2
E01020205,0.170588235,0.141975309,0.119205298,0.167883212,0.154411765,0.1,0.114503817,0.10483871
E01020206,0.16,0.178723404,0.220408163,0.204166667,0.195652174,0.191304348,0.205020921,0.192468619
E01020207,0.196319018,0.224137931,0.218085106,0.245614035,0.230769231,0.244582043,0.244389027,0.199152542
E01020208,0.181034483,0.255144033,0.24,0.295774648,0.281818182,0.24537037,0.256281407,0.225961538
E01020209,0.146666667,0.232142857,0.172727273,0.231818182,0.199095023,0.254385965,0.261603376,0.206278027
E01020210,0.185840708,0.198113208,0.173913043,0.188034188,0.129310345,0.148148148,0.160377358,0.172413793
E01020211,0.324427481,0.294339623,0.285140562,0.316,0.246212121,0.270588235,0.332075472,0.274509804
E01020212,0.31779661,0.254166667,0.242009132,0.270642202,0.229357798,0.251282051,0.221698113,0.21875
E01020213,0.243654822,0.221052632,0.246153846,0.287128713,0.243902439,0.237113402,0.218274112,0.201030928
E01020214,0.256544503,0.209424084,0.234693878,0.230769231,0.197860963,0.164772727,0.188235294,0.130681818
E01020215,0.114864865,0.127819549,0.147286822,0.159090909,0.133333333,0.1171875,0.126984127,0.130769231
E01020216,0.303664921,0.280991736,0.288135593,0.32183908,0.265714286,0.289085546,0.312101911,0.250814332
E01020217,0.19,0.19895288,0.164772727,0.195979899,0.193548387,0.137440758,0.153061224,0.137055838
E01020218,0.255033557,0.25170068,0.217647059,0.297619048,0.227777778,0.190217391,0.192513369,0.232044199
E01020219,0.173010381,0.155688623,0.163636364,0.149350649,0.146496815,0.183486239,0.17791411,0.127388535
E01020220,0.217391304,0.195979899,0.238297872,0.263374486,0.233333333,0.148594378,0.153024911,0.164983165
E01020221,0.22007722,0.201413428,0.190114068,0.19047619,0.195219124,0.122529644,0.112840467,0.147410359
E01020222,0.177664975,0.152941176,0.125,0.135802469,0.111801242,0.121621622,0.157232704,0.151162791
E01020223,0.176211454,0.18699187,0.175675676,0.216346154,0.220183486,0.127753304,0.149321267,0.137777778
E01020224,0.209821429,0.215859031,0.232142857,0.238317757,0.228426396,0.246073298,0.253968254,0.152542373
E01020225,0.222222222,0.177514793,0.221674877,0.297435897,0.229050279,0.195402299,0.206896552,0.188235294
E01020226,0.189189189,0.24025974,0.257668712,0.289473684,0.231707317,0.187817259,0.129032258,0.112426036
E01020227,0.132352941,0.128205128,0.156756757,0.210810811,0.197860963,0.141361257,0.134078212,0.127906977
E01020228,0.198275862,0.176470588,0.151515152,0.176470588,0.153846154,0.119047619,0.100840336,0.077669903
E01020229,0.362318841,0.297297297,0.277456647,0.25,0.203463203,0.160447761,0.114864865,0.131832797
E01020230,0.202247191,0.148148148,0.186746988,0.175,0.127516779,0.112426036,0.14213198,0.136150235
E01020231,0.223300971,0.177777778,0.157068063,0.164102564,0.161290323,0.117977528,0.128078818,0.157894737
E01020232,0.231034483,0.214814815,0.191176471,0.160784314,0.136882129,0.098859316,0.128205128,0.125
E01020233,0.155963303,0.137614679,0.153846154,0.12244898,0.108910891,0.140186916,0.380952381,0.133333333
E01020234,0.334801762,0.334821429,0.268518519,0.231155779,0.161137441,0.152380952,0.161137441,0.227906977
E01020235,0.188235294,0.171428571,0.179640719,0.159763314,0.132183908,0.130434783,0.129251701,0.149350649
E01020236,0.215384615,0.20441989,0.201219512,0.230263158,0.267123288,0.156028369,0.125,0.123893805
E01020237,0.229508197,0.213675214,0.253456221,0.25,0.200956938,0.140776699,0.156565657,0.158730159
E01020238,0.172413793,0.120253165,0.138728324,0.205128205,0.177631579,0.22,0.232394366,0.142857143
E01020239,0.168918919,0.11038961,0.128834356,0.20625,0.136904762,0.128378378,0.170212766,0.14556962
E01020240,0.284153005,0.21875,0.234636872,0.217142857,0.131428571,0.191616766,0.166666667,0.170984456
E01020241,0.251101322,0.228699552,0.238317757,0.180952381,0.161764706,0.110552764,0.155440415,0.132947977
E01020242,0.203208556,0.14673913,0.172774869,0.154867257,0.121107266,0.165584416,0.164086687,0.167155425
E01020243,0.294117647,0.245901639,0.154471545,0.158333333,0.204918033,0.157024793,0.13559322,0.11023622
E01020244,0.272727273,0.303191489,0.284210526,0.305,0.228070175,0.238636364,0.201183432,0.17791411
E01020245,0.190217391,0.161111111,0.190184049,0.181208054,0.131578947,0.147651007,0.130434783,0.185185185
E01020246,0.237410072,0.153284672,0.183823529,0.213740458,0.143939394,0.178294574,0.225806452,0.18115942
E01020247,0.140703518,0.181395349,0.184466019,0.177664975,0.166666667,0.184684685,0.187772926,0.132743363
E01020248,0.090909091,0.129032258,0.097402597,0.129032258,0.12195122,0.135294118,0.138157895,0.082278481
E01020249,0.114864865,0.136986301,0.112,0.093220339,0.090909091,0.105691057,0.069767442,0.080645161
E01020250,0.271428571,0.22815534,0.233502538,0.222797927,0.213930348,0.1875,0.162303665,0.141304348
E01020251,0.183962264,0.131707317,0.146464646,0.16097561,0.165048544,0.14893617,0.147368421,0.13368984
E01020252,0.210227273,0.234693878,0.222222222,0.255102041,0.272727273,0.137362637,0.192139738,0.145669291
E01020253,0.172955975,0.149350649,0.138157895,0.137457045,0.159010601,0.122743682,0.114624506,0.100401606
E01020254,0.272300469,0.209821429,0.210300429,0.273913043,0.25462963,0.163716814,0.182608696,0.138075314
E01020255,0.220720721,0.240740741,0.182648402,0.2,0.211267606,0.196808511,0.188888889,0.164772727
E01020256,0.243523316,0.205128205,0.183783784,0.255319149,0.23030303,0.177514793,0.159793814,0.157360406
E01020257,0.194444444,0.121052632,0.133333333,0.153409091,0.186440678,0.166666667,0.141104294,0.12
E01020258,0.191304348,0.171806167,0.211711712,0.17370892,0.185365854,0.132075472,0.177570093,0.196347032
E01020259,0.237288136,0.230769231,0.226890756,0.173228346,0.172727273,0.151515152,0.170212766,0.170454545
E01020260,0.179487179,0.152542373,0.196969697,0.154471545,0.125,0.092436975,0.081967213,0.06779661
E01020261,0.128787879,0.143939394,0.142857143,0.136,0.155172414,0.165137615,0.157024793,0.135135135
E01020262,0.245098039,0.264957265,0.284482759,0.196078431,0.19,0.175925926,0.144067797,0.118644068
E01020263,0.17037037,0.186666667,0.202702703,0.125874126,0.105263158,0.058064516,0.057971014,0.057142857
E01020264,0.311111111,0.25,0.28125,0.284671533,0.181818182,0.167883212,0.164285714,0.150684932
E01020265,0.193370166,0.18,0.196078431,0.200934579,0.115740741,0.121076233,0.098130841,0.090497738
E01020266,0.149484536,0.194444444,0.226315789,0.206349206,0.119791667,0.12254902,0.12371134,0.083743842
E01020267,0.151724138,0.177631579,0.154761905,0.168674699,0.185185185,0.18,0.204545455,0.15503876
E01020268,0.195876289,0.139784946,0.193877551,0.222222222,0.120967742,0.104477612,0.1,0.11038961
E01020269,0.215686275,0.237113402,0.247524752,0.237113402,0.21875,0.172839506,0.125,0.123595506
E01020270,0.217391304,0.214912281,0.228070175,0.225663717,0.174468085,0.179166667,0.184,0.152610442
E01020271,0.258823529,0.2578125,0.265384615,0.272727273,0.228215768,0.189873418,0.202586207,0.203539823
E01020272,0.394472362,0.341025641,0.341772152,0.326478149,0.199524941,0.207228916,0.18226601,0.174757282
E01020273,0.148325359,0.140186916,0.142156863,0.163265306,0.162436548,0.161904762,0.165876777,0.170616114
E01020274,0.184931507,0.202898551,0.208633094,0.224637681,0.190140845,0.186046512,0.184,0.169117647
E01020275,0.296551724,0.333333333,0.291338583,0.266129032,0.264705882,0.299212598,0.194915254,0.23853211
E01020276,0.247252747,0.263157895,0.240837696,0.234042553,0.222826087,0.238095238,0.169491525,0.22826087
E01020277,0.365914787,0.40599455,0.364864865,0.366946779,0.37007874,0.37628866,0.273901809,0.254098361
E01020278,0.240566038,0.276859504,0.222707424,0.219008264,0.20661157,0.282157676,0.187214612,0.166666667
E01020279,0.290801187,0.343023256,0.302631579,0.296208531,0.273348519,0.306695464,0.204453441,0.183299389
E01020280,0.255639098,0.256704981,0.229090909,0.241992883,0.284745763,0.320819113,0.222641509,0.19434629
E01020281,0.157258065,0.143442623,0.170833333,0.185483871,0.192592593,0.173431734,0.139534884,0.123134328
E01020282,0.263681592,0.209944751,0.142857143,0.168478261,0.216494845,0.217821782,0.215962441,0.198113208
E01020283,0.227979275,0.23857868,0.21686747,0.181818182,0.158536585,0.174757282,0.160869565,0.163934426
E01020284,0.204204204,0.2,0.188405797,0.224852071,0.211428571,0.273224044,0.262872629,0.227642276
E01020285,0.237681159,0.233429395,0.210084034,0.217647059,0.24260355,0.266475645,0.213513514,0.212121212
E01020286,0.170854271,0.157068063,0.160621762,0.159340659,0.141975309,0.189655172,0.220994475,0.206060606
E01020287,0.203947368,0.213235294,0.268907563,0.181102362,0.183206107,0.202702703,0.369565217,0.232876712
E01020288,0.352631579,0.21,0.204761905,0.214634146,0.213953488,0.256157635,0.163265306,0.157635468
E01020289,0.25625,0.257575758,0.192592593,0.164179104,0.181102362,0.19379845,0.206349206,0.196850394
E01020290,0.16080402,0.180412371,0.172774869,0.155172414,0.121212121,0.108247423,0.131578947,0.150537634
E01020291,0.206703911,0.189473684,0.198895028,0.152542373,0.174157303,0.142857143,0.167630058,0.168604651
E01020292,0.265151515,0.228346457,0.247787611,0.31092437,0.204379562,0.265306122,0.158273381,0.161764706
E01020293,0.23100304,0.272727273,0.242524917,0.215686275,0.186131387,0.142857143,0.158730159,0.173584906
E01020294,0.365957447,0.329710145,0.306709265,0.271604938,0.24556213,0.151335312,0.194842407,0.183615819
E01020295,0.218274112,0.192708333,0.145,0.165775401,0.137566138,0.195979899,0.146226415,0.149758454
E01020296,0.142076503,0.130681818,0.129213483,0.130952381,0.191780822,0.167701863,0.15,0.193939394
E01020297,0.324324324,0.361904762,0.365740741,0.36407767,0.330357143,0.347619048,0.257142857,0.328502415
E01020298,0.25462963,0.227906977,0.252336449,0.225108225,0.172995781,0.170212766,0.161434978,0.194570136
E01020299,0.225988701,0.205882353,0.18125,0.25,0.203703704,0.215686275,0.136645963,0.195266272
E01020300,0.203125,0.155844156,0.121019108,0.118421053,0.147651007,0.150684932,0.136690647,0.117241379
E01020301,0.193415638,0.167346939,0.169291339,0.142241379,0.112107623,0.178403756,0.156521739,0.179824561
E01020302,0.213541667,0.242268041,0.244565217,0.231213873,0.192771084,0.182352941,0.195266272,0.189873418
E01020303,0.219101124,0.212121212,0.23030303,0.188311688,0.170731707,0.222857143,0.188235294,0.163522013
E01020304,0.225108225,0.181818182,0.230414747,0.192825112,0.185840708,0.25106383,0.217948718,0.216326531
E01020305,0.260504202,0.216,0.213675214,0.272,0.282258065,0.286885246,0.313043478,0.327731092
E01020306,0.252631579,0.26,0.233695652,0.185,0.227272727,0.201005025,0.158163265,0.197115385
E01020307,0.347402597,0.273356401,0.249180328,0.26056338,0.27972028,0.290322581,0.296167247,0.299295775
E01020308,0.181318681,0.188571429,0.206521739,0.201005025,0.183246073,0.206185567,0.190217391,0.167567568
E01020309,0.256880734,0.252631579,0.221621622,0.224852071,0.161290323,0.198895028,0.208333333,0.199004975
E01020310,0.17218543,0.208860759,0.234899329,0.238410596,0.220689655,0.208860759,0.198757764,0.1625
E01020311,0.18061674,0.154185022,0.185950413,0.172131148,0.149606299,0.185873606,0.17114094,0.118032787
E01020312,0.18125,0.182432432,0.150684932,0.143835616,0.153846154,0.105263158,0.115646259,0.144827586
E01020313,0.264248705,0.265625,0.183673469,0.195876289,0.152777778,0.144927536,0.155339806,0.222797927
E01020314,0.331550802,0.295918367,0.209183673,0.12755102,0.130653266,0.158974359,0.172774869,0.157894737
E01020315,0.119760479,0.137724551,0.136645963,0.132911392,0.10982659,0.098837209,0.155688623,0.111731844
E01020316,0.129943503,0.110429448,0.111801242,0.130434783,0.076433121,0.078313253,0.112426036,0.076470588
E01020317,0.213114754,0.213114754,0.194690265,0.201550388,0.148760331,0.126126126,0.163934426,0.135135135
E01020318,0.251612903,0.223529412,0.194968553,0.105960265,0.083870968,0.105960265,0.084848485,0.098765432
E01020319,0.364779874,0.280487805,0.222222222,0.144927536,0.130136986,0.13125,0.153374233,0.16374269
E01020320,0.211640212,0.195979899,0.172222222,0.150837989,0.156069364,0.148809524,0.137566138,0.138121547
E01020321,0.203508772,0.214788732,0.182156134,0.182795699,0.117647059,0.181132075,0.139097744,0.223404255
E01020322,0.247148289,0.272727273,0.218181818,0.176470588,0.133126935,0.159663866,0.169491525,0.188016529
E01020323,0.259259259,0.231578947,0.27173913,0.241935484,0.241025641,0.302702703,0.25,0.280788177
E01020324,0.138728324,0.147239264,0.125,0.090277778,0.109589041,0.131578947,0.14084507,0.158730159
E01020325,0.134020619,0.16751269,0.157894737,0.162561576,0.177664975,0.150259067,0.179347826,0.164705882
E01020326,0.294964029,0.289377289,0.283018868,0.211155378,0.189922481,0.162698413,0.203821656,0.166666667
E01020327,0.25210084,0.229249012,0.151162791,0.166666667,0.101886792,0.082733813,0.105633803,0.125475285
E01020328,0.319306931,0.315533981,0.225653207,0.180586907,0.147321429,0.161797753,0.156599553,0.190265487
E01020329,0.310880829,0.322404372,0.25,0.222222222,0.188235294,0.17791411,0.154285714,0.157068063
E01020330,0.271777003,0.288590604,0.217391304,0.194852941,0.158490566,0.149425287,0.137037037,0.13671875
E01020331,0.188340807,0.221649485,0.190243902,0.168421053,0.142105263,0.146341463,0.124137931,0.089041096
E01020332,0.191616766,0.17791411,0.190140845,0.196850394,0.114503817,0.107913669,0.138888889,0.141104294
E01020333,0.225806452,0.224334601,0.221276596,0.225941423,0.227091633,0.175572519,0.182879377,0.191056911
E01020334,0.28627451,0.244094488,0.230769231,0.174904943,0.233463035,0.249056604,0.172932331,0.178181818
E01020335,0.180645161,0.206451613,0.219512195,0.160493827,0.174193548,0.187919463,0.116564417,0.125786164
E01020336,0.202797203,0.177777778,0.152173913,0.095238095,0.116666667,0.086956522,0.064220183,0.064814815
E01020337,0.226277372,0.263157895,0.263565891,0.26618705,0.188811189,0.151724138,0.179310345,0.181818182
E01020338,0.291793313,0.292168675,0.220930233,0.239766082,0.214076246,0.221264368,0.190201729,0.161473088
E01020339,0.263414634,0.229166667,0.165,0.184466019,0.138095238,0.137614679,0.14354067,0.146226415
E01020340,0.267605634,0.231884058,0.181208054,0.175572519,0.194244604,0.184615385,0.170731707,0.149253731
E01020341,0.170542636,0.1640625,0.119047619,0.148760331,0.097014925,0.115942029,0.114285714,0.125
E01020342,0.230769231,0.201834862,0.201923077,0.191919192,0.157635468,0.163366337,0.162303665,0.149038462
E01032628,0.180602007,0.197183099,0.246527778,0.263157895,0.122807018,0.098939929,0.103806228,0.118055556
E01032657,,,,,,,,
E01032658,,,,,,,,
E01033232,0.256410256,0.243478261,0.305309735,0.230769231,0.288,0.167315175,0.167286245,0.181467181
E01033233,0.191489362,0.176870748,0.115853659,0.125,0.131736527,0.116666667,0.125,0.157303371
E01033234,0.217898833,0.209737828,0.209302326,0.2,0.220216606,0.113207547,0.122222222,0.120634921
E01033235,0.205357143,0.132075472,0.12745098,0.118811881,0.11827957,0.08045977,0.085365854,0.159574468
E01033236,0.186666667,0.208333333,0.169014085,0.098591549,0.126436782,0.104651163,0.137931034,0.088607595
E07000040,0.199129082,0.208650131,0.20325863,0.209285188,0.182548864,0.160228218,0.17040122,0.17320883
E07000041,0.284847577,0.275676885,0.230135979,0.214768024,0.196796999,0.166927009,0.167654112,0.177495162
E07000042,0.231094862,0.233634095,0.223046536,0.221074775,0.161044406,0.160469108,0.158163265,0.163780398
E07000043,0.229832819,0.236289334,0.224836601,0.228807324,0.19804401,0.18900675,0.177362344,0.182789827
E07000044,0.204831933,0.195405586,0.182318841,0.183513248,0.151007044,0.145586626,0.144734203,0.132867133
E07000045,0.214250432,0.204889551,0.208747266,0.219629116,0.189963709,0.170562932,0.177160494,0.160302063
E07000046,0.244936234,0.238873523,0.227089119,0.222715736,0.215256139,0.230712621,0.200826145,0.195095302
E07000047,0.240498344,0.235599622,0.198972218,0.178698608,0.155498965,0.156626506,0.154323863,0.160577218
E10000008,0.229063114,0.227024005,0.212621432,0.212040926,0.183137792,0.171093195,0.169545611,0.16871763
E06000026,,,,,,,,
E06000027,,,,,,,,
IMDQ1,0.327333612,0.335102994,0.30376569,0.307595993,0.281039067,0.27107438,0.247416288,0.248359311
IMDQ2,0.277618727,0.268489693,0.245060292,0.24352004,0.209592889,0.196793123,0.191447102,0.193431392
IMDQ3,0.217776575,0.220385396,0.206924671,0.202612591,0.180518198,0.166839969,0.164188988,0.163946247
IMDQ4,0.200514938,0.196576648,0.187764371,0.187686895,0.157821046,0.150955634,0.155992525,0.152087894
IMDQ5,0.17748503,0.177745548,0.174328886,0.18164885,0.146666667,0.129751933,0.1341503,0.132082969
E02003122,,,,,,,,
E02003123,,,,,,,,
E02003124,,,,,,,,
E02003125,,,,,,,,
E02003126,,,,,,,,
E02003127,,,,,,,,
E02003128,,,,,,,,
E02003129,,,,,,,,
E02003130,,,,,,,,
E02003131,,,,,,,,
E02003132,,,,,,,,
E02003133,,,,,,,,
E02003134,,,,,,,,
E02003135,,,,,,,,
E02003136,,,,,,,,
E02003137,,,,,,,,
E02003138,,,,,,,,
E02003139,,,,,,,,
E02003140,,,,,,,,
E02003141,,,,,,,,
E02003142,,,,,,,,
E02003143,,,,,,,,
E02003144,,,,,,,,
E02003145,,,,,,,,
E02003146,,,,,,,,
E02003147,,,,,,,,
E02003148,,,,,,,,
E02003149,,,,,,,,
E02003150,,,,,,,,
E02003151,,,,,,,,
E02003152,,,,,,,,
E02003153,,,,,,,,
E02003154,,,,,,,,
E02003155,,,,,,,,
E02003156,,,,,,,,
E02003157,,,,,,,,
E02003158,,,,,,,,
E02003159,,,,,,,,
E02003161,,,,,,,,
E02003163,,,,,,,,
E02003164,,,,,,,,
E02003165,,,,,,,,
E02003166,,,,,,,,
E02003167,,,,,,,,
E02003168,,,,,,,,
E02003169,,,,,,,,
E02003170,,,,,,,,
E02003171,,,,,,,,
E02004129,0.139130435,0.15851602,0.169491525,0.155844156,0.140495868,0.117355372,0.137096774,0.146818923
E02004130,0.231741573,0.225806452,0.230182927,0.166163142,0.143484627,0.124814264,0.145645646,0.170087977
E02004131,0.194174757,0.192961165,0.190537084,0.165364583,0.129441624,0.109974425,0.124833997,0.130666667
E02004132,0.174698795,0.201203783,0.201890034,0.22193659,0.117647059,0.126506024,0.132540357,0.1432247
E02004133,0.200923788,0.238095238,0.192799071,0.194444444,0.186746988,0.181609195,0.184296619,0.175324675
E02004134,0.223157895,0.233997901,0.223205506,0.21857486,0.20966644,0.222727273,0.250511247,0.207702889
E02004135,0.212201592,0.224324324,0.132876712,0.139695712,0.146932953,0.161785216,0.157894737,0.168908819
E02004136,0.170316302,0.208825847,0.208737864,0.230278884,0.118441971,0.117327117,0.12165264,0.134485349
E02004137,0.183098592,0.161710037,0.160377358,0.144444444,0.129343629,0.111111111,0.130769231,0.144230769
E02004138,0.160305344,0.157164869,0.097484277,0.097178683,0.107142857,0.11908646,0.128333333,0.143801653
E02004139,0.294973545,0.242197253,0.224539877,0.240583232,0.217980296,0.197575758,0.166262136,0.184914842
E02004140,0.199541284,0.153318078,0.139150943,0.147959184,0.150895141,0.104878049,0.102040816,0.116094987
E02004141,0.178617992,0.177027027,0.192043896,0.221288515,0.17768595,0.130617978,0.145578231,0.161111111
E02004142,0.201160542,0.19245283,0.172972973,0.197860963,0.192041522,0.182758621,0.206956522,0.186688312
E02004143,0.167192429,0.188108108,0.182015168,0.215419501,0.192353644,0.151586369,0.164034022,0.164691943
E02004144,0.193002257,0.214285714,0.226826609,0.232978723,0.214435146,0.167875648,0.170408163,0.171968191
E02004145,0.148606811,0.16124031,0.216612378,0.197767145,0.214862682,0.188925081,0.207006369,0.200626959
E02004146,0.242628475,0.262652705,0.274111675,0.285353535,0.281487743,0.200505476,0.20642978,0.213682432
E02004147,0.209937888,0.222490931,0.252071006,0.263282172,0.239285714,0.177647059,0.178694158,0.185227273
E02004148,0.235151515,0.253929867,0.248462485,0.268518519,0.25952381,0.189903846,0.199760766,0.222222222
E02004149,0.210622711,0.193726937,0.156794425,0.155405405,0.123953099,0.110927152,0.116357504,0.122349103
E02004150,0.329009434,0.315420561,0.296639629,0.277227723,0.241042345,0.235991379,0.2131324,0.208874459
E02004151,0.269015212,0.29723127,0.292682927,0.258346582,0.231085526,0.178855326,0.164025357,0.180640244
E02004152,0.201219512,0.191222571,0.167682927,0.151057402,0.142857143,0.147590361,0.142011834,0.15210356
E02004153,0.330464716,0.321366025,0.228373702,0.225473322,0.186528497,0.177852349,0.195038494,0.230832646
E02004154,0.203985932,0.185747664,0.191275168,0.185423365,0.193688792,0.139226519,0.115294118,0.13202934
E02004155,0.268644068,0.276719138,0.269587195,0.236842105,0.223918575,0.157939914,0.162393162,0.157493649
E02004156,0.289978678,0.252723312,0.204498978,0.182186235,0.172995781,0.161554192,0.162337662,0.195698925
E02004157,0.153846154,0.171247357,0.167938931,0.131212724,0.120689655,0.109615385,0.076779026,0.10331384
E02004158,0.34502924,0.31786772,0.223735409,0.201154957,0.185891325,0.159779614,0.175266904,0.198938992
E02004159,0.221523959,0.215314632,0.208807897,0.184328358,0.191983122,0.132176235,0.152595372,0.15162037
E02004160,0.341853035,0.333680918,0.194791667,0.184375,0.173036093,0.142706131,0.158498436,0.168159204
E02004161,0.362056984,0.332207968,0.281932495,0.288737201,0.252580867,0.219328307,0.221760222,0.218367347
E02004162,0.290978399,0.296937417,0.184032476,0.173913043,0.152258065,0.15926893,0.163185379,0.162025316
E02004163,0.274780427,0.24563591,0.214906832,0.212941176,0.204671858,0.19721329,0.18877551,0.1937751
E02004164,0.245125348,0.216142271,0.207865169,0.216833096,0.158865248,0.158660844,0.148876404,0.154506438
E02004165,0.234530938,0.237358101,0.23397762,0.237487733,0.129778672,0.140756303,0.128787879,0.133056133
E02004166,0.15496368,0.153284672,0.159653465,0.152521525,0.130434783,0.142509135,0.144994246,0.170786517
E02004167,0.301427372,0.301392301,0.285714286,0.287693562,0.175621492,0.185245902,0.2112,0.209016393
E02004168,0.305263158,0.325315006,0.316985646,0.317102138,0.217237308,0.199312715,0.194630872,0.203125
E02004169,0.224742268,0.230691057,0.229908444,0.228426396,0.165137615,0.187110187,0.179591837,0.190524194
E02004170,0.264644351,0.226570546,0.213346815,0.255072464,0.144761905,0.155075188,0.17360496,0.161752317
E02004171,0.158252427,0.168287938,0.164593301,0.172579099,0.133076181,0.152952565,0.145176695,0.148430067
E02004172,0.172808132,0.232496697,0.201787995,0.176774194,0.181360202,0.177199504,0.150784077,0.139825218
E02004173,0.208969466,0.212621359,0.172172172,0.141282565,0.135025381,0.12,0.130306022,0.138751239
E02004174,0.2512364,0.245155039,0.24975223,0.22254902,0.202097235,0.14686623,0.119152692,0.142732811
E02004175,0.280701754,0.308767471,0.245330012,0.28960396,0.237100737,0.263496144,0.19369895,0.217703349
E02004176,0.165662651,0.189107413,0.205414013,0.236714976,0.203497615,0.194277108,0.186259542,0.175925926
E02004177,0.236401674,0.28012685,0.23223754,0.251612903,0.252653928,0.248962656,0.202407002,0.232044199
E02004178,0.190977444,0.196946565,0.181137725,0.181681682,0.16374269,0.148148148,0.127371274,0.146938776
E02004179,0.143248175,0.165750916,0.2,0.192513369,0.157618214,0.145689655,0.151162791,0.13866878
E02004180,0.183462532,0.202684564,0.177285319,0.177150193,0.165580183,0.143421053,0.12596401,0.149100257
E02004181,0.210594315,0.216107383,0.191117093,0.201051248,0.182278481,0.171794872,0.163870968,0.193266833
E02004182,0.267073171,0.300842359,0.270531401,0.269859813,0.239952719,0.224256293,0.209195402,0.218053927
E02004183,0.251184834,0.272727273,0.298107256,0.263422819,0.20642978,0.178082192,0.181169757,0.193164933
E02004184,0.27688172,0.259776536,0.241188666,0.244940684,0.21641791,0.21334214,0.221173297,0.221419185
E02004185,0.1950078,0.172932331,0.195814649,0.208588957,0.203470032,0.166936791,0.157012195,0.156472262
E02004186,0.226264419,0.252181501,0.253054101,0.237168142,0.168362627,0.16728281,0.166374781,0.185348632
E02004187,0.309440559,0.255190311,0.223284101,0.224525043,0.183848797,0.179245283,0.170090386,0.157937147
E02004188,0.214285714,0.193931398,0.20576671,0.21220527,0.195224719,0.183195592,0.198380567,0.156808803
E02004189,0.182163188,0.169064748,0.179715302,0.207089552,0.178431373,0.176470588,0.176470588,0.174757282
E02004190,0.247151621,0.259856631,0.237226277,0.245300752,0.19245283,0.197211155,0.204268293,0.181043663
E02004191,0.228723404,0.199312715,0.190222222,0.202425373,0.196446199,0.162626263,0.17061144,0.160678643
E02004192,0.158402204,0.162125341,0.155462185,0.131147541,0.138248848,0.142208775,0.119685039,0.120717781
E02004193,0.19887165,0.210881078,0.196648595,0.211834908,0.146560319,0.158561297,0.150627615,0.135416667
E02004194,0.205813953,0.180442375,0.160465116,0.156214367,0.136741974,0.109684947,0.109429569,0.101925255
E02004195,0.292808219,0.28245614,0.275563258,0.247689464,0.190566038,0.15370019,0.13111546,0.140900196
E02004196,0.194565217,0.170575693,0.173535792,0.150054765,0.120833333,0.132725431,0.142268041,0.117234469
E02004197,0.194954128,0.171232877,0.20952381,0.210161663,0.168918919,0.152542373,0.138947368,0.107723577
E02004198,0.188826816,0.169045005,0.128635347,0.127312296,0.111612176,0.127462341,0.118993135,0.092633929
E02004199,0.148829431,0.14893617,0.120915033,0.1216,0.1197411,0.110419907,0.12539185,0.146050671
E02004200,0.190566038,0.156673114,0.126159555,0.142045455,0.114490161,0.082720588,0.11033275,0.10877193
E02004201,0.219123506,0.222011385,0.211026616,0.174950298,0.168604651,0.138401559,0.128256513,0.113243762
E02004202,0.241062308,0.21302999,0.225186766,0.207291667,0.15136226,0.169169169,0.163708087,0.166666667
E02004203,0.181568088,0.165277778,0.173850575,0.169390788,0.169753086,0.137670197,0.16,0.166666667
E02004204,0.179003021,0.173134328,0.186902134,0.194864048,0.183951552,0.135298564,0.147230321,0.15323741
E02004205,0.245073892,0.207894737,0.20074813,0.187041565,0.159227986,0.124145786,0.126934985,0.135643564
E02004206,0.237942122,0.226229508,0.203071672,0.181338028,0.142114385,0.137417219,0.187396352,0.163701068
E02004207,0.215811966,0.213203463,0.231802912,0.246753247,0.230046948,0.178823529,0.194945848,0.181034483
E02004208,0.182998819,0.187573271,0.202702703,0.204872647,0.144241119,0.143007361,0.141935484,0.117154812
E02004209,0.220621683,0.194776119,0.183812405,0.204458109,0.212999217,0.159772912,0.162921348,0.134185304
E02004210,0.32247191,0.291618829,0.299773756,0.294520548,0.206741573,0.193103448,0.179487179,0.172966781
E02004211,0.186764706,0.172619048,0.190615836,0.183856502,0.148091603,0.141706924,0.137984496,0.123003195
E02004212,0.169965076,0.206174201,0.186516854,0.212121212,0.191733639,0.212741752,0.216589862,0.177700348
E02004213,0.174174174,0.207658321,0.210294118,0.252336449,0.202719407,0.191860465,0.195121951,0.165730337
E02004214,0.249101796,0.243373494,0.230769231,0.263537906,0.226118501,0.214030916,0.241338112,0.204938272
E02004215,0.230853392,0.220204313,0.240883978,0.2875,0.2375,0.217536071,0.213364596,0.183374083
E02004216,0.244818653,0.212201592,0.224627876,0.245231608,0.208053691,0.200577201,0.195744681,0.17679558
E02004217,0.223318386,0.229241877,0.239848914,0.259189444,0.255419416,0.212806026,0.218691589,0.222011385
E02004218,0.142857143,0.153139357,0.148148148,0.15640599,0.13495935,0.155279503,0.159305994,0.120743034
E02004219,0.179624665,0.147222222,0.154811715,0.191977077,0.164005806,0.151975684,0.191455696,0.142630745
E02004220,0.275482094,0.292372881,0.275216138,0.283382789,0.260623229,0.278350515,0.193693694,0.252615845
E02004221,0.216161616,0.20113852,0.207692308,0.198501873,0.178907721,0.176252319,0.166347992,0.163498099
E02004222,0.223776224,0.204081633,0.186956522,0.203366059,0.234519104,0.24151436,0.191576087,0.170380079
E02004223,0.268829027,0.288513881,0.258256632,0.262817053,0.257575758,0.290611028,0.222812953,0.204754973
E02004224,0.243589744,0.188489209,0.175463623,0.197349043,0.186317322,0.221126761,0.15417256,0.164556962
E02004225,0.280660377,0.235981308,0.235722965,0.225961538,0.242206235,0.25748503,0.243990385,0.254672897
E02004226,0.194857916,0.187766714,0.215492958,0.185082873,0.168918919,0.202290076,0.222488038,0.159748428
E02004227,0.256721596,0.26440678,0.25,0.225413403,0.198774081,0.160538117,0.185022026,0.182608696
E02004228,0.192259675,0.183727034,0.172056921,0.153739612,0.133802817,0.164788732,0.174690509,0.181303116
E02004229,0.24137931,0.246362755,0.217391304,0.182466871,0.147173489,0.164107486,0.166666667,0.183399209
E02004230,0.29144385,0.290575916,0.210292813,0.18744551,0.145470383,0.142109852,0.139455782,0.158347676
E02004231,0.282485876,0.240223464,0.212643678,0.174743025,0.152974504,0.172268908,0.16,0.176470588
E02004232,0.225201072,0.228965517,0.185135135,0.156944444,0.15862069,0.158357771,0.163297045,0.141706924
E02004233,0.240585774,0.23554007,0.216713881,0.201716738,0.19527897,0.185523542,0.161425577,0.158436214
E02004234,0.18901454,0.182250396,0.16360601,0.160472973,0.130794702,0.137645108,0.146218487,0.143106457
E02004235,0.176470588,0.17761194,0.147590361,0.153262519,0.124260355,0.109038737,0.136429608,0.141193595
E02006840,,,,,,,,
TOWN01,0.223318386,0.229241877,0.239848914,0.259189444,0.255419416,0.212806026,0.218691589,0.222011385
TOWN02,0.194823868,0.217958001,0.171428571,0.178544636,0.167041199,0.162536443,0.168674699,0.165359943
TOWN03,0.235649054,0.2450364,0.234467944,0.231262327,0.199274167,0.187053861,0.181904913,0.193411097
TOWN04,0.252509821,0.248202223,0.231422968,0.238199301,0.232301823,0.252952144,0.194727009,0.194020619
TOWN05,0.156996587,0.17522245,0.192982456,0.190318302,0.157105606,0.141311267,0.136363636,0.132821724
TOWN06,0.21398454,0.229868748,0.20852741,0.180809166,0.17291372,0.146036161,0.131764706,0.140588036
TOWN07,0.212558764,0.204545455,0.1960199,0.213316096,0.142219388,0.162805459,0.166819152,0.169171824
TOWN08,0.229927007,0.224358974,0.215722121,0.188516746,0.161448141,0.153617443,0.133673469,0.150406504
TOWN09,0.245710784,0.226572529,0.21166033,0.199873897,0.160431198,0.141133896,0.155083285,0.14870317
TOWN10,0.277976694,0.26774966,0.227408966,0.21144387,0.193105552,0.169575317,0.174819052,0.179401428
TOWN11,0.200559855,0.215481518,0.228332239,0.241990568,0.229204266,0.176355323,0.185800358,0.190006468
TOWN12,0.250735294,0.224474474,0.233927188,0.213414634,0.218939394,0.23964497,0.246715328,0.229569094
TOWN13,0.230296827,0.232749743,0.218895199,0.197755211,0.173866091,0.162191781,0.180988185,0.182112069
TOWN14,0.190415062,0.203199308,0.205197133,0.164456233,0.133362676,0.117725455,0.133512545,0.146092362
TOWN15,0.229476153,0.259581193,0.226370135,0.250099721,0.229984301,0.234265734,0.195279787,0.214728682
TOWN16,0.198706512,0.198030879,0.193438141,0.199538106,0.149908173,0.156750572,0.152823145,0.135569532
TOWN17,0.180517082,0.158592322,0.12234763,0.123287671,0.107631231,0.098979139,0.10826087,0.098248612
TOWN18,0.173076923,0.201342282,0.211678832,0.287878788,0.186046512,0.178861789,0.123893805,0.089285714
TOWN19,0.18491921,0.172043011,0.188990826,0.169776119,0.173828125,0.147792706,0.171483622,0.181467181
TOWN20,0.20026854,0.194205898,0.196947522,0.221467968,0.199135568,0.177709568,0.186378424,0.161546499
TOWN21,0.268991283,0.257352941,0.20622084,0.174702567,0.143423863,0.152777778,0.152552039,0.160245673
TOWN22,0.173838943,0.205031447,0.208828523,0.231450253,0.135572139,0.134141572,0.134480063,0.138321995
TOWN23,0.188647746,0.187765506,0.115780446,0.111870196,0.12971078,0.145580589,0.150758252,0.169369369
TOWN24,0.238938053,0.193680515,0.192033294,0.211678832,0.1893708,0.153110048,0.141822571,0.158633313
TOWN25,0.275689223,0.228960396,0.209359606,0.212765957,0.178907721,0.173267327,0.173990499,0.158328428
TOWN26,0.209177592,0.208622249,0.190842041,0.182156134,0.167177914,0.162940276,0.15779703,0.156935434
TOWN27,0.247467438,0.235065566,0.248233632,0.243626062,0.168680297,0.161305361,0.154571159,0.139082058
TOWN28,0.250746863,0.251920425,0.246284922,0.249702499,0.169061876,0.172441743,0.172641698,0.17431562
TOWN29,0.224137931,0.208971554,0.200226244,0.207680251,0.188989318,0.165494415,0.169717138,0.154682274
DIV1,0.308016878,0.296207104,0.178507463,0.166568915,0.153531816,0.139225881,0.151293588,0.152209493
DIV2,0.197225573,0.212804878,0.224619289,0.247975078,0.22710396,0.189106487,0.2003621,0.189896531
DIV3,0.194132873,0.221546481,0.175284838,0.180744777,0.169569203,0.164921466,0.169191919,0.165540541
DIV4,0.24141812,0.259851513,0.235260771,0.239397321,0.214994487,0.199781659,0.187568157,0.205642973
DIV5,0.270381837,0.264815804,0.259004237,0.249730313,0.210916799,0.202709483,0.210526316,0.213751868
DIV6,0.202913632,0.193877551,0.204102564,0.218124341,0.183957219,0.170984456,0.160493827,0.154973822
DIV7,0.26056338,0.273829201,0.245262588,0.250262881,0.262836807,0.28132739,0.206913828,0.190263289
DIV8,0.243884892,0.216678546,0.198418404,0.215934475,0.202440775,0.244217687,0.196569921,0.187910644
DIV9,0.192400483,0.189057751,0.208078335,0.212101911,0.19883796,0.159609121,0.175496689,0.166780123
DIV10,0.156996587,0.17522245,0.192982456,0.190318302,0.157105606,0.141311267,0.136363636,0.132821724
DIV11,0.224419604,0.235695986,0.216586151,0.215353261,0.208284024,0.21928934,0.245421245,0.205978706
DIV12,0.18757764,0.180086048,0.188007495,0.190996785,0.181353768,0.132659507,0.145703611,0.15324046
DIV13,0.20681458,0.218579235,0.210196078,0.213429257,0.171221865,0.173560422,0.169452888,0.186696901
DIV14,0.183137526,0.202112676,0.196649672,0.204657728,0.186713287,0.17053206,0.162381597,0.168249661
DIV15,0.229037704,0.241398446,0.221843003,0.193860148,0.18021978,0.145957678,0.121402407,0.143081761
DIV16,0.176773455,0.185705917,0.170361727,0.15380117,0.14251497,0.149881517,0.142608696,0.139797739
DIV17,0.233245729,0.213959556,0.202297384,0.23409512,0.145200486,0.153569286,0.16609589,0.156198798
DIV18,0.218320611,0.214723926,0.209140201,0.183168317,0.16172735,0.147306397,0.12478185,0.129893238
DIV19,0.241980474,0.216058394,0.201729107,0.184704185,0.152204836,0.129554656,0.150127226,0.1456743
DIV20,0.240251572,0.20703125,0.17961165,0.17116061,0.136258661,0.120828539,0.121247113,0.129330254
DIV21,0.246666667,0.221393035,0.223639456,0.201353638,0.159934048,0.168566775,0.1592,0.156617071
DIV22,0.197144799,0.213315217,0.234758234,0.238765929,0.240575737,0.189488243,0.202868852,0.212765957
DIV23,0.201701932,0.216040797,0.225974615,0.242808607,0.227262366,0.173579802,0.181777176,0.182566155
DIV24,0.347398031,0.335246294,0.236164122,0.224761905,0.194285714,0.176197118,0.19335206,0.227623807
DIV25,0.206012814,0.207603802,0.213878819,0.187827912,0.136036961,0.117037804,0.133017876,0.145539906
DIV26,0.210687023,0.21091997,0.222305389,0.214611872,0.182552504,0.160098522,0.160436137,0.158970477
DIV27,0.258148631,0.24534361,0.208527648,0.171409214,0.137931034,0.151495863,0.154741129,0.16961326
DIV28,0.250134771,0.246946362,0.246641591,0.221743811,0.211260054,0.144230769,0.148424987,0.147916667
DIV29,0.230296827,0.232749743,0.218895199,0.197755211,0.173866091,0.162191781,0.180988185,0.182112069
DIV30,0.256556442,0.293133295,0.238258877,0.269275029,0.245444191,0.255453502,0.198193111,0.225157955
DIV31,0.158527955,0.149892934,0.155061019,0.169161677,0.142857143,0.152337858,0.164759725,0.125379939
DIV32,0.19887165,0.210881078,0.196648595,0.211834908,0.146560319,0.158561297,0.150627615,0.135416667
DIV33,0.17280643,0.160972405,0.125498008,0.125,0.114950166,0.120185923,0.121693122,0.115507339
DIV34,0.219763253,0.194174757,0.188149688,0.209947644,0.200967222,0.159331476,0.159609121,0.137053088
DIV35,0.211066743,0.226150393,0.210911136,0.24375347,0.215270414,0.22107438,0.22889115,0.194747275
DIV36,0.232402235,0.214852608,0.229722065,0.260693642,0.219470046,0.207524985,0.210836278,0.178764247
DIV37,0.251433251,0.253441296,0.246293245,0.245860927,0.225545675,0.23316913,0.181665265,0.213389121
DIV38,0.264989293,0.266702298,0.200321371,0.175682914,0.150560598,0.148168398,0.147883452,0.152551879
DIV39,0.174789916,0.202109939,0.210285714,0.236134934,0.140112994,0.123180291,0.129619415,0.146461876
DIV40,0.290478752,0.314845024,0.300703083,0.274058577,0.243329776,0.208182289,0.189021233,0.197261663
DIV41,0.197289157,0.169811321,0.14254386,0.128727273,0.106082037,0.089285714,0.097134871,0.094650206
DIV42,0.181154127,0.189591078,0.125472411,0.118922962,0.12972973,0.144171779,0.150913423,0.166266986
DIV43,0.253400143,0.200842697,0.191414497,0.203876525,0.18922853,0.157597173,0.141319943,0.156862745
DIV44,0.218362283,0.214197531,0.210559796,0.213273196,0.16698054,0.176844784,0.191434134,0.154551408
DIV45,0.289992695,0.237128354,0.226017442,0.230316409,0.193123628,0.184305256,0.176842105,0.150530035
DIV46,0.248427673,0.253611557,0.192930781,0.173716012,0.164869029,0.152366864,0.130168453,0.158730159
DIV47,0.214944649,0.190348525,0.186026201,0.170445004,0.176767677,0.154782609,0.134113411,0.148550725
DIV48,0.240585774,0.23554007,0.216713881,0.201716738,0.19527897,0.185523542,0.161425577,0.158436214
DIV49,0.254461716,0.240139211,0.251128668,0.249016301,0.17482133,0.166941241,0.159955257,0.143794423
DIV50,0.263208453,0.266508314,0.253724395,0.260971055,0.159090909,0.165867689,0.172709924,0.177592955
DIV51,0.286372614,0.295219638,0.292194797,0.29353562,0.188118812,0.179220779,0.182926829,0.185945274
DIV52,0.240705734,0.214239897,0.226353555,0.206940874,0.207750953,0.230721777,0.233213429,0.208964264
DIV53,0.224862888,0.195429946,0.188937228,0.202973497,0.19100346,0.156509695,0.163461538,0.151473612
DIV54,0.243739566,0.219903692,0.195566112,0.187405159,0.172365666,0.165695793,0.161640531,0.175882353
DIV55,0.159527326,0.183345508,0.172011662,0.176056338,0.122072392,0.125,0.134751773,0.146324054
DIV56,0.199312715,0.195008706,0.196692262,0.189836449,0.152341434,0.170072115,0.166283084,0.180493274
DIV57,0.315666041,0.300872761,0.26344329,0.255289788,0.24149034,0.193144975,0.204880295,0.196253345
DIV58,0.192026578,0.186452046,0.170006911,0.167710508,0.142372881,0.144781145,0.154891304,0.161312372
CHSCTAXE,0.210550887,0.199906257,0.164253501,0.172854388,0.165572575,0.15412101,0.153258534,0.163776493
CHSCTBARNSTAPLE,0.242369113,0.252735907,0.238203173,0.235438381,0.202224469,0.191077773,0.185315368,0.201049971
CHSCTBIDEFORD,0.238934803,0.242540729,0.229460201,0.232224876,0.224329746,0.235874439,0.190973451,0.18907563
CHSCTBRAUNTON,0.201962192,0.227722772,0.213923133,0.22956354,0.202089765,0.198453608,0.171474359,0.179890561
CHSCTCREDITON,0.219646799,0.229441997,0.206664171,0.17335352,0.163602941,0.133983388,0.121830986,0.135125575
CHSCTCULLOMPTON,0.204328781,0.200873362,0.192081737,0.20425,0.142360248,0.16039604,0.163137632,0.164991821
CHSCTDAWLISH,0.24059293,0.222708698,0.224914481,0.214857143,0.162436548,0.148476454,0.152804118,0.141511972
CHSCTEXETERCHALL,0.285231252,0.276282438,0.220983213,0.204844291,0.18936099,0.172472751,0.187815689,0.187878788
CHSCTEXETERSYCAMORE,0.271518444,0.261183465,0.237931034,0.2250342,0.204081633,0.175217683,0.163046393,0.171035036
CHSCTEXMOUTH,0.200559855,0.215481518,0.228332239,0.241990568,0.229204266,0.176355323,0.185800358,0.190006468
CHSCTHONITON,0.180700956,0.201226437,0.204524254,0.19583815,0.125693161,0.114852399,0.126929279,0.139396709
CHSCTIVYBRIDGE,0.209390065,0.211999152,0.204191876,0.20788609,0.153172867,0.162841057,0.159468439,0.138417456
CHSCTKINGSBRIDGE,0.180517082,0.158592322,0.12234763,0.123287671,0.107631231,0.098979139,0.10826087,0.098248612
CHSCTNABBOT,0.20211477,0.196768165,0.198604342,0.222771721,0.198171072,0.179730182,0.186651958,0.162014231
CHSCTOKE,0.253355705,0.24716929,0.20881605,0.180739904,0.15305269,0.158305463,0.158988016,0.173413424
CHSCTSMOLTON,0.260150376,0.227386307,0.213620774,0.21037037,0.178942165,0.180682364,0.177140255,0.154783394
CHSCTTAVISTOCK,0.203238866,0.201303993,0.181043956,0.177752935,0.162622036,0.155004182,0.152609309,0.149219858
CHSCTTEIGN,0.21762157,0.208866995,0.222395833,0.240546218,0.23296355,0.179805616,0.194323144,0.191873589
CHSCTTIVERTON,0.260661535,0.259358289,0.252797348,0.255587748,0.174202959,0.172690763,0.175120017,0.174457429
CHSCTTORRINGTON,0.24559956,0.228269925,0.224443819,0.208440262,0.194381385,0.201587752,0.204373423,0.197966676
CHSCTTOTNES,0.221420433,0.204401343,0.196802436,0.192751892,0.180314309,0.155592935,0.151039457,0.150760135
Eastern,0.238027948,0.238071804,0.216723321,0.210746361,0.17835513,0.161401233,0.164852222,0.171112366
Northern,0.235777559,0.237307445,0.225721655,0.226420723,0.204848963,0.205515366,0.186575708,0.187603895
Southern,0.212917472,0.202615828,0.203598167,0.215209255,0.188808007,0.166562624,0.172942503,0.157548496
Western,0.205014313,0.201130616,0.183933407,0.183085784,0.150797632,0.152870091,0.149588707,0.137056863
