Area,RD&E Exeter Hospital,Barnstaple Hospital,Torbay Hospital,Plymouth Hospital,Community Hospital,Outside Devon,Total
E92000001,,,,,,,
E12000009,,,,,,,
E01015023,2,0,5,543,154,25,729
E01015024,0,0,0,309,132,17,458
E01015025,3,0,0,345,84,21,453
E01015026,0,0,3,478,158,8,647
E01015027,2,0,2,375,115,14,508
E01015028,2,1,5,596,107,16,727
E01015029,1,0,1,462,158,19,641
E01015030,2,0,5,528,131,11,677
E01015031,0,1,4,353,121,24,503
E01015032,1,0,2,383,132,50,568
E01015033,0,0,5,289,150,18,462
E01015034,0,1,3,270,128,14,416
E01015035,0,1,2,281,139,15,438
E01015036,0,0,0,305,171,12,488
E01015037,1,0,2,348,124,17,492
E01015038,0,0,1,316,199,20,536
E01015039,0,0,3,261,174,29,467
E01015040,0,0,2,412,303,12,729
E01015041,1,0,3,396,266,16,682
E01015042,0,0,2,327,242,14,585
E01015043,3,0,4,427,370,24,828
E01015044,1,1,3,347,242,11,605
E01015045,0,0,3,435,300,19,757
E01015046,0,0,0,563,548,14,1125
E01015047,1,0,4,389,526,14,934
E01015048,0,0,4,367,443,11,825
E01015049,2,1,2,267,135,29,436
E01015050,4,3,2,380,174,34,597
E01015051,2,0,1,317,144,45,509
E01015052,1,0,5,381,171,46,604
E01015053,1,0,4,308,114,30,457
E01015054,0,1,1,404,158,57,621
E01015055,2,0,1,384,185,27,599
E01015056,5,0,2,404,171,7,589
E01015057,0,1,7,472,209,14,703
E01015058,1,0,1,457,227,17,703
E01015059,1,0,7,346,201,12,567
E01015060,2,0,3,447,204,10,666
E01015061,0,1,5,334,181,18,539
E01015062,1,1,2,342,189,38,573
E01015063,1,0,0,374,149,12,536
E01015064,0,0,0,337,133,13,483
E01015065,3,0,1,371,131,19,525
E01015066,0,0,1,264,136,14,415
E01015067,0,2,1,312,127,20,462
E01015068,4,1,3,303,130,10,451
E01015069,0,1,2,444,155,14,616
E01015070,3,1,8,587,232,12,843
E01015071,2,0,3,379,125,11,520
E01015072,1,0,2,365,226,20,614
E01015073,1,2,5,410,229,12,659
E01015074,3,0,4,422,211,17,657
E01015075,2,0,0,367,193,16,578
E01015076,0,1,3,257,215,15,491
E01015077,0,0,4,438,215,12,669
E01015078,3,2,3,394,212,10,624
E01015079,2,0,0,295,223,11,531
E01015080,0,0,0,167,102,7,276
E01015081,1,0,3,435,195,16,650
E01015082,1,0,3,580,173,18,775
E01015083,0,0,1,499,207,18,725
E01015084,2,0,2,437,176,13,630
E01015085,2,0,4,393,183,16,598
E01015086,2,0,1,433,107,7,550
E01015087,0,0,5,488,186,11,690
E01015088,1,0,1,533,168,7,710
E01015089,0,0,3,436,181,15,635
E01015090,1,1,5,349,81,7,444
E01015091,0,0,2,357,89,15,463
E01015092,1,0,2,449,67,28,547
E01015093,2,0,9,391,63,8,473
E01015094,2,0,2,437,56,9,506
E01015095,0,2,1,342,104,14,463
E01015096,1,1,1,393,90,13,499
E01015097,1,1,1,402,82,15,502
E01015098,2,0,3,262,158,11,436
E01015099,0,2,0,209,141,18,370
E01015100,0,1,3,234,148,16,402
E01015101,0,1,2,317,165,15,500
E01015102,3,0,1,326,227,29,586
E01015103,2,1,1,363,148,16,531
E01015104,2,1,0,269,220,16,508
E01015105,0,0,3,250,157,21,431
E01015106,0,0,3,260,158,10,431
E01015107,0,1,2,283,166,11,463
E01015108,3,0,7,402,197,20,629
E01015109,1,0,1,277,169,8,456
E01015110,3,1,1,248,118,8,379
E01015111,1,0,4,286,143,12,446
E01015112,0,2,3,302,142,14,463
E01015113,1,0,5,238,134,19,397
E01015114,0,0,2,228,138,16,384
E01015115,2,0,2,388,136,11,539
E01015116,2,0,5,271,153,12,443
E01015117,2,0,3,247,120,14,386
E01015118,4,0,5,323,182,20,534
E01015119,3,0,2,266,152,5,428
E01015120,3,0,4,342,125,12,486
E01015121,0,0,1,248,127,12,388
E01015122,2,1,2,253,148,19,425
E01015123,0,4,2,424,138,12,580
E01015124,1,0,4,290,170,18,483
E01015125,2,0,2,273,144,12,433
E01015126,5,0,1,253,127,13,399
E01015127,0,0,1,269,140,9,419
E01015128,4,0,1,279,169,13,466
E01015129,0,0,5,267,174,8,454
E01015130,2,1,3,258,175,28,467
E01015131,0,0,0,275,140,12,427
E01015132,2,3,1,300,136,9,451
E01015133,0,0,2,216,143,14,375
E01015134,1,0,7,297,155,16,476
E01015135,1,0,1,331,177,13,523
E01015136,4,0,1,245,167,19,436
E01015137,1,0,3,270,191,13,478
E01015138,2,0,3,245,147,18,415
E01015139,0,1,1,285,174,9,470
E01015140,1,0,3,221,118,16,359
E01015141,2,0,3,273,191,15,484
E01015142,0,1,2,363,217,10,593
E01015143,0,0,3,316,175,14,508
E01015144,0,0,1,401,279,17,698
E01015145,1,0,5,614,339,15,974
E01015146,2,0,4,475,330,21,832
E01015147,0,1,1,305,177,11,495
E01015148,0,0,1,381,245,7,634
E01015149,0,0,0,406,247,13,666
E01015150,0,0,0,296,157,9,462
E01015151,3,0,1,444,271,24,743
E01015152,3,1,7,653,326,41,1031
E01015153,1,0,1,500,294,15,811
E01015155,3,1,7,624,459,18,1112
E01015156,3,0,1,474,211,47,736
E01015157,7,1,8,559,398,32,1005
E01015158,0,0,6,596,352,33,987
E01015159,0,0,3,402,92,13,510
E01015160,0,0,3,309,75,12,399
E01015161,0,0,0,439,99,21,559
E01015162,1,0,1,519,92,15,628
E01015163,1,0,3,393,97,14,508
E01015164,2,0,6,478,134,22,642
E01015165,2,1,1,359,123,23,509
E01015166,2,0,3,529,126,8,668
E01015167,3,0,5,395,250,14,667
E01015168,2,1,5,403,277,19,707
E01015169,2,0,3,423,217,22,667
E01015170,1,0,6,453,281,16,757
E01015171,0,0,3,370,254,10,637
E01015172,3,0,6,401,326,22,758
E01015173,1,2,3,304,304,21,635
E01015174,0,0,0,265,222,18,505
E01015175,0,1,4,388,167,33,593
E01015176,0,0,3,449,204,15,671
E01015177,0,0,1,322,209,19,551
E01015178,1,1,4,326,195,34,561
E01015179,1,0,1,315,157,23,497
E01015180,0,0,4,481,196,30,711
E01015181,0,0,4,491,202,17,714
E01015182,0,0,1,498,252,18,769
E01015183,0,0,95,1,50,3,149
E01015184,1,0,88,1,36,5,131
E01015185,1,0,69,0,36,1,107
E01015186,3,0,87,1,55,3,149
E01015187,1,0,81,2,34,4,122
E01015188,0,0,81,0,41,0,122
E01015189,2,0,52,0,29,2,85
E01015190,2,0,134,0,38,5,179
E01015191,2,1,109,3,20,1,136
E01015192,0,0,122,1,16,4,143
E01015193,0,0,98,0,22,5,125
E01015194,2,0,122,2,31,2,159
E01015195,4,0,155,1,62,1,223
E01015196,4,2,166,0,35,3,210
E01015197,0,0,80,0,12,4,96
E01015198,0,0,108,1,17,7,133
E01015199,1,0,70,0,18,0,89
E01015200,2,0,61,0,25,1,89
E01015201,0,0,61,0,28,5,94
E01015202,0,0,80,0,44,1,125
E01015203,1,0,63,0,14,1,79
E01015204,2,0,110,1,46,6,165
E01015205,0,0,76,1,32,3,112
E01015206,4,0,134,0,31,1,170
E01015207,3,0,117,2,13,3,138
E01015208,0,0,136,1,15,6,158
E01015209,0,3,112,0,3,4,122
E01015210,3,0,150,0,6,2,161
E01015211,0,0,101,1,10,4,116
E01015212,1,0,136,0,10,3,150
E01015213,2,0,118,0,9,7,136
E01015214,3,0,140,1,5,7,156
E01015215,2,0,109,0,6,1,118
E01015216,2,0,101,0,9,4,116
E01015217,2,0,193,1,8,4,208
E01015218,3,0,119,1,12,5,140
E01015219,0,1,100,0,41,9,151
E01015220,0,0,77,0,30,1,108
E01015221,0,0,106,1,23,1,131
E01015222,0,0,93,0,35,5,133
E01015223,0,0,60,0,15,6,81
E01015224,1,0,96,0,16,1,114
E01015225,0,0,84,1,18,2,105
E01015226,3,0,74,0,20,4,101
E01015227,1,0,97,1,24,1,124
E01015228,1,0,128,0,17,4,150
E01015229,3,0,123,0,25,2,153
E01015230,0,0,77,2,19,2,100
E01015231,1,0,179,1,60,2,243
E01015232,2,1,170,3,33,10,219
E01015233,2,0,123,1,33,4,163
E01015234,0,0,91,0,34,5,130
E01015235,1,0,121,1,30,6,159
E01015236,2,0,128,1,6,7,144
E01015237,4,0,93,1,5,2,105
E01015238,2,0,126,0,8,3,139
E01015239,1,0,143,0,7,4,155
E01015240,1,0,151,1,5,5,163
E01015241,0,0,129,0,2,1,132
E01015242,3,0,119,1,7,3,133
E01015243,2,0,68,0,2,1,73
E01015244,1,0,81,0,39,1,122
E01015245,3,0,88,1,46,5,143
E01015246,2,0,94,0,34,2,132
E01015247,2,0,108,0,50,1,161
E01015248,0,1,108,1,73,7,190
E01015249,1,0,158,2,6,2,169
E01015250,1,0,132,2,10,2,147
E01015251,0,0,77,0,11,2,90
E01015252,3,1,246,0,16,5,271
E01015253,1,1,114,0,12,4,132
E01015254,1,0,135,2,11,5,154
E01015255,1,0,178,1,4,6,190
E01015256,6,0,218,2,5,9,240
E01015257,2,0,151,0,11,2,166
E01015258,2,0,177,0,10,2,191
E01015259,0,0,121,0,5,1,127
E01015260,0,0,150,1,5,6,162
E01015261,1,0,221,1,9,8,240
E01015262,1,0,114,0,15,2,132
E01015263,3,0,186,4,4,2,199
E01015264,1,0,74,1,5,0,81
E01015265,7,0,111,2,9,2,131
E01015266,2,1,152,1,3,3,162
E01015267,1,0,141,0,7,6,155
E01015268,1,0,156,0,9,8,174
E01015269,3,0,161,2,5,2,173
E01015270,4,0,108,0,5,4,121
E01015271,1,0,90,0,7,0,98
E01019886,354,1,0,2,118,140,615
E01019887,268,1,0,1,88,77,435
E01019888,325,0,3,0,76,37,441
E01019889,231,1,0,0,85,56,373
E01019890,311,2,2,0,200,21,536
E01019891,329,0,3,1,105,18,456
E01019892,352,1,4,0,94,18,469
E01019893,509,1,4,2,154,14,684
E01019894,232,0,0,1,125,13,371
E01019895,243,0,2,2,130,15,392
E01019896,308,0,1,2,173,20,504
E01019897,279,1,3,1,233,21,538
E01019898,577,1,10,3,164,30,785
E01019899,252,0,3,0,93,17,365
E01019900,256,0,2,3,140,17,418
E01019901,204,0,0,0,339,14,557
E01019902,233,3,1,3,398,206,844
E01019903,416,0,5,3,84,27,535
E01019904,322,1,1,0,406,14,744
E01019905,258,0,3,1,350,20,632
E01019906,256,3,1,1,281,9,551
E01019907,268,1,3,0,362,18,652
E01019908,275,0,1,5,409,14,704
E01019909,298,0,5,2,410,14,729
E01019910,300,1,4,0,399,23,727
E01019911,312,2,2,1,291,27,635
E01019912,328,0,3,1,379,19,730
E01019913,369,0,4,1,348,19,741
E01019914,494,0,4,3,602,13,1116
E01019915,325,1,7,2,362,14,711
E01019916,412,1,3,0,410,28,854
E01019917,249,1,2,0,310,16,578
E01019918,392,3,3,2,423,21,844
E01019919,302,1,0,4,380,14,701
E01019920,234,1,2,1,294,25,557
E01019921,271,1,0,0,421,10,703
E01019922,369,0,3,1,411,14,798
E01019923,273,0,2,2,286,11,574
E01019924,268,0,2,1,425,13,709
E01019925,252,0,3,0,242,15,512
E01019927,320,2,2,2,534,11,871
E01019928,335,1,0,0,537,22,895
E01019929,297,1,2,0,557,23,880
E01019930,287,1,0,1,527,23,839
E01019931,204,0,1,1,370,23,599
E01019932,377,0,2,1,604,14,998
E01019933,273,1,2,2,391,19,688
E01019934,423,0,4,0,662,21,1110
E01019935,190,0,0,0,130,18,338
E01019936,185,0,0,1,62,19,267
E01019937,378,1,1,3,167,33,583
E01019938,322,0,3,1,443,147,916
E01019939,259,0,1,3,123,11,397
E01019940,328,0,1,1,120,18,468
E01019942,430,0,2,2,207,15,656
E01019943,295,0,2,2,135,27,461
E01019944,383,0,3,1,177,21,585
E01019945,457,0,6,3,244,36,746
E01019946,291,1,2,1,79,26,400
E01019947,400,1,4,0,120,34,559
E01019948,245,0,0,1,93,17,356
E01019949,269,1,0,0,89,11,370
E01019950,238,0,0,0,116,13,367
E01019951,368,1,1,1,211,43,625
E01019952,339,1,1,1,153,15,510
E01019953,297,0,1,0,135,17,450
E01019954,338,0,3,5,129,13,488
E01019955,358,0,3,0,155,23,539
E01019956,374,0,1,1,121,16,513
E01019957,322,0,2,0,88,23,435
E01019958,387,2,4,1,120,21,535
E01019959,238,0,4,1,302,19,564
E01019960,217,4,2,2,164,22,411
E01019961,105,0,0,2,32,20,159
E01019962,416,0,4,2,207,27,656
E01019963,305,0,2,1,142,17,467
E01019964,264,1,6,10,108,29,418
E01019965,341,0,6,0,331,16,694
E01019966,118,0,0,0,18,77,213
E01019967,57,0,0,0,53,112,222
E01019968,392,0,3,2,76,14,487
E01019969,344,1,5,0,94,6,450
E01019970,356,3,2,0,81,12,454
E01019971,424,0,9,2,127,22,584
E01019972,418,0,12,0,103,5,538
E01019973,356,0,0,0,83,9,448
E01019974,377,0,4,3,73,12,469
E01019975,484,0,2,0,114,10,610
E01019976,364,1,4,2,62,12,445
E01019977,384,1,7,1,60,14,467
E01019980,504,1,4,1,141,15,666
E01019981,557,1,13,3,113,13,700
E01019982,507,0,5,1,132,16,661
E01019983,408,2,2,1,86,13,512
E01019984,282,1,1,1,78,11,374
E01019985,533,0,4,4,109,14,664
E01019986,335,0,1,1,97,18,452
E01019987,524,3,3,0,128,12,670
E01019988,408,0,5,0,101,18,532
E01019989,311,0,0,1,67,13,392
E01019990,500,0,4,3,115,19,641
E01019991,559,0,4,7,123,17,710
E01019992,534,0,6,2,102,12,656
E01019993,280,0,6,2,68,16,372
E01019994,416,0,2,2,74,31,525
E01019995,672,2,4,2,86,18,784
E01019996,320,0,2,2,60,36,420
E01019997,291,1,0,0,66,22,380
E01019998,333,0,4,0,55,12,404
E01019999,273,0,2,0,45,31,351
E01020000,419,1,1,1,76,14,512
E01020001,273,0,1,0,52,12,338
E01020002,493,2,8,3,92,9,607
E01020003,350,0,3,1,63,14,431
E01020004,334,0,4,2,68,15,423
E01020005,735,1,7,1,152,17,913
E01020006,496,0,5,1,114,18,634
E01020007,316,1,3,0,57,19,396
E01020008,340,0,3,2,75,20,440
E01020009,404,2,5,3,82,20,516
E01020010,751,0,6,3,197,17,974
E01020011,332,0,5,1,89,12,439
E01020012,584,1,4,2,133,12,736
E01020013,445,0,0,2,158,11,616
E01020014,775,0,7,1,181,14,978
E01020015,865,0,3,0,257,9,1134
E01020016,1046,5,17,3,164,48,1283
E01020017,598,0,4,1,124,44,771
E01020018,582,0,4,2,121,32,741
E01020019,328,0,2,0,63,26,419
E01020020,334,2,6,1,76,29,448
E01020021,315,3,3,6,54,19,400
E01020022,562,4,3,3,105,53,730
E01020023,580,0,7,1,134,30,752
E01020024,320,0,3,1,65,19,408
E01020025,370,1,4,0,70,27,472
E01020026,517,1,7,2,121,16,664
E01020027,439,1,5,2,137,19,603
E01020029,424,1,4,1,84,21,535
E01020030,571,2,10,1,141,15,740
E01020031,390,0,7,1,73,13,484
E01020032,579,2,11,2,138,16,748
E01020033,402,1,8,1,115,19,546
E01020035,453,0,7,2,98,13,573
E01020036,502,1,5,2,112,13,635
E01020037,530,0,6,0,147,8,691
E01020038,378,0,3,0,95,12,488
E01020039,748,0,3,3,161,6,921
E01020040,395,0,5,0,92,12,504
E01020041,609,3,2,2,159,29,804
E01020042,335,1,2,2,77,17,434
E01020043,438,2,1,3,232,37,713
E01020044,255,3,6,2,229,21,516
E01020045,230,2,4,3,261,41,541
E01020046,69,0,2,0,149,75,295
E01020047,295,2,4,0,509,34,844
E01020048,263,5,3,0,516,36,823
E01020049,128,6,1,0,247,19,401
E01020050,216,5,3,1,366,115,706
E01020051,234,4,4,2,413,22,679
E01020052,254,2,0,2,476,27,761
E01020053,185,2,4,0,432,22,645
E01020054,341,4,4,1,248,30,628
E01020055,360,0,5,1,246,21,633
E01020056,302,1,1,0,233,29,566
E01020057,331,0,2,1,216,17,567
E01020058,335,6,0,3,203,21,568
E01020059,257,2,4,1,393,47,704
E01020060,429,4,3,0,71,12,519
E01020061,516,4,0,1,131,32,684
E01020062,234,0,2,1,206,21,464
E01020063,321,7,2,0,345,67,742
E01020064,300,0,1,0,333,31,665
E01020065,232,5,1,1,499,27,765
E01020066,263,5,2,0,736,35,1041
E01020067,327,1,2,1,639,28,998
E01020068,365,1,1,0,76,14,457
E01020069,301,1,3,1,98,20,424
E01020070,294,7,1,1,223,21,547
E01020071,363,1,2,0,172,15,553
E01020072,246,58,6,3,83,16,412
E01020073,265,104,4,2,83,18,476
E01020074,101,0,0,0,159,265,525
E01020075,33,0,3,2,66,355,459
E01020076,324,5,2,2,92,17,442
E01020077,237,2,0,2,264,11,516
E01020078,225,4,1,1,410,14,655
E01020079,216,1,0,1,395,14,627
E01020080,134,2,2,2,297,17,454
E01020081,181,3,0,0,346,10,540
E01020082,268,2,3,1,40,17,331
E01020083,543,8,4,4,127,23,709
E01020084,5,468,1,0,14,13,501
E01020085,5,448,0,2,19,19,493
E01020086,6,397,2,3,19,13,440
E01020087,31,311,0,2,81,32,457
E01020088,4,513,2,3,29,21,572
E01020089,11,524,2,2,22,28,589
E01020090,8,408,1,1,9,25,452
E01020091,3,307,1,1,11,16,339
E01020092,4,301,1,0,10,11,327
E01020093,2,419,1,1,25,16,464
E01020094,16,723,2,0,11,23,775
E01020095,4,581,0,1,10,8,604
E01020096,8,635,1,1,15,25,685
E01020097,21,471,1,2,21,20,536
E01020098,79,356,0,2,57,30,524
E01020099,7,331,0,3,144,15,500
E01020100,10,261,0,3,93,20,387
E01020101,5,389,2,0,118,20,534
E01020102,5,404,0,0,15,14,438
E01020103,2,608,4,3,29,12,658
E01020104,6,536,1,3,11,12,569
E01020105,9,475,0,2,16,17,519
E01020106,6,286,0,3,23,13,331
E01020107,3,434,0,0,23,15,475
E01020108,3,454,2,3,166,20,648
E01020109,2,275,2,0,15,21,315
E01020110,6,588,0,2,18,30,644
E01020111,6,376,0,1,287,14,684
E01020112,14,416,0,1,365,22,818
E01020113,5,403,4,8,373,15,808
E01020114,13,246,2,3,229,14,507
E01020115,3,228,1,1,211,8,452
E01020116,4,399,0,0,410,21,834
E01020117,4,311,2,0,320,12,649
E01020118,8,324,1,0,272,22,627
E01020119,7,292,2,0,73,14,388
E01020120,7,506,0,4,23,21,561
E01020121,8,487,4,10,12,13,534
E01020122,10,456,0,2,11,17,496
E01020123,6,491,1,2,9,19,528
E01020124,9,457,1,0,5,12,484
E01020125,4,316,0,1,12,8,341
E01020126,4,332,0,1,220,30,587
E01020127,9,475,3,4,55,15,561
E01020128,8,371,2,2,6,10,399
E01020129,8,402,0,0,15,7,432
E01020130,6,506,2,1,9,15,539
E01020131,14,448,0,1,12,28,503
E01020132,5,731,1,2,14,21,774
E01020133,3,406,3,0,12,7,431
E01020134,4,374,1,0,16,10,405
E01020135,10,465,0,3,7,15,500
E01020136,10,350,1,2,8,21,392
E01020137,8,409,3,2,13,14,449
E01020138,226,128,1,2,371,32,760
E01020139,7,551,1,2,12,9,582
E01020140,14,380,1,1,6,6,408
E01020141,15,685,1,3,17,13,734
E01020142,9,1,195,154,251,25,635
E01020143,3,1,158,54,95,9,320
E01020144,0,0,1,319,76,10,406
E01020145,1,1,10,430,121,19,582
E01020146,0,0,3,285,69,11,368
E01020147,4,1,46,250,162,17,480
E01020148,5,0,11,183,52,10,261
E01020149,0,2,11,203,86,17,319
E01020150,0,1,91,5,85,6,188
E01020151,1,0,61,4,13,4,83
E01020152,1,0,53,1,15,6,76
E01020153,1,0,43,0,29,4,77
E01020154,1,1,63,7,20,9,101
E01020155,1,0,70,4,23,3,101
E01020156,2,0,97,1,88,7,195
E01020157,3,0,187,36,87,16,329
E01020158,2,0,28,230,116,23,399
E01020159,3,0,25,179,79,23,309
E01020160,5,1,80,255,77,24,442
E01020161,6,0,29,476,122,22,655
E01020162,2,0,25,239,90,17,373
E01020163,2,0,19,269,82,7,379
E01020164,3,1,34,262,68,20,388
E01020165,3,0,13,204,75,14,309
E01020166,2,0,17,225,79,14,337
E01020167,2,3,11,154,64,10,244
E01020168,1,0,187,175,334,17,714
E01020169,3,1,160,163,332,25,684
E01020170,1,0,128,1,33,3,166
E01020171,1,0,8,252,99,24,384
E01020172,2,2,70,138,204,13,429
E01020173,0,0,42,113,98,20,273
E01020174,0,0,81,60,111,32,284
E01020175,1,0,83,8,29,20,141
E01020176,6,0,125,116,18,10,275
E01020177,4,0,193,207,11,14,429
E01020178,6,1,45,30,36,78,196
E01020179,2,0,96,185,241,32,556
E01020180,3,0,87,6,147,6,249
E01020181,1,0,85,0,120,3,209
E01020182,1,0,50,1,68,1,121
E01020183,2,0,52,3,79,7,143
E01020184,1,0,77,0,111,6,195
E01020185,2,1,4,220,75,11,313
E01020186,1,1,1,207,98,14,322
E01020187,1,1,5,302,124,10,443
E01020188,5,0,75,3,68,11,162
E01020189,2,1,173,190,351,26,743
E01020190,1,1,10,326,105,19,462
E01020191,7,0,74,4,61,3,149
E01020192,0,0,77,0,62,3,142
E01020193,11,0,90,0,59,6,166
E01020194,3,0,43,1,72,1,120
E01020195,4,0,67,9,69,4,153
E01020196,8,0,65,3,62,3,141
E01020197,7,0,52,4,47,3,113
E01020198,3,0,77,2,46,5,133
E01020199,7,0,65,1,56,2,131
E01020200,5,0,38,0,41,0,84
E01020201,6,0,50,0,43,1,100
E01020202,12,0,104,0,96,1,213
E01020203,13,1,73,1,61,1,150
E01020204,18,0,80,1,83,0,182
E01020205,37,0,120,2,46,5,210
E01020206,19,0,89,0,102,4,214
E01020207,5,0,101,0,97,2,205
E01020208,2,0,64,0,66,1,133
E01020209,3,1,68,1,82,0,155
E01020210,2,0,67,0,48,5,122
E01020211,2,0,110,1,83,5,201
E01020212,3,0,79,3,61,6,152
E01020213,3,0,104,0,76,0,183
E01020214,5,0,119,1,88,1,214
E01020215,2,0,54,1,60,2,119
E01020216,5,0,112,0,105,4,226
E01020217,8,0,107,1,79,5,200
E01020218,5,2,118,1,80,4,210
E01020219,6,1,96,1,136,3,243
E01020220,35,1,59,1,87,7,190
E01020221,55,0,62,0,83,6,206
E01020222,23,0,28,0,53,3,107
E01020223,32,0,90,2,88,3,215
E01020224,0,0,66,0,88,3,157
E01020225,9,0,76,2,88,3,178
E01020226,3,0,100,1,73,3,180
E01020227,5,0,96,0,70,0,171
E01020228,53,0,61,0,125,4,243
E01020229,213,0,105,1,113,8,440
E01020230,55,1,45,0,114,2,217
E01020231,96,0,56,0,90,3,245
E01020232,72,0,48,1,139,3,263
E01020233,36,1,65,1,124,1,228
E01020234,44,0,47,0,128,1,220
E01020235,56,0,59,0,160,1,276
E01020236,7,0,44,2,39,0,92
E01020237,11,0,79,6,77,1,174
E01020238,0,0,56,0,41,0,97
E01020239,2,0,63,1,50,4,120
E01020240,424,2,33,1,70,14,544
E01020241,423,1,25,0,84,21,554
E01020242,312,0,16,0,53,16,397
E01020243,253,1,9,0,44,13,320
E01020244,319,0,109,3,36,13,480
E01020245,314,0,109,2,29,16,470
E01020246,6,0,46,0,42,2,96
E01020247,5,0,137,0,45,4,191
E01020248,0,0,98,1,51,7,157
E01020249,1,1,82,1,42,4,131
E01020250,4,0,100,0,80,0,184
E01020251,5,0,66,0,89,2,162
E01020252,2,0,71,0,71,3,147
E01020253,5,0,47,0,67,0,119
E01020254,2,0,74,0,88,1,165
E01020255,8,0,66,0,74,3,151
E01020256,6,1,66,0,73,1,147
E01020257,2,0,53,0,58,5,118
E01020258,302,1,129,3,25,13,473
E01020259,50,0,53,2,30,6,141
E01020260,7,0,59,0,37,3,106
E01020261,2,1,53,0,23,2,81
E01020262,362,0,6,0,59,12,439
E01020263,411,1,2,0,44,16,474
E01020264,8,0,80,2,61,0,151
E01020265,12,0,85,2,54,2,155
E01020266,15,0,52,0,71,4,142
E01020267,13,0,74,0,53,7,147
E01020268,10,0,75,0,64,5,154
E01020269,16,0,125,2,76,7,226
E01020270,3,1,75,0,78,4,161
E01020271,8,0,82,0,72,3,165
E01020272,10,0,99,1,80,6,196
E01020273,309,0,40,1,33,14,397
E01020274,192,0,34,0,43,10,279
E01020275,3,272,0,0,109,17,401
E01020276,6,341,1,1,145,12,506
E01020277,17,545,3,1,293,21,880
E01020278,8,341,1,1,152,10,513
E01020279,7,605,3,2,375,35,1027
E01020280,9,654,2,0,500,25,1190
E01020281,6,384,0,2,292,16,700
E01020282,9,464,3,0,279,14,769
E01020283,5,270,0,2,231,10,518
E01020284,3,468,0,5,368,20,864
E01020285,12,455,1,3,349,19,839
E01020286,58,65,5,51,10,215,404
E01020287,32,306,2,3,51,10,404
E01020288,8,248,1,4,138,22,421
E01020289,65,177,1,12,18,105,378
E01020290,138,108,1,44,23,177,491
E01020291,12,267,3,6,43,128,459
E01020292,10,314,0,2,65,43,434
E01020293,48,303,0,26,21,272,670
E01020294,28,298,3,19,14,215,577
E01020295,16,354,0,2,167,19,558
E01020296,7,218,0,2,144,16,387
E01020297,5,385,1,2,183,9,585
E01020298,13,446,0,1,263,27,750
E01020299,7,424,2,1,170,27,631
E01020300,7,300,3,4,182,12,508
E01020301,17,350,1,5,69,44,486
E01020302,24,169,2,27,5,282,509
E01020303,31,275,6,0,33,14,359
E01020304,10,359,0,2,62,22,455
E01020305,5,232,2,2,53,14,308
E01020306,1,248,0,0,24,11,284
E01020307,15,496,1,1,46,11,570
E01020308,15,407,1,2,22,14,461
E01020309,9,308,0,5,100,41,463
E01020310,17,496,1,0,194,24,732
E01020311,207,323,2,4,69,22,627
E01020312,0,1,0,220,260,15,496
E01020313,1,0,4,284,283,16,588
E01020314,244,6,2,45,104,62,463
E01020315,2,1,0,242,147,27,419
E01020316,2,2,4,227,176,27,438
E01020317,0,0,3,202,129,18,352
E01020318,238,2,18,3,26,37,324
E01020319,291,2,7,6,74,20,400
E01020320,299,48,2,4,114,29,496
E01020321,405,111,5,5,108,41,675
E01020322,387,25,1,9,122,42,586
E01020323,24,0,10,233,163,26,456
E01020324,5,0,3,194,315,27,544
E01020325,33,1,1,207,197,120,559
E01020326,382,8,8,7,120,26,551
E01020327,438,5,2,4,137,26,612
E01020328,509,7,4,10,182,33,745
E01020329,324,3,1,7,104,18,457
E01020330,402,2,7,10,130,15,566
E01020331,4,0,1,219,347,38,609
E01020332,3,1,2,296,440,25,767
E01020333,1,6,3,207,411,27,655
E01020334,6,1,3,356,481,16,863
E01020335,1,1,3,296,382,26,709
E01020336,3,0,2,148,271,23,447
E01020337,1,2,2,254,414,23,696
E01020338,1,2,6,302,535,20,866
E01020339,328,1,3,4,85,25,446
E01020340,24,1,1,160,35,235,456
E01020341,1,1,5,239,293,25,564
E01020342,1,1,3,233,246,11,495
E01032628,415,1,3,6,323,19,767
E01032657,1,1,4,305,131,25,467
E01032658,1,1,4,305,131,25,467
E01033232,398,1,4,0,110,20,533
E01033233,986,2,5,6,198,186,1383
E01033234,398,1,4,0,110,20,533
E01033235,287,1,2,2,46,17,355
E01033236,287,1,2,2,46,17,355
E07000040,24951,49,182,111,20279,2263,47835
E07000041,34077,55,336,111,7565,1476,43620
E07000042,12155,275,97,50,11496,1760,25833
E07000043,730,24624,64,102,4429,994,30943
E07000044,109,22,3218,7135,5016,749,16249
E07000045,4839,18,5998,77,5896,375,17203
E07000046,890,12675,52,244,5262,1995,21118
E07000047,4360,241,116,4633,6831,1119,17300
E10000008,82111,37959,10063,12463,66774,10731,220101
E06000026,195,61,435,59280,29570,2792,92333
E06000027,134,12,10440,60,1819,308,12773
IMDQ1,5944,4818,4585,21425,15554,1320,53646
IMDQ2,19930,14110,5051,16955,25883,3905,85834
IMDQ3,22234,9954,6184,15087,25544,4121,83124
IMDQ4,20601,7313,3863,10915,20393,2994,66079
IMDQ5,13731,1837,1255,7421,10789,1491,36524
E02003122,6,1,10,1534,375,70,1996
E02003123,5,0,9,2264,524,71,2873
E02003124,7,2,17,2369,639,86,3120
E02003125,3,0,6,1825,688,66,2588
E02003126,6,1,20,1983,356,67,2433
E02003127,3,1,12,2100,959,52,3127
E02003128,8,1,20,2419,846,61,3355
E02003129,6,0,5,1549,547,62,2169
E02003130,2,2,13,2514,1620,99,4250
E02003131,6,5,7,1856,628,63,2565
E02003132,10,1,9,1750,1096,85,2951
E02003133,2,3,7,1662,753,83,2510
E02003134,5,4,13,1596,927,59,2604
E02003135,4,0,13,2050,1275,88,3430
E02003136,6,4,13,1577,704,66,2370
E02003137,0,2,11,1497,813,79,2402
E02003138,4,4,10,1318,752,82,2170
E02003139,7,2,9,1083,579,36,1716
E02003140,7,3,17,1344,744,88,2203
E02003141,6,2,18,1842,1265,68,3201
E02003142,10,1,23,2502,1174,85,3795
E02003143,10,0,18,1585,775,65,2453
E02003144,9,5,11,1700,706,182,2613
E02003145,4,2,12,1445,1024,77,2564
E02003146,2,4,16,1712,941,142,2817
E02003147,4,0,15,2181,2187,82,4469
E02003148,9,4,21,2449,1071,225,3779
E02003149,2,0,15,2166,978,134,3295
E02003150,17,2,29,3124,2100,144,5416
E02003151,7,3,5,1313,686,57,2071
E02003152,10,1,12,1649,1047,87,2806
E02003153,8,1,19,1322,791,81,2222
E02003154,14,1,637,8,36,9,705
E02003155,9,0,490,2,26,16,543
E02003156,7,2,862,6,66,20,963
E02003157,4,0,599,1,31,11,646
E02003158,6,0,467,2,16,10,501
E02003159,10,0,469,2,32,17,530
E02003161,10,0,810,5,26,27,878
E02003163,10,0,656,2,33,20,721
E02003164,6,0,556,4,114,14,694
E02003165,7,0,463,2,167,12,651
E02003166,14,3,906,7,224,21,1175
E02003167,9,1,807,6,215,29,1067
E02003168,0,1,436,1,144,22,604
E02003169,3,0,380,1,100,17,501
E02003170,8,0,553,5,281,18,865
E02003171,8,1,479,2,242,16,748
E02004129,612,3,4,4,894,465,1982
E02004130,1393,3,10,5,2191,65,3667
E02004131,1123,3,3,2,1991,91,3213
E02004132,1538,5,16,11,1238,102,2910
E02004133,1296,3,3,3,385,387,2077
E02004134,1606,2,16,6,437,77,2144
E02004135,988,0,5,6,457,91,1547
E02004136,1695,0,9,9,762,92,2567
E02004137,883,3,3,1,750,78,1718
E02004138,1443,3,6,2,497,101,2052
E02004139,1332,1,8,6,572,68,1987
E02004140,1083,2,7,2,329,60,1483
E02004141,1140,1,9,7,553,86,1796
E02004142,1182,2,22,13,603,75,1897
E02004143,1104,5,8,2,1399,61,2579
E02004144,1185,3,12,8,1509,78,2795
E02004145,1062,1,6,6,661,69,1805
E02004146,1415,2,9,5,1837,73,3341
E02004147,1355,6,8,6,1523,79,2977
E02004148,1516,1,18,7,1691,65,3298
E02004149,1865,2,12,6,350,241,2476
E02004150,2074,2,18,13,439,85,2631
E02004151,2446,3,28,9,477,67,3030
E02004152,1830,10,14,10,364,149,2377
E02004153,2234,4,16,8,546,69,2877
E02004154,2075,5,16,7,466,83,2652
E02004155,2510,1,20,6,609,57,3203
E02004156,3314,7,31,10,569,173,4104
E02004157,1590,1,16,4,329,112,2052
E02004158,2448,5,34,5,550,75,3117
E02004159,2583,4,30,6,671,100,3394
E02004160,2038,3,28,9,391,60,2529
E02004161,3244,0,21,6,894,69,4234
E02004162,1934,4,31,4,481,59,2513
E02004163,1892,4,21,8,429,77,2431
E02004164,650,13,6,3,1026,220,1918
E02004165,926,13,12,4,1955,108,3018
E02004166,455,7,5,2,570,687,1726
E02004167,998,10,7,4,2046,104,3169
E02004168,885,13,4,2,1667,74,2645
E02004169,1021,4,11,5,1193,140,2374
E02004170,1367,10,11,6,913,89,2396
E02004171,1358,7,10,5,866,102,2348
E02004172,1103,169,15,8,298,68,1661
E02004173,1503,17,9,6,524,78,2137
E02004174,1889,12,7,5,438,90,2441
E02004175,36,1266,3,6,1092,58,2461
E02004176,26,1313,2,7,575,85,2008
E02004177,21,1437,7,8,1375,70,2918
E02004178,13,1137,5,4,190,66,1415
E02004179,26,2139,5,6,86,101,2363
E02004180,20,1494,5,11,107,57,1694
E02004181,19,2062,6,4,54,47,2192
E02004182,49,2369,4,5,44,50,2521
E02004183,27,1899,3,4,41,64,2038
E02004184,35,2827,9,9,85,70,3035
E02004185,25,1487,2,5,135,59,1713
E02004186,34,2256,7,17,75,75,2464
E02004187,63,2143,5,10,61,98,2380
E02004188,336,795,1,6,509,94,1741
E02004189,1,3,25,1237,352,57,1675
E02004190,23,1,596,797,245,74,1736
E02004191,8,0,351,10,525,23,917
E02004192,9,0,343,5,218,25,600
E02004193,20,4,148,1829,580,104,2685
E02004194,12,3,444,213,431,40,1143
E02004195,4,1,247,16,71,22,361
E02004196,10,2,109,985,462,82,1650
E02004197,5,3,18,981,396,59,1462
E02004198,6,2,520,528,1017,68,2141
E02004199,7,1,209,98,176,130,621
E02004200,4,2,208,436,543,65,1258
E02004201,1218,2,51,0,190,51,1512
E02004202,1792,3,292,6,272,80,2445
E02004203,698,1,342,8,134,38,1221
E02004204,177,2,401,4,474,24,1082
E02004205,436,1,254,2,456,16,1165
E02004206,189,1,232,1,537,7,967
E02004207,48,0,307,9,295,2,661
E02004208,53,1,361,2,320,22,759
E02004209,23,0,411,0,438,12,884
E02004210,42,0,386,5,289,16,738
E02004211,25,1,266,0,233,8,533
E02004212,13,2,295,2,332,9,653
E02004213,21,1,284,5,303,7,621
E02004214,15,2,401,3,330,17,768
E02004215,22,0,384,3,336,10,755
E02004216,13,0,356,5,285,9,668
E02004217,29,0,326,19,280,17,671
E02004218,12,1,363,2,180,17,575
E02004219,13,0,286,1,212,13,525
E02004220,21,1422,4,4,607,65,2123
E02004221,37,1242,4,5,639,63,1990
E02004222,24,1502,5,2,1071,55,2659
E02004223,52,2684,8,14,1768,115,4641
E02004224,41,1134,1,10,514,100,1800
E02004225,31,1335,3,5,185,58,1617
E02004226,285,1311,11,9,175,60,1851
E02004227,121,1345,8,83,183,938,2678
E02004228,278,700,8,112,120,541,1759
E02004229,1473,192,16,25,464,138,2308
E02004230,1673,17,14,31,553,92,2380
E02004231,881,5,38,246,348,108,1626
E02004232,305,8,5,631,683,455,2087
E02004233,16,13,21,1859,2934,160,5003
E02004234,7,2,14,868,983,81,1955
E02004235,5,4,8,973,866,85,1941
E02006840,9,3,870,4,66,29,981
TOWN01,29,0,326,19,280,17,671
TOWN02,1833,3,3,6,662,556,3063
TOWN03,202,14102,34,55,468,408,15269
TOWN04,182,8276,24,35,4672,412,13601
TOWN05,36,2822,8,7,110,147,3130
TOWN06,4495,198,31,19,1260,236,6239
TOWN07,3313,24,23,14,2651,916,6941
TOWN08,11,1,448,27,197,57,741
TOWN09,944,2,595,6,1029,36,2612
TOWN10,38250,62,558,121,8395,1677,49063
TOWN11,9004,19,81,48,9445,523,19120
TOWN12,109,2323,12,10,291,96,2841
TOWN13,399,2045,16,195,303,1479,4437
TOWN14,3513,9,21,12,5664,542,9761
TOWN15,82,4138,14,23,2988,203,7448
TOWN16,46,13,391,5470,1919,336,8175
TOWN17,25,6,1049,1208,1958,268,4514
TOWN18,4,332,0,1,220,30,587
TOWN19,661,1,222,6,88,33,1011
TOWN20,593,9,3761,36,3386,139,7924
TOWN21,4478,544,63,278,1410,631,7404
TOWN22,3287,2,23,19,1688,167,5186
TOWN23,2262,5,13,5,930,156,3371
TOWN24,3161,5,17,12,1279,204,4678
TOWN25,173,2810,5,14,199,160,3361
TOWN26,89,20,55,4359,5490,510,10523
TOWN27,113,1,894,7,730,42,1787
TOWN28,4790,185,46,21,8120,662,13824
TOWN29,27,2,1330,430,942,88,2819
DIV1,3960,8,55,11,843,113,4990
DIV2,50,0,533,24,472,27,1106
DIV3,1586,3,3,6,479,426,2503
DIV4,76,5066,11,10,113,122,5398
DIV5,54,4091,11,12,111,109,4388
DIV6,10,6,46,2149,701,102,3014
DIV7,63,3211,12,8,2035,137,5466
DIV8,54,2109,2,18,1318,133,3634
DIV9,167,1,642,14,534,18,1376
DIV10,36,2822,8,7,110,147,3130
DIV11,2183,3,26,9,601,107,2929
DIV12,1359,3,444,7,456,72,2341
DIV13,125,2276,5,20,124,101,2651
DIV14,42,2755,9,17,825,141,3789
DIV15,3024,27,16,12,697,147,3923
DIV16,2326,177,23,11,1228,136,3901
DIV17,2107,13,13,9,1378,155,3675
DIV18,13,1,590,21,289,47,961
DIV19,625,2,486,3,993,23,2132
DIV20,2599,6,16,13,480,274,3388
DIV21,2407,4,307,6,375,105,3204
DIV22,2578,2,24,13,2352,134,5103
DIV23,5969,17,51,32,6849,353,13271
DIV24,4270,8,45,13,998,128,5462
DIV25,3183,7,19,13,4747,190,8159
DIV26,41,2800,5,10,187,104,3147
DIV27,2330,197,44,38,649,220,3478
DIV28,4131,4,31,7,1000,112,5285
DIV29,399,2045,16,195,303,1479,4437
DIV30,57,2703,10,14,2467,128,5379
DIV31,23,2,671,3,393,29,1121
DIV32,20,4,148,1829,580,104,2685
DIV33,13,3,729,626,1193,198,2762
DIV34,45,1,631,0,684,16,1377
DIV35,36,4,733,4,693,24,1494
DIV36,32,0,804,9,687,23,1555
DIV37,58,2664,8,9,1246,128,4113
DIV38,1978,25,19,662,1236,547,4467
DIV39,2530,1,16,15,1173,161,3896
DIV40,3785,3,42,21,783,119,4753
DIV41,19,4,477,1070,1072,130,2772
DIV42,2466,5,13,5,1269,170,3928
DIV43,2783,4,16,9,1112,171,4095
DIV44,23,2,628,1371,476,130,2630
DIV45,299,2111,5,12,492,142,3061
DIV46,3660,6,43,11,731,228,4679
DIV47,4159,12,33,14,798,256,5272
DIV48,16,13,21,1859,2934,160,5003
DIV49,95,1,747,7,609,38,1497
DIV50,1752,21,17,7,3588,208,5593
DIV51,1658,28,14,5,3086,259,5050
DIV52,316,2646,14,14,360,118,3468
DIV53,11,2,600,69,705,38,1425
DIV54,2925,4,35,11,661,120,3756
DIV55,1673,7,14,9,1697,551,3951
DIV56,1288,9,14,6,1519,855,3691
DIV57,4588,4,36,10,1271,126,6035
DIV58,36,6,32,2074,2012,192,4352
CHSCTAXE,7256,13,33,23,2871,916,11112
CHSCTBARNSTAPLE,168,11594,31,45,354,318,12510
CHSCTBIDEFORD,198,10222,26,39,4583,437,15505
CHSCTBRAUNTON,122,7292,22,31,3318,380,11165
CHSCTCREDITON,4638,90,35,22,1072,233,6090
CHSCTCULLOMPTON,4676,28,39,20,3241,997,9001
CHSCTDAWLISH,734,4,1383,10,1703,66,3900
CHSCTEXETERCHALL,17577,30,483,52,3915,610,22667
CHSCTEXETERSYCAMORE,20345,32,178,70,4437,1033,26095
CHSCTEXMOUTH,9004,19,81,48,9445,523,19120
CHSCTHONITON,6291,10,40,29,7198,695,14263
CHSCTIVYBRIDGE,58,13,853,4813,1777,329,7843
CHSCTKINGSBRIDGE,25,6,1049,1208,1958,268,4514
CHSCTNABBOT,188,6,2996,22,2605,100,5917
CHSCTOKE,4833,219,319,347,1526,423,7667
CHSCTSMOLTON,645,3237,11,20,351,200,4464
CHSCTTAVISTOCK,90,22,60,5320,5628,759,11879
CHSCTTEIGN,250,2,1369,70,1158,64,2913
CHSCTTIVERTON,4466,188,39,20,7942,647,13302
CHSCTTORRINGTON,526,4930,29,211,797,1640,8133
CHSCTTOTNES,21,2,987,43,895,93,2041
Eastern,,,,,,,
Northern,,,,,,,
Southern,,,,,,,
Western,,,,,,,
